TransactionID,TargetValue
1139307,59688.18393092158
1139419,75739.05093355282
1139482,29485.617674886944
1139522,19737.149573763687
1139684,14133.252714129423
1139773,30569.63774884381
1139779,21539.26503934546
1139793,39391.89908174676
1139814,72605.79105356905
1139839,13934.351845072475
1139874,27494.12223329492
1139879,27326.430021654025
1139887,76006.66534369267
1139928,26382.359468580704
1139984,22847.839865013008
1140043,42295.34666230249
1140103,19020.013823014622
1140145,24221.97377688297
1140152,19407.90606385422
1140227,57865.72431832591
1140238,30661.981667789278
1140278,37910.936810039886
1140400,23552.85023503418
1140405,14393.440451750304
1140465,59374.279331462225
1140510,18754.91356188171
1140564,40043.2445444477
1140572,34285.23544499456
1140580,17468.33005326256
1140597,42482.62233426508
1140626,22785.499152818596
1140675,52314.78259620893
1140683,35879.965736285834
1140702,32059.28957640732
1140814,29657.266002717253
1140908,72713.46618201195
1140964,16657.878908904997
1141030,18110.027882044258
1141082,88854.23487434124
1141177,13682.08802572163
1141229,20175.8709183246
1141237,24811.702092927688
1141246,116375.0342964596
1141265,23393.393909473583
1141269,36547.764896868815
1141358,83394.63454972125
1141462,21819.96112349306
1141502,36997.72737447924
1141541,26244.46255406108
1141542,14678.505817311037
1141570,34362.14980151153
1141577,16989.62358273908
1141582,79657.35157787381
1141691,67393.63352427793
1141738,31966.195113489764
1141739,28902.188746896536
1141801,68807.45950797925
1141820,22421.79088612723
1141845,35783.63319316992
1141867,25100.88894675663
1141877,10724.242922364467
1142052,20239.207468641558
1142227,16455.649153219205
1142242,21126.844790146228
1142254,63020.55093820819
1142292,43887.46075869386
1142301,21111.525354364872
1142305,11617.713599462639
1142314,33402.099772901034
1142337,13620.460031988985
1142354,44573.63576396235
1142370,42022.7427313437
1142408,51423.790719377146
1142429,43017.33564552985
1142437,71337.16631347359
1142484,43587.95326224851
1142526,19576.00990322165
1142893,55171.3398641167
1142908,37349.572123399485
1142990,18259.204922029276
1143053,23037.362754129816
1143058,14500.449768548215
1143084,35909.3365433255
1143089,67094.89495682681
1143117,17291.483945889133
1143196,73488.01410633056
1143323,125555.3245656964
1143363,38797.0827836533
1143420,36700.249351985934
1143434,125877.20848828253
1143444,34692.551875027704
1143478,37407.27747948955
1143590,19204.144270804347
1143704,34096.393491671144
1143719,26029.62942133093
1143729,18605.812116214416
1143731,47485.735690470574
1143751,24317.000902866264
1143784,26763.108710085933
1143867,11770.573887120221
1143887,22733.20965248437
1143891,61332.32899940947
1144003,39016.97915582529
1144083,16030.739681643063
1144105,28816.934811817457
1144110,81847.66700952093
1144114,30258.724927701915
1144133,33376.951113569485
1144176,18362.993060610865
1144181,11348.367497392459
1144227,19589.319478321755
1144265,40011.61714355781
1144269,18320.194374562092
1144305,25954.857955095926
1144365,23429.66886446124
1144366,15614.01252877479
1144427,50476.671276881185
1144494,20443.8668963056
1144518,45466.53179923636
1144551,47055.496617288205
1144584,76430.39129398215
1144642,88842.29316216675
1144666,30804.51503737791
1144787,14134.693436374255
1144798,12532.888477845594
1144868,20923.297377522358
1144896,56868.984708571246
1145021,18657.85348206395
1145126,91508.17431314665
1145163,47520.548875487046
1145189,63164.091914826095
1145227,20820.756064735593
1145282,51837.92303006656
1145381,17085.516226004624
1145386,17212.65661029719
1145436,49354.01632368997
1145527,16718.132561755203
1145530,39338.76987947819
1145615,58910.98488481138
1145638,20173.782773143368
1145682,22876.767324077005
1145736,70822.95215180899
1145763,52211.43581594772
1145792,38680.99996645528
1145881,29807.367571159073
1145952,31512.917873179977
1146003,18765.842620789273
1146031,24160.678594588448
1146039,23832.859265198145
1146138,14082.863965557606
1146171,35846.519611137555
1146315,90847.111293423
1146383,64300.33035390716
1146411,83608.5754592203
1146436,23237.87330963596
1146524,80924.50650234267
1146530,29967.223772941787
1146533,16433.56097857821
1146586,65956.16117552508
1146591,26580.75438568729
1146637,13002.02695242927
1146656,20921.150462927402
1146697,83966.57818265368
1146751,78421.66489534239
1146764,55450.68820472113
1146797,26776.10972968002
1146843,22476.65287620265
1146882,31078.78577437635
1146955,13764.599485964623
1147006,25722.601671736626
1147155,8988.127865446982
1147168,17290.258443568728
1147235,10438.34539145545
1147308,59027.927381626454
1147421,36353.22956534611
1147525,18331.611629223164
1147543,32572.522905319332
1147550,47364.12402548729
1147561,29404.017074634532
1147586,38077.97372774308
1147650,37867.57044672074
1147694,16005.043464179467
1147703,33527.072835276624
1147726,27117.9303804731
1147763,13164.35293913179
1147775,41581.97028234877
1147786,26178.085390996428
1147841,20902.799933997037
1147877,14455.85781920621
1147923,27576.057699915284
1147951,20763.19327203525
1147979,18810.90829503797
1148014,91751.00432697234
1148031,86803.18328057934
1148087,49825.440963691144
1148094,55877.49963545068
1148115,26330.459031910184
1148363,40019.90540448989
1148371,45105.22065711124
1148379,68280.58237330023
1148418,33311.41670275914
1148442,14404.844252570952
1148461,31736.174443255408
1148499,25835.28871993423
1148521,83458.71358981977
1148612,37668.6277206092
1148637,15451.727629940364
1148647,35708.22471503728
1148705,44427.813513332505
1148776,19326.562746167103
1148795,28247.231712804918
1148854,51424.27440250208
1148894,32119.07068018867
1148908,23730.839218744222
1148958,11494.224316228769
1149002,17382.981571734705
1149080,22436.574123614297
1149081,24876.27466329112
1149132,46539.7390114942
1149142,17949.179778005295
1149149,29717.384676493904
1149173,50087.12187754071
1149186,25715.163218190242
1149189,24130.703298047763
1149201,59258.6602150351
1149231,28685.734135124803
1149253,56245.91516885255
1149304,38676.28636565228
1149313,12885.275199814907
1149317,67340.36371363002
1149341,16890.596924711146
1149391,11503.310368910123
1149408,62295.630451724166
1149502,31666.70213484649
1149516,75980.84078213196
1149559,62537.608471697095
1149633,81566.9566861325
1149663,13127.752132853575
1149688,89479.28929040256
1149776,36208.35136576823
1149902,72186.19740562911
1149973,15796.99108837143
1150027,71275.22827739222
1150061,43643.90297435466
1150123,78044.74532577084
1150141,19471.406028849386
1150145,54124.229259760934
1150244,22854.25063531917
1150368,41571.3796608555
1150424,64269.890258975734
1150463,28175.8240192898
1150488,31244.93562335239
1150506,42575.38067110545
1150571,9364.366122074798
1150594,28525.715265456995
1150687,16233.254271614225
1150760,16894.15934236293
1150768,11552.605271826955
1150772,23336.384627571995
1150925,45463.34560942438
1150953,33014.21266283537
1150960,14461.36422007909
1150997,52476.59404623432
1151044,81991.82363064651
1151050,70590.22103020157
1151094,56994.355699347
1151116,63981.60016779083
1151168,33881.50572508269
1151172,73039.83829575464
1151183,22156.650666459813
1151211,10863.969370978393
1151414,43947.62729535913
1151435,51736.35393342252
1151450,33317.85075446721
1151537,17350.13830549241
1151572,30658.941484094634
1151727,34688.479936671756
1151854,25964.2413985727
1152100,53742.68646673805
1152162,23918.331464805287
1152262,19033.629989677484
1152339,50800.445102606805
1152379,59213.34158805621
1152398,11536.15422923301
1152431,29576.720246830304
1152439,15775.397412176479
1152441,14561.610279131222
1152566,18293.674500627993
1152619,19927.613169840763
1152651,27830.30283298228
1152673,59232.05917179122
1152755,77968.25731066756
1152762,22832.634762984424
1152831,49166.887713469776
1152837,29728.892179364648
1152843,110414.71017056455
1153065,12797.51358908949
1153074,32516.041126040815
1153097,30449.906002546773
1153162,39027.60244569178
1153172,29908.982151190616
1153193,35587.557363526445
1153237,116706.86362660342
1153354,51636.75303171131
1153361,10716.196532946975
1153375,61298.76400811526
1153631,14267.896594169313
1153635,23957.139080259505
1153734,30918.067458374913
1153777,36342.522173011945
1153778,24765.99410135054
1153850,25402.33558809099
1154008,42808.3668414609
1154029,38211.99080703981
1154071,43564.379478481824
1154160,53619.64448265982
1154237,21470.562185768104
1154249,35372.54462284413
1154404,65981.69358050001
1154419,13295.873193669171
1154446,51644.87486395012
1154486,87632.45876716236
1154487,11514.541145127692
1154513,50606.26010316796
1154537,32473.480715683174
1154605,72366.76182338521
1154606,65807.2678132205
1154619,11709.105683560869
1154647,51751.7314542162
1154796,22893.14069612078
1154797,20858.952710991154
1154830,26930.132071322856
1154850,57951.35622063987
1154888,54275.68611661055
1154924,13405.026622348636
1155033,20523.78106210826
1155104,8390.827178118352
1155134,24884.453878818076
1155155,39633.88722507351
1155207,29844.016405717168
1155366,54434.461748156435
1155398,41854.68425139427
1155407,8993.153087284245
1155423,72033.50826615846
1155457,9560.322398730083
1155476,11924.70112569769
1155478,18021.103154492623
1155614,21002.624518949167
1155663,18685.24521280126
1155686,21091.37652975332
1155758,87450.57325799584
1155859,17629.062548195507
1155871,45789.95390690447
1156036,12430.019103143282
1156112,17665.05427823967
1156304,22687.38315490339
1156341,47876.39461194514
1156348,9692.395196535672
1156384,34339.29678024139
1156697,31812.23309539537
1156728,34698.70655413011
1156753,23936.08730564508
1156789,28214.752060454735
1156813,89965.2435765908
1156887,35753.57863517018
1156951,17831.934846483335
1157031,31061.912474144247
1157057,77932.99179432102
1157082,15667.271407997207
1157118,20052.42821607706
1157134,64472.284769913575
1157165,61238.63990837948
1157185,43801.44138433935
1157193,37288.63672178503
1157208,44897.35339662721
1157344,27931.557506192537
1157621,67491.1188244301
1157625,29188.570853301404
1157684,35932.417056025624
1157703,11998.611194479583
1157788,76340.26390160756
1157807,28465.080039628174
1157893,58311.70134342012
1157908,17562.410695051498
1157948,14565.077890251092
1157969,32872.428752362284
1158007,29087.562735669773
1158030,16319.00488261807
1158103,61625.86517199728
1158166,39230.271600251544
1158177,9746.78810626946
1158221,54373.794597951935
1158267,30320.209086461982
1158304,54035.54215485052
1158375,14582.902847331656
1158406,78617.71097905931
1158434,13928.857081909362
1158474,32319.654564935867
1158520,31522.472519438983
1158563,30442.46863762797
1158577,23181.674371392517
1158578,15286.979566417464
1158623,24309.508290732814
1158700,21691.346073883597
1158702,34331.88460886829
1158711,49783.34887059963
1158722,21930.515895341636
1158773,43911.40640177996
1158880,40541.93347601299
1158884,16707.873365945048
1158914,45112.60631148616
1158915,10422.716344871988
1158927,62745.51295408803
1158931,23264.235888904666
1159062,40355.13433914742
1159089,14952.579742786862
1159101,16533.692654147926
1159118,37848.589396471434
1159134,48135.800010701125
1159146,42132.73888361023
1159181,20238.993449777005
1159189,34509.78819170835
1159195,54119.42469962946
1159254,50781.20660645701
1159341,83158.73944249714
1159420,70336.5459172281
1159433,21124.61147541937
1159473,75167.54470076194
1159693,31169.95029127264
1159723,30684.043291900492
1159729,17784.497669786302
1160077,19065.447018574843
1160089,12726.257081240916
1160111,18207.13181875581
1160178,36368.3472108236
1160289,33178.21793097715
1160312,20235.462152627944
1160458,15355.938125204611
1160564,27042.196141924425
1160622,63860.36705528504
1160627,29258.72943252507
1160700,14923.917700701288
1160705,24061.094103438092
1160736,18435.46208918281
1160883,17841.77074644313
1160907,18090.1843957943
1160964,32366.016728096034
1161064,45504.768746232156
1161163,72641.01688674769
1161189,22946.607129543754
1161239,25161.81021088879
1161264,42708.9405725627
1161274,28854.263008763264
1161280,41672.160720560176
1161404,24406.067446957142
1161468,30836.774846328524
1161471,14428.03265285676
1161486,55193.681594288646
1161516,28408.124205995573
1161550,57859.100709206155
1161561,19196.157184739055
1161718,24130.729247317584
1161726,32530.667115848508
1161739,52224.399152602244
1161744,61218.96482161413
1161981,32275.18006270359
1162002,26562.46589815237
1162115,20499.629791785646
1162125,13728.896063441129
1162152,44020.9077937787
1162220,17573.695187322246
1162250,23016.11452930919
1162276,51983.681593416906
1162418,93374.76300732585
1162427,27214.400528029953
1162611,39451.2057476116
1162658,65510.75383468931
1162689,13980.02924346019
1162769,22237.090690770416
1162929,44273.8293008635
1162952,89409.05049038859
1162965,18721.70050105003
1162972,42615.16433696771
1162991,41019.46016317542
1162998,15866.983689779481
1163038,42764.72952530949
1163074,44933.49618405078
1163084,69740.749231246
1163098,32414.461661317728
1163123,90405.1773814291
1163174,22455.235371280516
1163218,17855.03247389006
1163303,28675.700285280225
1163318,43145.95081138991
1163375,30261.20322661091
1163378,35539.95336528764
1163457,27129.630515720903
1163470,9535.059539124226
1163481,24263.721493944136
1163502,23674.749470347284
1163697,26583.148669171766
1163700,35444.888537879546
1163740,40802.808750900396
1163774,28170.688945104856
1163811,56654.806177982486
1163813,36984.2906926672
1163864,72255.64996722252
1163905,13258.47274784388
1163918,13474.20771200424
1164006,61040.648902076166
1164088,78356.72167988103
1164162,19805.31476772696
1164201,42083.886136290144
1164260,50651.83706759514
1164296,56067.41413672219
1164306,84186.8840094649
1164397,19692.10775019266
1164515,30733.97145356289
1164520,18058.125263571234
1164675,19496.91532117796
1164687,81355.29336271716
1164725,22785.092109489953
1164844,79591.76746827124
1164999,19280.155984215893
1165092,35462.4109017058
1165145,26151.78989950819
1165227,43286.87732450344
1165305,9856.249678143737
1165382,37350.64674323172
1165461,41785.95340126097
1165546,49374.959911972
1165585,13945.196528675644
1165586,29272.37540805123
1165607,28906.54610226418
1165656,25856.34792639026
1165725,70126.22662690497
1165728,53845.0650386957
1165771,96899.04937734586
1165788,24920.783885701167
1165819,86985.95118531036
1165890,21808.81670916856
1166010,44077.170289755486
1166011,24690.440071258694
1166126,46708.221920860655
1166138,48194.91758989114
1166141,59248.59337172064
1166162,44229.54612734114
1166263,28903.22149078435
1166314,60582.27150696168
1166478,64494.594548765504
1166538,49293.6122204472
1166576,33118.27158950291
1166585,17068.98726512342
1166621,65442.77072058143
1166728,13772.752172652758
1166739,67068.64696616746
1166802,45325.02803945161
1166822,23287.79386779064
1166829,17237.68876582754
1166851,15952.840914366461
1166939,14356.482548674672
1167140,49435.13855909182
1167156,28957.15146511086
1167176,29888.17519621035
1167178,46064.008382661574
1167204,15455.827829675864
1167266,37525.235861977446
1167271,35983.4406813348
1167287,48172.411412725196
1167355,13625.864138306033
1167503,97135.79563328794
1167526,22819.8473196711
1167615,27139.696974824925
1167636,16122.088227501341
1167715,18819.89819011751
1167723,10470.427114133223
1167770,27207.301071561018
1167803,29394.228800420507
1167816,10633.085503227852
1167825,48080.40271093374
1167839,77080.59003119112
1167863,68668.82956628014
1167897,15739.394958887495
1167923,34353.359601748656
1167937,26660.833246886035
1167942,9361.472803052042
1168117,30342.813247051545
1168121,69053.30936156215
1168199,28579.67017691475
1168214,58245.19360327049
1168230,50838.8431166683
1168242,47120.4240711184
1168353,46002.84093176745
1168359,29317.082974820933
1168391,51618.50258902355
1168401,62244.25092386903
1168438,64223.722487236955
1168440,34234.4648741403
1168483,13788.539202357748
1168516,15008.99437855948
1168559,37468.069407974406
1168587,56647.91627944228
1168649,14038.86949851961
1168766,73184.35585137884
1168812,44866.7113316569
1168823,53839.10909260975
1168899,21680.7232550325
1168932,48965.35661094926
1168947,14330.158273160543
1168969,57114.685868201326
1168977,72862.475812912
1169007,58577.009305514955
1169029,24608.114746568295
1169153,31897.14223891908
1169202,11984.257541507895
1169228,34594.63297510856
1169273,73161.9676303522
1169289,61557.46716185838
1169326,18745.72393520686
1169344,59349.12888013215
1169478,24894.13873254376
1169482,71642.92293323766
1169510,65935.54899821045
1169712,29906.19116703524
1169721,49840.85880342676
1169738,67583.81952661728
1169851,131983.69901942345
1169964,17134.036507835204
1170038,22816.538698758246
1170081,23720.82217378261
1170177,50396.76879493953
1170293,29366.224406155517
1170331,33996.81905170258
1170348,47118.177515644566
1170435,43575.45937334595
1170677,39719.90506332443
1170777,19301.051379818186
1170814,15251.161066606872
1170815,22716.929507961428
1170838,28178.56822066063
1170892,23625.83660487399
1170981,83217.21567292238
1170990,39516.677777515484
1171021,13214.019890871945
1171102,29513.19988306419
1171104,14622.865896302748
1171107,17040.790510761228
1171220,30705.089727188097
1171274,16869.28272301126
1171390,45599.809789060266
1171443,11653.73641995172
1171588,52187.34233696664
1171758,34504.89715135227
1171803,9613.67636030334
1171823,29672.389429422656
1171868,52842.852873495525
1171887,15551.527677636455
1171889,29295.882640218962
1172102,19854.065829056963
1172108,22945.421496006635
1172134,38445.524770564654
1172148,117412.23566185898
1172358,27638.90718843435
1172433,13454.99573656889
1172474,15780.462293513408
1172571,51713.490675924
1172586,8915.597081009653
1172605,59193.2769064049
1172654,30580.50789206358
1172716,16168.459497623555
1172727,52942.30454180653
1172787,39337.6495146803
1172900,35581.843070925126
1172964,25321.171550634077
1172982,23977.523184588626
1173189,63581.36459711742
1173346,87040.57762710584
1173453,38542.821900594936
1173462,41484.21688407562
1173589,31593.411063453197
1173599,32261.389796894255
1173627,33919.59759511868
1173634,31482.52043362512
1173672,53941.21822856023
1173704,19681.50957613268
1173758,44417.53131788986
1173765,28787.41806070133
1173791,52127.715282392106
1173792,50325.534197137225
1173794,56995.06996228254
1173798,42210.69790516435
1173803,106408.71399577921
1173824,53585.17022498605
1173878,64541.88053714188
1173895,33938.13660083623
1173946,28353.414073790038
1173948,45498.28084173071
1173949,28978.64740921804
1173989,128286.84049079065
1174017,41421.03629681436
1174108,9955.510970228956
1174114,28735.54357333831
1174185,34863.620654015904
1174207,58059.2559701823
1174226,60655.98347827577
1174264,53643.1418099745
1174267,51785.91215974742
1174278,19079.49667159438
1174284,32750.883190866796
1174309,31743.301447591082
1174318,27266.027274034735
1174382,53790.48232920617
1174386,39965.1061998743
1174392,111693.89925480404
1174415,22758.376802000377
1174489,79383.6945008663
1174592,56197.65150373613
1174600,9448.755148077118
1174616,77596.44769285919
1174639,47650.439685134465
1174694,27331.19467041403
1174705,61042.465642982126
1174747,12600.980500611748
1174792,29489.7928405426
1174830,21813.83981308403
1174871,50895.770182701584
1174874,29682.55651603597
1174928,10530.039383673886
1174941,39546.46758067401
1174959,23799.83503507806
1174961,15843.324902549088
1174976,20473.080833307155
1174978,28455.700721655456
1174986,27941.38726405234
1174999,24551.46724341543
1175061,28302.108830840025
1175069,23111.439413768374
1175074,11798.86023745571
1175233,15819.725972003713
1175236,14839.81010842073
1175281,13209.661999901125
1175335,18354.827112055926
1175339,37289.8299870798
1175430,33663.184755858456
1175436,28617.083138299193
1175438,40362.90781417996
1175588,132764.80632242336
1175623,79232.56983354651
1175682,29391.368994494325
1175723,48893.02325212094
1175725,25587.989267762052
1175729,29514.575089825725
1175736,43536.45641360405
1175739,73844.1611737471
1175761,14125.95909499736
1175799,21590.04956258071
1175827,32752.762508814878
1175830,20446.28620061933
1175873,35331.24234686544
1175886,32521.376676883112
1175889,66628.27859537896
1175917,41638.39511781966
1176028,17034.619642838203
1176104,20022.8952501305
1176131,20415.417865250944
1176132,20407.549715279165
1176134,36090.56463280939
1176135,36411.1377806709
1176150,67849.62054912509
1176159,51918.55794422009
1176194,25081.143112637867
1176218,58455.22306423222
1176241,27516.646727255007
1176253,59126.80865397237
1176296,33211.01764641294
1176301,42138.099478200216
1176366,15271.213233838651
1176373,65462.608157788374
1176615,35070.10562254653
1176644,24989.73622378941
1176657,50311.20583748271
1176660,73247.8187878372
1176665,45273.571485758046
1176717,19405.787045355006
1176797,48622.08976001931
1176875,34821.15595526439
1176913,67079.01163123439
1176920,28341.67232399077
1176927,12931.54202111924
1176961,42437.47464768653
1176967,19209.5893761882
1176977,76857.6644532428
1176986,99884.69552618873
1177054,33504.95662243979
1177153,25816.12693547184
1177197,44546.92182553864
1177267,19207.13066015028
1177330,34521.22468205106
1177335,34562.151388291604
1177402,39883.65228912955
1177415,32916.27568408606
1177426,54375.05199606958
1177448,47664.20193065408
1177607,37699.80112575099
1177608,36040.95835058799
1177621,32675.45942660844
1177623,29411.65809617851
1177723,9908.36722919986
1177816,26541.673389683212
1177829,78978.92373768525
1177884,10694.66742642424
1178012,48268.03555266907
1178063,78820.25281338036
1178064,73235.64805323277
1178069,17861.631572591825
1178124,28164.371540953503
1178143,24659.481119891334
1178170,82968.2228836397
1178189,93138.14712754339
1178356,66804.30289593199
1178383,18498.17456699651
1178491,10637.769056535031
1178715,43698.13627943763
1178858,40145.37284787393
1178916,86972.68136468643
1178994,17044.631730766974
1179009,20449.858703601887
1179085,13164.143898893126
1179086,12985.871596113231
1179097,13699.481403537875
1179114,28520.610370241193
1179115,26127.541263902083
1179117,72616.3823435941
1179156,48361.42700348063
1179158,37985.00251445604
1179166,22104.143931878403
1179200,91321.89293391658
1179337,24438.4974669933
1179443,27819.382572498656
1179451,48311.977607164015
1179528,70319.31411857919
1179529,46276.899211029726
1179545,50223.31798352352
1179565,23981.787194301232
1179618,22850.311303631013
1179654,52028.68602725621
1179682,12165.513483549848
1179732,40404.951001822905
1179779,24298.186324168288
1179809,20269.6924175177
1179820,68884.02977183645
1179865,13829.11232882992
1179945,63818.16836659221
1179953,10029.135217348598
1179960,64243.47223943644
1179969,68940.5041388698
1179981,50809.52704506507
1180005,26799.9641856215
1180006,44105.620325014235
1180075,63042.942008765844
1180142,71994.25464463102
1180148,91733.2655615164
1180352,67731.12686613134
1180489,23090.691860291285
1180499,27447.617581605184
1180540,30476.107676887776
1180629,46226.77688766811
1180685,23297.65634237435
1180819,55846.61652926078
1180857,30152.59953339276
1180867,37237.49078922666
1180927,33504.26157753402
1181065,17673.1792248097
1181076,28876.964534491097
1181086,18156.01352641809
1181163,14914.998111071347
1181170,41875.4866427487
1181295,11209.029191270181
1181328,10374.351891035012
1181362,22794.364869184796
1181390,36597.670940097436
1181419,38322.800297785405
1181734,36906.03446171223
1181749,81011.58082366051
1181779,32270.54709228245
1181805,30863.916610711352
1181823,19685.451058840554
1181858,24490.936336688283
1181907,75963.20291758976
1181973,10840.187024135934
1182088,80402.6137773473
1182092,22936.57138723182
1182096,77200.34339259825
1182123,37964.72112158906
1182185,31099.63794249432
1182347,39285.587002636625
1182349,34866.72440318952
1182482,82517.99243294388
1182500,14312.991548941452
1182514,26559.255198426705
1182518,71452.82639736585
1182620,38836.329828804264
1182621,36983.79202606818
1182672,67728.45887814571
1182674,14253.948134383869
1182714,20492.492143165447
1182800,12733.210093412199
1182831,79679.35484021863
1182899,19741.490182976973
1183057,25273.59563581261
1183074,77209.02322670938
1183095,51822.09096905292
1183124,54504.925156295234
1183150,34324.0116343742
1183172,43254.88797035488
1183177,16230.172237420376
1183248,42278.17238381485
1183256,40633.08974437304
1183333,81032.03877853871
1183344,53042.41519026839
1183348,66309.56175879878
1183386,67036.86353311066
1183435,90353.54647502833
1183438,17193.814313772604
1183447,43068.64187391834
1183650,71839.13672925429
1183654,33573.943413409695
1183656,18007.316321166232
1183679,11540.871355189638
1183766,20746.931098596004
1183779,21708.08321293967
1183810,10867.826292205205
1183857,18967.740563299376
1183884,69822.81813334333
1183888,56088.63778767106
1183940,57242.78550105225
1183950,40277.74367000307
1183953,40014.33759263564
1184040,8456.519409631537
1184060,17617.480344203806
1184100,28495.780579753628
1184110,21191.70958278305
1184113,43678.08895235162
1184136,25242.582474183244
1184166,120352.869816331
1184230,19365.463176271944
1184515,39162.20650330222
1184536,37219.85016448449
1184604,16929.219247609748
1184608,8994.854139954841
1184616,71842.33368641355
1184637,39555.06565139736
1184638,36338.39770700821
1184640,19765.02380373245
1184666,26147.268350662365
1184686,29428.94429110248
1184694,33343.589580576714
1184696,13477.116576218044
1184713,50343.41016173659
1184714,82607.25282291324
1184717,9482.023468907873
1184729,31118.8079246462
1184735,51564.785088186654
1184740,74229.7973026381
1184750,48239.98563543364
1184752,33034.991894410865
1184775,55611.81514821723
1184866,16822.379709048324
1184879,13902.975777610814
1184885,38411.03612595666
1184931,11099.248095440222
1184972,18413.072624045933
1184990,28821.015140211104
1184994,25092.518026749884
1185051,66078.29080639576
1185290,37940.17747462625
1185307,11815.941308568546
1185351,34070.68360339995
1185399,27270.33812574777
1185405,26358.73427517537
1185415,35567.13487552123
1185497,17041.38547140918
1185503,24754.083520214463
1185568,59164.85961656738
1185598,12164.83761130417
1185618,66004.96859287955
1185633,42203.04683006869
1185665,28172.642085387524
1185717,18956.22007607938
1185845,68452.60573554947
1185856,28390.399697256293
1185953,48208.237423055216
1185959,17698.313649671465
1186185,104117.90905804088
1186191,42761.611002542006
1186291,31365.11935929903
1186306,31500.314114027726
1186318,10612.387308018217
1186321,71561.62772384702
1186342,54763.75159307771
1186430,52530.9641183576
1186442,44095.37607900762
1186483,17964.726657127256
1186499,13819.14314119748
1186516,58031.49873306039
1186543,59405.26895228043
1186629,48153.60622463539
1186700,37138.30699507572
1186771,74902.20573436467
1186783,40080.47291289804
1186827,63006.595101973304
1186866,77894.87199268278
1186882,109921.1651542981
1186908,90325.2025418353
1186967,96653.76611718134
1187114,49542.31880425787
1187129,79806.98266720166
1187134,35222.198719500884
1187156,95369.02321780821
1187169,83189.12614834028
1187186,49129.2090850598
1187209,15575.26981066936
1187238,70865.48696042385
1187253,74104.94095627769
1187331,29336.393861067318
1187407,37265.1760886519
1187411,16934.360477091835
1187415,26996.799544138205
1187511,48812.245256668844
1187612,67087.70415080067
1187619,45489.451569699064
1187620,93466.83119958497
1187621,130011.78910517812
1187622,71073.40375565694
1187639,40127.63240034181
1187643,73044.31921713312
1187742,24447.032935149797
1187819,20936.237286193926
1187904,57785.070050318944
1187962,56515.304711233504
1187985,52740.805915941484
1188055,13032.740062982797
1188061,8613.463984375037
1188075,10790.210526038676
1188076,12054.657296742906
1188077,11870.833363608856
1188185,20426.0629545738
1188264,28818.56862706778
1188302,18110.376668558845
1188323,46798.7215390691
1188331,54065.31477177372
1188536,9877.723160394276
1188631,55599.824189688174
1188640,61842.94507422025
1188646,61115.259847084046
1188716,17134.81780594697
1188742,50970.32061141112
1188777,18755.48162253999
1188936,35156.68055860374
1189022,30418.667783700646
1189058,36021.254591473065
1189127,26179.2105532603
1189211,12647.668916805333
1189275,37664.85174773634
1189292,30867.8751386249
1189488,34646.63947473231
1189505,47530.28577525091
1189535,37160.599791160435
1189578,33497.48268509216
1189617,44957.568982238896
1189632,33802.942715934165
1189714,59813.31359123936
1189720,101041.69558803816
1189758,10034.357814527122
1189760,44593.617739382404
1189787,66496.40207548416
1189799,19180.20137733157
1189806,34449.68933517389
1189885,46991.10737301079
1189992,48399.8481482842
1190188,51517.029844499884
1190279,40557.36213061389
1190386,83924.28910160148
1190451,56792.29688843269
1190498,19170.352011804378
1190567,80988.04565596124
1190588,35020.81807980087
1190687,17409.077090092953
1190709,48481.884279435246
1190822,10250.83537207067
1190844,27754.129820273272
1190892,67983.39829869385
1190955,12109.72460902035
1191181,14532.051222192738
1191319,80299.2529679047
1191322,53828.775739623365
1191342,45804.38367865466
1191366,38115.04102176646
1191453,48062.011476846375
1191577,33034.46476650793
1192000,35274.66272587118
1192064,15994.371401364026
1192076,26472.880106468743
1192096,82525.12448491466
1192104,82622.97809985637
1192131,34800.000310698226
1192142,14646.470773289922
1192144,31775.22613757239
1192161,31702.325964672138
1192204,67667.64691756829
1192750,43938.47126167543
1192815,23824.564448552963
1192837,28536.45273471338
1193079,18085.46674953758
1193145,35872.65853345834
1193410,54290.018900962044
1193503,16116.0949622949
1193559,50367.07487294215
1193569,12276.362094347478
1193588,65904.31103515801
1193596,8679.521347170803
1193790,9039.290093986092
1193791,9715.123090040965
1193860,27484.51401855407
1193880,85272.99487616782
1193943,20604.018467195692
1193965,44818.80182514983
1193982,72125.1635310414
1193992,15273.930875486467
1193995,70012.79706456355
1194024,21540.854586564205
1194050,65811.81884521342
1194134,71247.32660636553
1194225,39729.98213715098
1194290,47513.94123325974
1194329,48100.5436243707
1194509,51121.65609924563
1194542,45715.50222268382
1194586,29808.4006824008
1194607,31468.00336159211
1194615,42513.29437913628
1194617,74272.89629195016
1194619,35111.47795504275
1194623,16168.338005894757
1194687,13099.86579859355
1194795,16596.28136349682
1194960,17198.448998852207
1194995,53833.56136583476
1195007,79760.8125716306
1195031,37798.45118314821
1195072,11772.67536593767
1195101,16219.215765469857
1195144,16549.77408980269
1195233,23374.09815092683
1195238,34250.61203442848
1195406,39518.435761786364
1195484,18914.12541558741
1195494,27224.7128251468
1195502,37701.97740703146
1195522,88454.0331931488
1195526,26104.22173843362
1195540,21463.875866128314
1195598,30159.61873481225
1195599,14360.624263139725
1195781,33525.71860105115
1195787,11825.63839820541
1195798,63675.65380634239
1195803,48636.96538281871
1195805,30640.84327157907
1195860,39269.9344609468
1196126,72278.49225892127
1196152,56921.84626555828
1196164,23470.330952710265
1196405,20064.100620537276
1196428,14071.182022152167
1196453,34171.738258508194
1196782,78054.9221414408
1196973,26718.87643273142
1197006,74572.50528732123
1197007,74364.22843830852
1197036,27295.75922133193
1197039,14235.89297561218
1197106,32696.352970829717
1197241,13861.997076666408
1197285,62654.807941103136
1197357,25115.94620685394
1197438,25185.558023830326
1197471,32843.21069883821
1197477,53546.963857872826
1197488,20794.131409613616
1197497,24438.642346305714
1197582,26741.37927199544
1197583,17670.29068776298
1197592,39148.55576366236
1197640,69929.8297851834
1197643,26651.184619106913
1197686,29871.273584682054
1197715,18054.067002196552
1197717,42042.341697993885
1198003,39449.194005294776
1198087,14030.211246144063
1198100,28841.51197870179
1198128,26605.238681182895
1198160,19255.571080120204
1198170,55468.62038823156
1198314,26413.191313002782
1198329,45654.301112962334
1198348,69604.0158390751
1198537,130181.41284829435
1198639,66728.79450183266
1198870,62694.0434199863
1198873,64600.24406848635
1198884,37246.529370850774
1198892,42129.99727306981
1198911,16826.889725751465
1199036,95601.52657366738
1199074,31911.38716964366
1199124,27073.320976498006
1199240,12952.402616510703
1199276,37306.044914662074
1199351,29567.83756444187
1199392,53834.91308785766
1199495,28259.837991823915
1199534,16457.45639807434
1199541,75465.17745948341
1199553,13379.71244649072
1199564,15887.144106462058
1199589,26846.128095445776
1199595,22780.655741428913
1199618,26749.210203287934
1199708,18364.15396978869
1199781,53868.97787668285
1199848,20553.679245141266
1199855,89658.2005915767
1199875,26925.298659400225
1199894,50427.16816438872
1199947,16323.973728938525
1200039,23667.319491602342
1200047,37019.728934740466
1200180,21461.33282479543
1200295,15640.562988419739
1200532,19428.438287906425
1200571,87758.5128560135
1200576,30363.334848887673
1200622,23213.391084404822
1200623,13395.379338331086
1200711,75978.36660206298
1200725,30926.389736912428
1200744,22177.669728908266
1200746,25185.76677455406
1200753,62488.08982893867
1200756,28220.144669057234
1200833,20153.47192423915
1200871,9134.28128867498
1200893,27674.310604248603
1200932,51610.453518802344
1201037,66258.2128906069
1201044,44267.42711147516
1201053,31951.000134134316
1201088,28850.619636027513
1201151,34130.33558781191
1201209,38469.91688719058
1201405,40932.38221023059
1201428,50107.424155952685
1201477,59750.654228677915
1201525,25260.871397267914
1201582,57763.521408134045
1201614,12819.597494048106
1201705,25456.67363984664
1201708,35554.60025432197
1201836,67673.00914058273
1201842,17860.80778185988
1202020,8574.55997267273
1202233,35701.66865311512
1202273,44840.19295162889
1202382,30377.9462912429
1202402,12687.739747158948
1202419,35647.608200657996
1202435,41576.9579622848
1202513,70022.56914745283
1202607,36879.50709575087
1202657,37705.20074265587
1202689,53865.8164357733
1202724,16865.631131152633
1202742,19494.26992864734
1202797,30141.28723586841
1202857,14836.271543576004
1202891,81985.67187787445
1202913,88724.16074386261
1202925,84255.17378051704
1202958,22414.04123191496
1202991,17037.576892409354
1203030,15119.456935578313
1203095,30317.9532016341
1203098,35266.03043498809
1203105,107314.68413122445
1203130,22700.824450117427
1203144,51705.3942452238
1203222,20375.954658922477
1203258,22139.957542766217
1203259,22153.852892130937
1203260,22404.65520863888
1203330,52460.971296615164
1203435,21350.609404617608
1203518,50793.04256996849
1203596,26563.062028964498
1203678,49378.69529242699
1203679,39052.605568509854
1203688,15205.374279429905
1203718,34857.760347232484
1203895,42518.23538946113
1203906,12826.312296307327
1203939,57768.66283712014
1203965,17684.125148546016
1203999,25687.13432307965
1204038,24131.39401232244
1204124,36672.11094402557
1204152,29924.865527952592
1204209,20415.667208433908
1204231,59869.29106400945
1204232,78066.07411747266
1204341,16800.963173985736
1204360,33427.93240526943
1204430,33075.8961941266
1204557,28636.201933677978
1204586,38279.58378672888
1204590,62183.68546539288
1204617,12932.93572348294
1204649,13151.537972540782
1204686,27413.36354090491
1204699,28600.367656792176
1204862,11288.49468781608
1204922,32602.43633623139
1204930,58929.39414823684
1204999,23447.634447897104
1205008,38913.271412568705
1205011,35324.69920044302
1205026,38509.71896440761
1205051,75718.27177902174
1205207,62092.125968017914
1205227,50984.960878431586
1205236,16817.787754968682
1205260,24854.204513541434
1205263,17551.597705102904
1205387,13460.600805364833
1205453,28510.590646507302
1205491,10010.416729477129
1205569,26352.657516890533
1205571,12365.868246626496
1205790,63865.641028779086
1205791,24003.973520766936
1205838,12360.188339566106
1205883,43382.141582236545
1205913,14975.406615158994
1206024,37444.36675871738
1206086,47578.76961001019
1206090,29968.51805310141
1206107,27307.62272707388
1206200,30043.319266607978
1206270,26652.27915616942
1206349,32889.92653259766
1206375,30465.935328445157
1206397,12325.24748943481
1206408,18143.447910161114
1206445,12859.210216697431
1206485,79947.21867937894
1206496,32111.368401236672
1206516,23635.358271130997
1206525,39968.863646222664
1206542,44798.916464544476
1206549,32264.650599352804
1206634,26233.18644358668
1206666,22405.921835914578
1206673,64949.1758747417
1206681,9220.802962199656
1206876,12423.735247407052
1206977,51612.7099699886
1207026,83073.21445355054
1207036,48076.92296585874
1207038,19292.004943549648
1207040,119338.03758053205
1207043,32535.505022338664
1207129,54965.1256052842
1207246,17355.329007696975
1207372,11887.953427829681
1207536,42676.74228438845
1207541,13342.052205006446
1207586,20184.052788320947
1207593,23937.01128507402
1207601,49405.551807700336
1207615,42451.10233520329
1207621,18670.136047794225
1207671,28046.74653758321
1207690,10724.201987102108
1207706,24879.20055446989
1207708,24653.307210822535
1207755,38648.89715692723
1207757,40954.644745153855
1207802,18625.878001333105
1207813,28462.93110798397
1208024,35197.28051879609
1208027,58488.62543204729
1208101,25762.592026730264
1208161,52093.53923784031
1208170,69232.65599874743
1208199,13163.934702701463
1208265,10876.562577776525
1208339,50550.034954945455
1208367,40735.18466935892
1208371,36906.14161502344
1208398,41047.76752934047
1208803,20565.80634024797
1208918,21340.249675735082
1208972,17256.251959500925
1209279,13835.569807102505
1209300,18394.817734291617
1209303,29193.16165118049
1209405,13925.687617719832
1209491,9699.00593207693
1209527,25325.129788618342
1209547,35372.286299763015
1209593,74678.978940236
1209771,16411.448794144897
1209906,15835.811979174574
1209909,24320.920015372714
1209996,44779.240635683695
1210105,33013.624021499134
1210145,31934.230245677878
1210158,98644.99207478605
1210186,32659.68422442888
1210239,30086.436498148625
1210300,46173.354388198415
1210343,15859.135844101655
1210360,51140.53324286345
1210366,48230.01395939108
1210376,47827.785321047435
1210378,52229.41708879958
1210380,35363.573948313824
1210521,11838.688470743504
1210586,45500.12247979674
1210678,10290.45660374536
1210681,14898.983663658953
1210685,62973.156648698096
1210699,56364.21337385123
1210715,63425.94319990828
1210736,58220.370218829696
1210745,13553.051193533342
1210827,93207.59565871349
1210828,50470.59904264637
1210923,13254.396016415574
1210959,28988.4432446394
1210977,25880.070088184184
1211031,68856.55374865173
1211168,35365.51185210441
1211279,42964.978848306695
1211280,24453.91080927475
1211470,35686.196330182414
1211499,21079.92199275718
1211567,20934.547867717498
1211576,75107.41471055696
1211741,29251.639104786278
1211773,70853.51381454451
1211793,60415.00624301499
1211821,85946.63403459798
1211846,11634.357832162768
1211873,11931.090560365687
1211968,65992.28596043827
1211969,65763.97836127646
1211972,19765.95074736456
1211973,42357.63133555964
1211975,34628.5350458814
1211980,16984.465992762354
1212014,26397.18039673835
1212016,41299.9587091442
1212060,44066.60526227152
1212114,116450.56610478365
1212168,36019.72225070717
1212205,18774.929773564596
1212223,20903.403475679606
1212292,21503.040165025555
1212337,27175.88052379519
1212372,53705.956299359685
1212386,41934.645593242894
1212390,14630.986610563277
1212454,91330.2750567857
1212461,46890.00952758893
1212487,22343.19004170097
1212516,54818.90682287459
1212607,24881.470653877288
1212661,16326.063770499313
1212665,43357.130296931704
1212667,21228.798524817987
1212682,23369.5711416148
1212688,24139.450303507292
1212761,55989.91401369191
1212774,24880.39628302832
1212776,25939.9729598498
1212826,44275.05578912554
1212863,20262.74429493308
1212881,57489.68472929956
1212899,52463.81672525588
1212920,63753.21037970133
1212967,22127.1335976202
1213018,13061.471357206196
1213094,33241.895855939765
1213101,25258.03426794133
1213111,17902.66198269399
1213121,49563.11080289456
1213165,12815.990700599326
1213167,64593.77799137138
1213195,22577.892331079973
1213254,74978.65582192563
1213293,70901.60475150534
1213488,23985.80987659419
1213586,28579.96570508057
1213799,25949.08957201705
1213869,38260.65531982475
1213871,39656.27942639482
1213994,38286.57431178948
1214023,64518.91464240125
1214120,31709.33424486829
1214135,12250.593077075575
1214147,34815.94919558273
1214154,75247.44610569779
1214253,30407.872101736128
1214277,58492.64283168624
1214332,20455.31340489409
1214398,47104.30836236873
1214457,62559.96260709585
1214541,31878.2654197268
1214572,16523.947333004624
1214743,59806.7693264594
1214798,65253.01444159989
1214940,32977.00059374703
1215011,67763.87582604021
1215054,68070.48659557405
1215065,36630.55419214704
1215091,19672.009770406676
1215106,41286.37064869443
1215107,56809.6894505493
1215116,26872.83333408522
1215161,34018.16000282105
1215175,24480.846562873565
1215185,10255.631697123945
1215188,68682.85860385638
1215289,14400.849747831096
1215303,18124.716492327694
1215305,50136.396348586546
1215312,25517.33083592281
1215318,34918.16195839479
1215367,41974.19691195697
1215391,73583.44555296948
1215403,64275.279015527856
1215434,13032.785182629374
1215459,21413.36264625387
1215541,16894.5049844117
1215669,18086.415249676815
1215672,56760.062808322844
1215683,14106.595498872783
1215693,87737.14005918796
1215702,22485.581438559664
1215751,53260.99772617407
1215881,70183.25397057267
1216031,32009.564154270254
1216037,54919.44815469671
1216068,63669.21869695828
1216078,14750.33233574068
1216080,26676.596374166496
1216090,57051.35539086684
1216134,11098.107430527092
1216380,22862.607635553104
1216427,51609.835031504525
1216444,19502.338068302946
1216466,47363.20640703756
1216467,59451.897556534714
1216570,13260.861191491
1216638,12629.045501886323
1217017,56922.793719291316
1217068,38471.752022319364
1217089,23591.985484589164
1217138,107714.89481457323
1217175,21267.740195250164
1217181,44855.90778814413
1217237,38657.933703049035
1217264,23964.784238825254
1217297,27955.38296391037
1217341,11531.111704298877
1217420,12190.265547303921
1217453,52335.93887459393
1217459,26869.366969037215
1217536,26636.712162661188
1217685,45405.37076089925
1217768,43431.77299480986
1217781,57739.97414591585
1217860,59945.86184478463
1217913,14971.991310951811
1218060,19795.044888190747
1218074,57506.82565123495
1218141,12453.589693005912
1218237,16333.912492549209
1218260,87549.35865971465
1218294,52228.01648541275
1218307,38910.0433406646
1218309,63332.69138767536
1218380,22840.749284310703
1218457,33538.51006903983
1218514,43335.4728753006
1218527,16685.58911728728
1218534,36132.669033617414
1218584,20302.076895938462
1218665,18255.961788503362
1218675,8905.765411658065
1218775,28554.270462491433
1218865,60596.46062852156
1218890,13331.9884531522
1219149,41138.06815552771
1219195,58383.529197991265
1219196,59179.838780310485
1219313,30161.19465207926
1219367,23757.335172853625
1219381,47189.69611005882
1219402,10598.281476332768
1219550,25245.748526248222
1219551,18900.434963853906
1219669,24296.74621475116
1219742,38567.04378467571
1219751,27089.058827526198
1219754,43971.484259719975
1219836,27139.184474970243
1219844,27840.37762601235
1219849,64848.8388701555
1219971,21062.301778163866
1220070,93933.94108983771
1220071,59775.63329020506
1220163,113232.24487224394
1220168,107790.78633493067
1220190,66240.29682908679
1220311,38656.10290647096
1220330,28265.545611492893
1220352,39887.07186026679
1220400,54516.01936623354
1220408,12968.317429632862
1220409,34109.725226318245
1220432,65858.26179888374
1220512,14450.35947007588
1220518,9336.8011940745
1220542,70640.5699712143
1220887,14243.883913243742
1220939,24766.457348212876
1220947,31750.964303189696
1221080,11752.746516059648
1221117,88035.45667916139
1221126,81255.65072168483
1221166,61019.87571708295
1221205,108831.3347268993
1221302,31005.59671647904
1221417,12798.345476899205
1221536,60952.23008615055
1221575,30715.683915950045
1221655,33974.34431724969
1221753,88439.04027778741
1221824,48659.41735415429
1221891,19997.255820808154
1221902,61402.96981725874
1221911,40732.788428465596
1222043,41710.17167377801
1222051,31046.049340389574
1222058,15684.290052850445
1222128,33410.277249773244
1222129,16867.93068988217
1222145,62689.29341410357
1222371,54370.44914020692
1222409,64424.235940656334
1222503,11108.240405672705
1222514,52077.06137912878
1222571,25409.657423725883
1222595,15269.083739649754
1222605,23630.206151853716
1222619,78110.793437921
1222631,17180.184158696007
1222632,13938.126193249498
1222701,29299.99007987877
1222725,25414.975040615158
1222846,23694.404153387102
1222881,85062.52353732917
1222980,33547.65661926872
1223030,23488.265250769604
1223042,21470.998458719016
1223058,16769.27769617813
1223140,64998.474863147516
1223152,23774.870827597806
1223215,53648.92725210592
1223230,20517.236117970144
1223242,12999.38004891286
1223278,52528.272159427666
1223334,110282.47455631924
1223370,37908.53551024017
1223400,11781.89248018695
1223554,63883.26465155137
1223619,29351.412655682216
1223695,59641.619309617716
1223731,21618.46353645332
1223795,17430.150988980447
1223834,10811.018798968993
1223849,14298.635354428621
1223930,13931.100121307974
1223933,20033.936104991317
1223956,42437.72511505389
1224056,34448.86517969698
1224104,24954.60738758252
1224192,22163.772351701293
1224200,19230.528772464837
1224223,11049.959924700204
1224227,20404.938598690464
1224451,100383.94890707772
1224462,95269.10858962938
1224516,33370.72581384568
1224522,42110.565484504725
1224587,16934.589486621477
1224629,20190.806461547567
1224770,16144.336074079803
1224792,18733.315869918166
1224985,46619.19268394245
1225092,15502.365454074787
1225107,60120.19130627691
1225295,48125.46603807158
1225399,54562.53289638625
1225418,8830.369290036726
1225442,39550.78700749593
1225530,18572.556887125967
1225565,23962.019646373483
1225659,10203.158311166444
1225795,87528.23150752926
1225845,29671.3659781955
1226129,47409.55464856457
1226133,18171.950045398804
1226154,20329.729727577367
1226263,43458.037146132534
1226325,23871.99650297056
1226460,11943.351752426519
1226494,40489.09303800698
1226539,87566.94410672406
1226605,15231.031991977252
1226686,18389.609422057914
1226719,51508.63980830503
1226720,35024.02698571451
1226794,39363.09436535924
1226806,29674.064165918902
1226882,45757.03610809642
1226907,33960.55138825586
1226954,18223.77555877728
1227029,31383.297003722906
1227059,12326.348713441805
1227080,63008.80461536896
1227088,29484.479027687237
1227114,92333.63863062137
1227215,13969.13464789426
1227223,44378.87095870021
1227316,20637.271009286666
1227362,32684.605747007863
1227422,15603.560839085867
1227431,24255.278348816115
1227442,17277.628421735837
1227498,37938.91268266061
1227611,59837.72892009825
1227639,11115.106382146012
1227827,11843.744703909331
1227830,61117.89090626269
1228017,27855.15739037939
1250237,23435.114573245493
1250248,15948.093179870259
1250270,14929.349249725887
1250302,15990.293128463603
1250325,23727.162988758653
1250627,25526.34190740758
1252837,21070.022273911756
1252919,23408.210070996276
1253232,19462.14308780483
1253832,23535.602437783436
1254536,17713.493979899213
1254746,60638.680946844914
1255728,27438.537166294213
1255730,37552.5394636539
1256469,11566.759249489
1256474,11257.021453118383
1256479,11580.439819497436
1256490,19226.7571552613
1256498,10788.823330789117
1256540,10406.360820955066
1256565,14347.668655923368
1256566,13183.688220618053
1256589,17649.093487276477
1256595,12847.540211642552
1256641,11862.722281758703
1256644,16683.35080152742
1256695,12813.177871733715
1256727,14994.864332959149
1256730,31269.32569357646
1256761,15896.289946980263
1256793,21002.663534484676
1256802,17616.55057954013
1257557,13282.534535090042
1260561,13332.414314347394
1263986,10877.50780362116
1265621,43570.0988261309
1265854,48075.03344740577
1265886,39108.91037200632
1266003,32586.25151487489
1266365,18405.987277988563
1266592,36953.08975127434
1266622,27336.52228054096
1266632,32947.54692059333
1266637,44667.83528550021
1266642,31775.299142456788
1266645,32504.396181991175
1266646,32409.23512761296
1266651,36868.315480169804
1266716,35772.436773292655
1266735,30785.942122674256
1266772,26418.29656350796
1266795,49951.9560723426
1266800,41058.1932055741
1266823,40477.19962153694
1266828,43932.533890628954
1266829,56715.265723389915
1267203,65946.59544407148
1267235,17089.405259326955
1267239,29290.100446784767
1267242,17653.611568098237
1267251,22413.789186967013
1267252,30370.894237318473
1267254,26741.57220056488
1267263,28993.155668198895
1267345,59684.35081993165
1267521,17684.09386235676
1267533,29800.464439436717
1267536,25849.03734591178
1267602,20930.85459159389
1267605,30788.956009880825
1267615,29100.81074901701
1267628,42543.62205221584
1267668,14901.799183956024
1267710,50188.629525232296
1267749,27538.557457373867
1267753,27058.091814551506
1267766,38784.810000272555
1267811,13688.227898165434
1268085,36278.025027577656
1268116,46233.226868996324
1268136,56854.624607395854
1268176,27129.44834942067
1268366,102925.47461462561
1268383,88814.05551525937
1268390,100658.36178722659
1268391,75381.12027917395
1268505,68052.08021086693
1277540,40988.31491853883
1277967,22302.74320640184
1279621,44140.58344205794
1279712,39715.26557707653
1279784,48405.00509402641
1279794,45856.94084798585
1279963,20351.558913345467
1280271,24911.556541531507
1280929,20784.714503083305
1281497,24077.250360389913
1282233,16555.78108696385
1283087,25634.373210396414
1283416,20484.241517100905
1286322,31976.740422400642
1289286,32310.26354923905
1290217,16006.01068883952
1290319,12956.905379165892
1290446,13170.69704160153
1290454,12096.221481416584
1290656,15900.195353752053
1290695,14414.763898353125
1290910,15945.981307912289
1291000,16641.42906482885
1291003,16183.839942302126
1291019,16536.580332458572
1291146,15476.176393995624
1291199,20941.11667032728
1291389,18357.32745366349
1291407,17910.282369619366
1291563,17463.952965340184
1291599,20053.393799122176
1292133,17231.860288064778
1292137,18629.975347569278
1292235,18339.998649345813
1292260,16116.176802047796
1292342,22038.951536053824
1292636,18007.64775849399
1292655,20548.845062767105
1292747,19754.837953669867
1292919,17980.726021928538
1293271,16546.351468119003
1293650,22504.42654758373
1293674,22674.922884675554
1293703,23630.83993122463
1293771,23997.07831784016
1293877,31142.300956082367
1294225,26169.179196950972
1294228,28798.660688161468
1294235,36330.72126679088
1294267,23366.18559221059
1294514,21539.11531421388
1294724,26691.350848346785
1294753,26418.975879880276
1294820,26147.331157154284
1294888,11177.336057973456
1296195,13823.31579768868
1296201,13787.283189430258
1296204,13644.323229458661
1296217,18700.635749514335
1296230,17853.653159230635
1296245,21869.588653773026
1296284,27203.24701743902
1296475,64621.78138070267
1296476,72021.57961468426
1296540,41188.65415896519
1296658,85686.42908667267
1301751,21999.590061010596
1302087,11124.853274954414
1302109,12474.243854050248
1302115,14337.431616152582
1302133,10790.412987500244
1302138,10667.130676508783
1302169,11808.098239572168
1302177,11484.301085052926
1302230,14453.800060879525
1302232,12377.038516098673
1302247,15321.743734120355
1302255,11524.004359486393
1302257,13233.08725082001
1302259,16826.102268257302
1302272,10628.050545514496
1302300,13331.697779921014
1302311,14222.351787603337
1302316,11636.161930158047
1302318,14371.615927799625
1302334,13971.220571521511
1302335,13975.3235347172
1303655,13406.610661747953
1303665,14127.834992213424
1303671,13280.251664012674
1304146,14722.846422583701
1304155,11853.397178707659
1304166,15400.123107254685
1304215,12559.078720703676
1304231,13596.101897961074
1304233,12377.974748816327
1304874,14450.18174115941
1304908,13499.523805382963
1304912,12868.215377031616
1304931,12804.08644321755
1304944,15712.74980041027
1304961,10994.528405777535
1305013,12220.39198015034
1305014,14429.441894304338
1305015,10302.532682788002
1305022,14656.27337134722
1305035,14400.243290452821
1305040,15428.370489204926
1305043,14819.549917557486
1305052,11712.39219239306
1305093,15430.942149907281
1305096,11245.309305089342
1305106,14810.69409029484
1305135,12622.274118216385
1305144,10524.600823623023
1305147,12692.625327080741
1305156,12896.8411083897
1305173,14996.391174588016
1305190,15551.591870714516
1305205,15344.278940278098
1305216,13363.975349368642
1305256,16633.343561069865
1305260,15526.980751391717
1305280,12691.747745156801
1305309,18035.46889632661
1305316,12542.455236845191
1305347,17453.009609079854
1305353,12894.42493698555
1305369,17712.848925818755
1305389,14637.32901119747
1305394,13387.526406223009
1305407,14410.537852222446
1305426,17191.174463807605
1305430,17315.173542186818
1305435,12579.73999481487
1305470,11284.637704130893
1305471,16869.99396898004
1305478,14595.561665563879
1305520,11735.752306354982
1305522,13078.398263298299
1305985,10799.435986153281
1306007,12067.203429656334
1306021,11367.756633830615
1306025,11660.104158420043
1306029,10761.593085513112
1306044,10689.61486405881
1306046,12330.739397141804
1306067,14062.55943555739
1306075,10490.178385732217
1306078,13754.1699555196
1306096,13652.496234948147
1310291,106593.35554267114
1310343,114695.388838805
1310977,29859.886656187555
1310978,32508.201927834394
1310998,34211.20748212025
1311036,31554.512529788455
1311059,40921.55750728072
1311092,40406.56578653588
1311108,37077.374161820684
1311121,34534.77943799278
1311139,34219.46649764558
1311177,53964.71557118514
1311218,36598.0851264521
1311241,54203.79358017325
1311244,34180.24107230686
1311245,49790.12285748993
1311246,37755.87187815499
1311253,31413.334368944266
1311271,75964.2206524933
1311286,35946.17425906667
1311297,51936.07429986774
1311336,36055.013893375544
1311367,81050.82498928241
1311370,84244.34222908459
1311373,33147.30333205229
1311400,88452.15047132828
1311416,47498.015663515114
1311458,36497.245480273
1311489,38308.52201674906
1311491,38614.64794664258
1311504,38184.08280667532
1311540,33056.22218510315
1311543,38465.1057224961
1311611,43079.058089945254
1311612,41217.86683707079
1311626,37637.8499600998
1311647,35714.56274101176
1311650,39531.5700155956
1311700,44362.307615205114
1311703,36730.706763331946
1311744,43668.200862774975
1311755,42488.421038563465
1312744,33250.624713368044
1312746,33358.34830707105
1312982,62530.305123139144
1312994,29015.066924314004
1313005,18300.125193440766
1313114,69635.88966164645
1315322,84302.10219056795
1315330,92083.27293889275
1315626,47484.26706662678
1315627,44756.09817776905
1315656,37606.366947660834
1315659,56843.609742556284
1315661,38647.0041399386
1315668,41468.585951074216
1315700,84811.21876626261
1315820,35718.69040626316
1316572,25093.664249026846
1316576,21286.32776290089
1316580,19478.186643789104
1316590,25532.01695333353
1316596,38724.21638660398
1316610,78100.47338795742
1316618,80517.68168887841
1316637,31017.841766687852
1316662,39482.70244449526
1316688,50029.25630026459
1316893,34608.078507901126
1317652,40298.410368832454
1317655,37832.373162579526
1317686,64612.205299094305
1317688,87887.98872029873
1317699,78010.84235940709
1317718,75267.93990252427
1317744,68953.41655174174
1317761,71251.45744483011
1317774,73137.31924360472
1317792,75838.98841560651
1317861,78375.61955239336
1317931,83430.73625642639
1317971,64279.176240429086
1318001,67633.86331894003
1318003,73087.70980633695
1318008,71420.42379143808
1318038,72294.21377648137
1318062,75253.88578514
1318092,69522.41084161696
1318142,80334.97128557455
1318173,80727.46220856698
1318201,83257.72388510192
1318210,37463.90640538566
1318213,66959.06167488437
1318260,48800.70720759552
1318277,35623.94285556654
1318279,37054.555244944124
1318280,82797.83896953586
1318288,73272.50297524956
1319505,59399.62505527712
1320177,59567.222451013535
1320219,65055.44359334547
1320225,62949.518259327415
1320250,55888.1094194369
1320255,42358.24094929713
1320260,59969.4272643953
1320269,59005.22015137544
1320270,56319.58849410457
1320279,51190.38681865253
1320281,34028.90580517478
1320286,43304.62427224818
1320292,60200.46320171864
1320293,64880.428806973236
1320305,60375.12218841974
1320366,52987.83239196386
1320375,67040.40030256558
1320381,59726.07539500665
1320418,67837.11025017509
1320439,75082.46162642156
1320447,63577.87317169975
1320468,40150.55586761077
1323283,13913.729784976125
1324283,83456.87227362554
1327023,21321.85629502852
1330027,12618.95708002014
1330200,17439.36870036901
1331900,55011.404642443165
1332110,93341.04496327812
1332124,56944.54272303705
1332169,59081.194754032236
1332178,53444.02522163261
1332584,85477.91764964127
1332608,53819.657960419056
1332612,56504.37632429945
1332660,92109.297802752
1332667,48597.41473020635
1332683,55201.51106098068
1332694,16154.778445204365
1332708,21836.617318861172
1332732,15287.727679569112
1332747,15841.133030672723
1332757,16577.30679741325
1332759,17814.011117640646
1332764,16362.74124476955
1332777,16788.813997621302
1332780,18801.027645763803
1332782,17451.577116539094
1332784,17466.90319962958
1332794,14862.41407984809
1332801,18228.90610928467
1332834,16697.403192500784
1332835,13590.201208780769
1332846,16583.8192468421
1332852,19993.01675796058
1332868,17420.516055403947
1332883,22789.19318977877
1332887,16297.023712655888
1332890,17344.849215821963
1332894,15808.584197036289
1332919,15070.101716051626
1332931,15979.1031836283
1332946,15096.103538652145
1332957,16302.523596794455
1332965,17761.55580664153
1332986,16144.447156435617
1332989,18558.345175169765
1333000,17476.652698202106
1333012,14915.51271540466
1333017,16683.62402871647
1333030,15400.559422217602
1333033,17549.774554656316
1333053,18089.700333551864
1333071,16933.56836520136
1333087,15029.343937370204
1333108,16564.28202707355
1333123,17496.126779693965
1333149,17801.919755223105
1333164,16746.98229185932
1333168,19233.959797390933
1333170,18422.573684582774
1333185,16129.30608601514
1333203,16988.161631619758
1333207,18548.118500340694
1333228,16911.016715857804
1333238,16846.967064677585
1333248,19688.351094726084
1333253,16686.925134013167
1333294,17075.631911084038
1333297,19040.677735762558
1333301,15584.694604124898
1333307,17819.843734329887
1333311,17797.346345533773
1333312,18388.31612063193
1333335,17014.0233322464
1333342,17643.117519857664
1333358,18853.219572746366
1333360,19382.436905625244
1333369,17142.206869665406
1333379,21790.665405546664
1333397,19609.41005747766
1333412,17799.11973486244
1333438,21108.154867558384
1333445,20436.75564319894
1333446,19746.4693320887
1333480,96343.46189425791
1333720,38448.26819210754
1333754,44079.76320798777
1334107,52095.600005491455
1334140,62347.72691581401
1334157,64400.73321059062
1334243,75143.50069435358
1334244,79726.81831695442
1334252,69749.07704048639
1334254,67688.31333511151
1334256,68854.98005617502
1334269,68151.36324465474
1334276,60831.65155217757
1334311,59999.572712175446
1334326,55373.557343994275
1334350,53388.831018908226
1334364,59355.51751423792
1334366,62251.69578034188
1334382,62297.49488603785
1334392,57881.7014831987
1334438,65289.65523614599
1334485,69620.38525004343
1334540,64416.516607030884
1334549,48891.25960054984
1334597,91704.86420231113
1334600,65681.46877964123
1334644,42255.725347383246
1334685,67378.39476751325
1334688,79217.06538229072
1334693,65079.91975826113
1334705,62158.71213378103
1334731,80717.06363411968
1334751,42972.927119346394
1334759,77964.3923289708
1334794,68281.37431377558
1334801,67834.82314525162
1334825,85466.79796209159
1334844,46622.26491693491
1334872,65537.15046235996
1334918,88298.14833185931
1336165,41650.850298757345
1336218,37559.0841973712
1336223,42636.43115532753
1336523,38325.21195040475
1336615,27666.66069585318
1336628,80068.32263739975
1336632,29358.575731044544
1336712,76552.48843191122
1336718,78599.24452786728
1336742,33796.40538088949
1336743,32920.92941550894
1336784,60879.9512757671
1336789,32189.605393173995
1336793,59619.02367945049
1337556,57670.516355000516
1337574,28157.46016122097
1337590,25114.72098232594
1337592,43023.55905196449
1337628,85705.83022625091
1337629,85577.93365711466
1337630,55018.866007004755
1337641,70025.72999250615
1337656,27406.13042061422
1337660,53440.57402252078
1337685,20350.98405765508
1337687,25946.686510669806
1337689,70894.104046974
1337703,29113.9406737542
1337715,26329.636840966425
1337757,69889.36352344422
1337772,56426.30044052968
1337779,32334.325119659283
1337785,28224.435890904067
1337875,67325.68247589764
1337945,70474.32121896744
1338009,78610.29191117459
1338060,48204.89911320731
1338065,75990.74137951473
1338218,71246.2479050067
1338237,94485.41335065135
1338528,24469.38368043673
1338566,30671.416338226038
1339064,51494.325098020636
1340246,29911.43855688377
1340248,27357.196598345836
1340249,32741.096339068576
1340250,26674.547057171443
1340255,58321.80459015126
1340297,40423.01417871991
1340309,59305.003087564044
1340311,44735.43024154408
1340313,62589.27632304622
1340320,18256.258471483136
1340327,27190.204708689125
1340338,27661.911175526242
1340355,69167.8245218631
1340401,47614.42011873739
1340413,40748.16268826284
1340416,58778.38914920152
1340419,41462.74827124795
1340448,20915.999276871487
1340460,42024.89512272039
1340473,22781.809215523917
1340482,22727.68255216693
1340523,77407.0012821111
1340539,19971.345686357487
1340545,20486.200829604168
1340550,72176.7644783177
1340558,29640.284151324355
1340568,34160.35465811332
1340583,20295.494213402675
1340599,63436.28349778447
1340656,34345.97457239986
1340658,22806.19084516901
1340660,21612.82675741791
1340706,26731.87917763302
1340728,46584.12015931999
1340738,30214.210712220753
1340739,69283.92197557924
1340748,27820.926620940172
1340775,20353.221105911663
1340787,41312.88441786418
1340827,76248.17350122072
1340909,96649.23588931524
1340912,99200.59665376766
1340949,83401.02056147963
1340962,91551.80954519141
1340971,95780.64772988795
1340973,91839.26129279412
1340997,105321.14181668426
1341000,95500.67093807766
1341052,115342.40878383
1341058,128091.00056292204
1341087,113059.96988703297
1341097,101018.59256079773
1341118,111497.64332447457
1341131,107631.90862879113
1341149,105084.39225317848
1341186,109829.55078991273
1341208,116043.54754897096
1341213,119951.27022937946
1341235,112115.51690353251
1341362,103319.1315622032
1341366,103224.20546299494
1341392,104646.5514630289
1341407,101303.43416067123
1341410,112133.22566483861
1341463,100383.97627518418
1341510,112717.06670731306
1341523,109018.73587840739
1341559,123239.19432414699
1341596,116197.73535079382
1341627,120879.18745497157
1341741,124203.17508028825
1341761,112002.51442235407
1341766,111153.84941430717
1341770,110688.07638671185
1341775,125668.58355387872
1341795,114615.8467430371
1341812,129032.8133503721
1341844,119051.1634353195
1341905,122193.20079364369
1341918,133382.2918517851
1342171,95661.03729834787
1344610,42035.61998179891
1347291,50296.95811093427
1347295,31591.64487398688
1347311,55178.371929330904
1347952,59747.187986701356
1348041,11072.894088118837
1350592,55046.994855695826
1350653,45711.55758609808
1350661,49000.42163529991
1350696,53894.10854327091
1350704,64928.49593445978
1350769,66360.57262209877
1350807,61250.79955854123
1350813,55163.16444335895
1350825,42301.60975409953
1350838,55593.17465364757
1350856,45073.7741926345
1350885,53075.2232701164
1350903,31859.443926864064
1350934,56849.64102458975
1350939,67425.4274427347
1350984,36597.001726616894
1352854,36668.039177642
1352873,46034.675441900625
1352883,20875.8362111132
1352950,26522.21302951854
1352957,36751.50159248295
1352965,41106.44898942045
1352970,30113.707063787446
1353001,28140.45138847441
1353059,35640.23442233071
1353069,43192.08736959424
1353073,50263.05555004742
1353287,19415.451503215096
1354533,31455.258669170118
1354824,57100.35961837191
1354843,38784.071363366435
1355040,58938.97380953577
1355080,74556.82286326407
1355125,60189.54929016783
1355131,57035.8640646025
1355141,62697.677398476946
1355261,68533.0741716518
1355262,70295.7077039401
1355285,69586.52198871839
1355295,63216.203559653906
1355316,65152.328413662515
1355329,57378.9193944532
1355337,69229.66366775159
1355390,66479.87494996935
1355407,70100.1229785314
1355409,70991.35878501127
1355417,66022.7605951156
1355423,63319.12599865034
1355441,65864.02103359334
1355447,61069.69093143336
1355456,83622.68850181096
1355460,53655.452400094546
1355470,64095.16315857002
1355500,63167.50864736875
1355521,56436.461342392286
1355555,48045.19078086197
1355564,50702.8858757925
1355571,51467.361872576825
1355577,52682.2124312762
1355600,86067.04194031259
1355619,51052.92715997806
1355630,86164.83906070857
1355646,63810.179301760596
1355681,69891.68765642468
1355813,38774.29259072955
1355959,60442.93568990356
1358268,63252.24747795553
1358282,28554.237678579877
1358283,50815.37113509171
1358306,22164.798167580793
1358324,65317.53838104487
1358810,51973.92320966149
1358890,69709.69059299631
1358895,77565.56436093438
1359153,40257.6070088338
1359154,45951.494484009716
1359258,39011.98547908963
1359313,36495.41752153246
1359367,48483.60507938036
1359748,59081.794623288355
1359779,46386.63119942192
1359792,43501.089417632706
1359814,19827.87429395571
1359867,66223.03983350233
1359932,21295.18925268922
1360110,48399.90700195231
1360146,42351.30792693134
1360152,51829.661842180496
1360154,49816.251936101005
1360155,48059.288597330946
1360198,45458.5521690151
1360207,52357.34674906602
1360232,45855.272856225754
1360300,70822.93901391907
1360322,42045.917116274024
1360329,50745.76244555867
1360341,46443.898451333414
1360394,46441.39969732419
1360410,53933.00290255357
1360425,54229.05767783228
1360442,53488.448802055245
1360462,57797.024791936194
1360477,73459.05201503998
1360483,50156.844219038736
1360521,58112.58316382428
1360597,49878.19005331777
1360604,57076.60468964867
1360647,83972.8767748909
1360654,84100.08680128156
1360692,72060.85341775302
1360701,76081.2295380604
1360740,80007.66948918122
1360750,74332.68664675216
1360759,76544.14663535652
1360805,52695.50305496037
1360824,86831.31823639527
1360828,95528.2339754259
1360919,22284.83559038752
1360934,27452.521219989885
1360942,23753.71545502653
1360967,24581.403657599665
1360971,23902.517442717435
1360996,17337.719346875332
1361765,47746.92599222574
1361999,80115.86901456385
1368720,20976.76453574877
1370415,21621.26721431899
1373073,12969.740851891065
1373094,12835.860024355059
1373128,12198.277148057468
1373129,13767.143834912178
1373158,12832.386182173694
1373195,13520.981068489038
1373200,12116.105580868212
1373204,12415.271568218763
1373208,11001.634624999675
1373212,13005.438795634314
1373236,13726.94717550785
1373243,10226.13821796756
1373296,12533.180674299778
1373324,12292.146156287521
1373345,13753.669752921705
1373350,16257.778280372278
1373382,12458.947102024395
1373802,10157.91336143422
1374633,22403.50962195355
1374649,19371.97362260721
1374738,34431.35117362271
1374743,32988.99507263547
1374757,30803.77018906654
1374812,52717.72726600891
1374925,76906.78551184245
1375027,52438.849070497585
1375038,74875.84022471812
1375043,64051.599932694655
1375070,72771.13768223149
1375116,65478.16961962522
1375273,26327.29351208152
1375282,48772.31353342215
1375294,31687.660711095552
1375304,49312.26751797932
1375324,16504.75550044779
1375328,48075.675157378726
1375485,61070.83253790318
1375486,66201.10356024142
1375671,42181.85004944684
1375690,86037.65944354827
1375705,82179.31320479409
1375717,51764.998542884015
1375790,41295.377941577
1375838,43838.38696305783
1375890,16203.73666188683
1375896,32080.219370926075
1375914,29131.616066050832
1375934,33577.366289850135
1375943,35747.04980793595
1375944,22055.271952783598
1375999,42143.02556554966
1376006,34840.65179528307
1376018,13318.794636765964
1376022,32106.74909219996
1376402,31565.02315039079
1376445,20094.793890692243
1376450,45296.78482927223
1376453,38901.96131844145
1376464,25200.75981834829
1376485,20953.077520229246
1376497,17839.9235402609
1376682,58776.142819776294
1376686,51301.28728987902
1376701,64559.259161215145
1376712,41413.80431512994
1376719,43736.86677325915
1376721,63082.60176278393
1376723,64656.51095280088
1377716,31779.775863801566
1377759,47796.14929049121
1378284,36277.619333268856
1378778,84568.29221272712
1378798,93101.42196100936
1378804,74066.80292628222
1378852,93824.29636440442
1378950,71534.62835078243
1378954,54064.79263945586
1378958,55111.38026551511
1378961,58926.01785055257
1378970,57818.24566987158
1378985,85981.1195341198
1379010,69840.95384205638
1379015,47228.827801102714
1379043,74626.14862517072
1380996,83617.22616063915
1381283,84563.93238873486
1381443,24135.517396711486
1381455,25279.558815649114
1381468,24453.567644357572
1381794,23224.469431968297
1381801,36199.83970595028
1381802,36458.562471267025
1381812,38793.329572014154
1381813,35113.75785472032
1381823,29032.02547742791
1381842,22055.672718854636
1381845,41440.44381816677
1381852,19342.72222943357
1381858,46543.95615521272
1381864,40426.161570806835
1381872,40353.67397379426
1381903,27042.592140522665
1381908,48207.25008487603
1381937,25295.846930171374
1381945,53553.91759351132
1382522,42368.10557289811
1382542,79301.60421373899
1382543,79961.54619752012
1382577,58467.5415561243
1382590,86218.64717989239
1382596,83596.379601481
1382656,72540.08077781949
1382687,97481.42074996425
1382709,50288.094104921525
1382715,80536.47891127031
1382902,97280.10423282576
1383001,86075.64228623523
1383008,82087.38309157612
1383036,87519.91472830847
1383920,103237.73267751651
1383938,83243.40268837631
1383967,95757.74384196395
1383968,118888.37038501544
1384006,94772.66916062901
1384042,125222.9091912108
1384045,114539.09368407722
1384048,87673.22695279108
1384078,94487.63525506928
1384082,94487.63525506928
1384105,112773.34059836625
1384119,105603.11515712984
1384122,85803.47349130413
1384126,82021.98784182772
1384128,90670.22641428524
1384129,115485.14716222456
1384136,83964.13910334435
1384141,118372.61631266876
1384142,92023.65276311306
1384154,121174.31143380661
1384166,92048.64763667429
1384178,98948.84793540635
1384221,100876.17567195497
1384224,107201.57047500114
1384234,79007.78857503689
1384255,107037.48624308922
1384267,108093.8417902881
1384279,83086.39322422116
1384282,106067.57851929235
1384320,114464.85189200462
1384345,106776.44940980185
1384358,99774.17460237531
1384364,109543.51531710285
1384373,92237.57207638075
1384378,117246.23227515034
1384428,77702.59128186858
1384444,88229.51549388272
1384455,115841.73427438735
1384459,108481.44162505191
1384466,100050.16899301557
1384472,102219.76029515265
1384513,113748.93591522379
1384516,108199.33865923523
1384527,102311.50106564547
1384603,126946.44383672884
1384609,104584.54492791383
1384623,115021.48438059796
1384650,123007.69050511465
1384653,117318.75601021884
1384688,124246.5637891242
1384699,83851.8619916611
1384712,114466.94256804121
1385606,66753.06876020886
1388403,19846.540626718397
1388971,46126.92941140196
1388972,43041.92421895465
1388973,44919.13251539688
1388993,48203.573607464445
1388996,51038.07121026937
1389000,42199.37673001233
1389014,39970.458757943816
1389017,40815.83541081239
1389346,47943.45155850537
1390991,17062.80966992183
1391026,20133.894244112464
1391138,24554.33922789599
1391935,21045.98671879751
1392442,34178.6764132234
1392450,19979.023337035655
1393712,86177.92352346423
1394812,15545.69163743221
1394840,14664.305152282903
1394867,33926.6541649935
1394885,67926.35708238845
1394886,22785.604854555175
1394902,69503.0339093323
1394904,63641.270438735824
1394941,84773.49769590423
1394949,30559.491024166513
1394956,34321.090557157906
1394986,66396.5549891404
1394991,30005.14955670785
1394992,71775.00852919628
1394993,33527.37351221808
1394996,32423.735285161125
1394997,76663.10406885388
1395013,28896.217305613656
1395014,69129.87516878014
1395026,86563.97204708816
1395035,31083.32141539072
1395063,51956.11428084868
1395091,30426.28112067679
1395103,35503.71428538912
1395122,66122.95913446162
1395138,29798.927358471497
1395146,33361.43762283824
1395151,29704.86128238559
1395153,53952.613808242815
1395155,79764.40460703603
1395170,68359.90490739646
1395210,35533.7103646181
1395215,31322.85680233145
1395266,63341.18480268907
1395273,32579.181305071244
1395288,50850.39593667455
1395291,30853.809740043107
1395316,33435.58967298775
1395421,37454.535435455255
1395429,31495.163669189667
1395438,30081.11546371442
1395450,32240.893604116478
1395468,30420.554183309894
1395483,51270.65183911105
1395581,39586.06153586054
1395585,33831.4818963128
1395592,35785.1654350608
1395602,72999.74402253162
1395678,36481.403567622394
1395681,72133.68028111436
1395684,34415.802170362294
1396992,19283.884608589386
1397005,20577.10199051776
1397006,17429.20336329577
1397015,21537.87536522447
1397032,12568.183403588251
1397035,22825.033583773522
1397059,32190.471451280566
1397448,24528.646811924442
1397452,22213.87265669014
1397462,30360.72566415363
1397497,32326.045644990798
1397523,29308.46762722542
1397827,44287.187695903354
1397831,28204.543261426334
1397838,21185.243598308603
1397850,23941.13291948415
1397854,53625.900057524595
1397858,48117.69393104851
1397865,55080.365816365615
1397881,21550.120144332657
1399691,79218.25383525903
1399694,66302.60872134393
1399715,46805.4271289641
1399749,47970.88232438275
1399751,79346.21914593497
1399875,115819.00883334452
1399876,79999.4614497204
1399910,100844.64873670011
1401944,61760.63208770381
1402318,51818.146294043254
1402365,66471.46829445277
1402378,64032.723632547575
1402380,62091.23572856167
1402409,57273.87943528321
1402411,74467.95790293968
1402434,81001.48207107527
1402435,116927.64384367781
1402471,59232.35723243634
1402491,66235.21789497026
1402495,65160.63663833661
1402497,81856.1001715754
1402506,84053.51243902958
1402532,74394.61402616513
1402533,80123.48486943965
1402542,70395.65959171495
1402544,73772.05602218951
1403236,50198.78595291777
1406056,28733.956461719372
1406731,33748.15466937514
1407089,82382.9283438492
1407095,85326.38648524959
1407118,52385.64935104807
1407143,48171.36505764194
1407145,75761.2713840763
1407153,43644.51137936843
1407155,46670.55975639487
1407156,53309.99298273847
1407194,56004.19403545898
1407228,57539.43022282525
1407243,45413.75668808451
1407244,43598.36373255837
1407247,69463.60853819894
1407257,41761.09844048585
1407259,60892.61700355064
1407264,47810.63703714147
1407287,44533.286505764765
1407298,45698.65515556101
1407349,55093.1834821314
1407371,57759.93967316219
1407385,48322.94166729319
1407420,88208.56920913227
1407436,41292.24346583165
1407440,56529.179480099345
1407477,55911.43551224251
1407528,51810.83183486514
1407537,69133.44710178529
1407562,78535.95197272173
1407587,48763.01772631973
1407629,56679.817817770905
1407638,55350.66687114108
1407640,57099.91077224189
1407647,67786.812447145
1407665,48926.3146700467
1407687,59760.29621037173
1407708,54058.49939838685
1407714,57508.64791407932
1407755,59015.05009717132
1407778,76567.59543695863
1407803,70369.92130431301
1407810,54119.65809464179
1407869,47920.60785800629
1407886,55592.597431301874
1408837,13177.284126069811
1408844,28854.863275367632
1408845,16626.616686566074
1408878,16647.609424769016
1408879,13900.230865227335
1408880,12366.297321584849
1408896,21923.43398905511
1408918,19346.48934182087
1408919,21877.05731038524
1410622,35385.359637680725
1410636,21181.583799517943
1410647,46920.02893825341
1410661,25443.16819961217
1410677,23134.693360715304
1410687,56814.647675945984
1410704,67137.2463342347
1410707,63153.34483638632
1410717,41908.455305719384
1410723,27738.11947589077
1411589,89840.30316747821
1411603,77810.0521476444
1411610,77464.36127406286
1411654,86389.1504060143
1411683,37523.012981181775
1411695,45985.2057378955
1411860,24107.044820867985
1412164,32418.696958621644
1412264,50406.57454333673
1412265,58869.80307469842
1412284,62936.791325131
1412289,61409.225107583035
1412292,47411.9580351772
1412328,52684.51054533504
1412379,49575.434775439855
1412398,31336.20698631716
1412413,53534.80628387064
1412414,52128.01850968869
1412442,47627.34686251829
1412451,56643.7031994043
1412453,57007.473739998095
1412455,51306.416134008876
1412508,64340.676929846304
1412509,89861.93722898047
1412544,48303.64193393179
1412554,52108.17822981795
1412612,47237.689194812956
1412653,55565.6161420804
1412681,31735.48941406157
1412687,54353.79651687308
1412693,83977.0333300924
1412702,79549.70486945096
1412712,56780.161290676464
1412739,59989.0989659004
1412744,50493.82200896291
1412745,62430.43012283669
1412807,47940.238268120476
1412811,55296.50688539224
1412822,49634.73346733392
1412937,61447.10711279297
1412951,68457.40424272686
1413000,82490.36761684963
1413002,53163.09717248517
1413058,31989.954103988643
1413415,32356.165776434013
1413436,19762.959714553006
1414098,19600.412317681694
1414657,11106.98577760863
1415242,29708.345002194095
1415243,32130.87971165983
1415258,31843.349257461956
1415293,44715.87160294426
1415305,31254.005722530994
1415318,44233.487982081984
1415320,37800.77440502906
1415323,41389.225501195186
1415365,40655.745509000124
1415395,32956.763347780594
1415396,33691.481382850376
1415436,29069.912812491522
1415464,29842.37519183431
1415466,26196.34745180792
1415487,29852.6644477386
1415493,41543.893698230866
1415516,37677.61950221425
1415559,36058.879900386026
1415560,27901.910657203513
1415584,39397.7660067117
1415599,36711.28619156893
1415640,35758.26194153779
1415649,39832.41640603224
1415666,35783.13218263506
1415682,35095.958168021905
1415683,33626.027250725136
1415690,37345.02989637269
1415699,39155.45048920897
1415700,37051.87861824793
1415710,31085.198355758355
1415714,41277.82026256344
1415721,41615.930571140576
1415725,28983.16856310444
1415728,36393.672669824904
1415754,37478.66376759487
1415756,42008.29924719279
1415761,39295.631691164934
1415771,39129.57383762364
1415778,36806.87994634764
1415782,43264.00492725552
1415812,37915.43938629445
1415818,40396.12758274997
1415832,40016.811234193134
1415848,44380.418024514016
1415902,42188.07165466421
1415904,42375.399696930894
1415909,30707.984777976755
1415914,28290.559972967618
1415943,35179.845361400025
1415950,32059.75006864476
1415958,41367.0283262196
1415975,42460.07917640582
1415987,32623.505314561935
1415988,39626.29587173713
1416013,30403.032651308407
1416014,42561.48378508509
1416015,35134.49754303402
1416029,33365.45829481585
1416030,34660.98886061195
1416040,39082.41172108046
1416041,45050.955038915985
1416044,45014.62426557001
1416058,45437.96450679232
1416067,33976.11578881241
1416072,45565.98883997826
1416077,41592.83214875239
1416094,42426.9812401388
1416120,37111.53531346891
1416126,48927.96474829026
1416168,31695.868151203296
1416171,33575.10914288796
1416177,45009.0740619557
1416205,31633.211793391296
1416207,37041.69444417692
1416237,30724.686437533226
1416316,47160.62752151121
1416319,35244.99843166839
1416324,34428.06535581243
1416351,45733.178910171766
1416352,48601.81476565467
1416357,41542.41432490028
1416370,46292.903580469276
1416373,33415.871811711855
1416377,42185.24987552224
1416383,49480.49569955623
1416386,35966.62635672301
1416418,33110.2072969876
1416423,53655.45618250174
1416447,46222.21167692772
1416450,36224.184167566265
1416462,47362.38944318799
1416499,47190.9508468186
1416505,50229.34561595103
1416521,41381.17324385063
1416526,46870.983777006426
1416531,48696.02046558327
1416539,47057.521193190885
1416544,33018.45441741012
1416552,44921.00607779886
1416564,38291.309647205424
1416571,34918.65671512342
1416580,37751.67460295247
1416590,48738.53942853937
1416660,53049.687220956155
1416668,40795.76178634775
1416671,46673.03687714364
1416687,50036.56155216873
1416703,49803.82474370079
1416713,37086.11652204994
1416716,55520.620075182465
1416741,51038.15718880576
1416747,39942.707723259446
1416777,35760.394458930685
1416785,38424.11553593278
1416810,45652.88363802211
1416820,43735.43144053963
1416825,40752.680288660864
1416871,33176.36878100981
1416893,43584.382457377666
1416894,53278.12206936979
1416912,56276.32160143769
1416915,43090.17940683631
1416923,47890.68292192945
1416940,47980.04016459187
1416951,40731.795454670624
1416961,38928.0131288803
1416964,44096.46505034925
1416967,37995.61677689806
1416988,48254.63938633405
1417025,56956.99948637101
1417050,60560.53360565542
1417056,49895.70227000552
1417082,52566.828270089056
1417085,57633.76453825021
1417106,58662.756900607754
1417131,42411.218403058156
1417151,59538.78597275278
1417153,60337.32770978077
1417161,43836.455361574896
1417208,44041.58748451294
1417241,51012.26871810992
1417261,56631.05836623195
1417297,44331.473773644735
1417299,48974.97012805446
1417303,48346.27074882393
1417307,45732.42853391862
1417336,67256.78435695141
1417368,66598.24013853104
1417376,62789.95608767837
1417385,46469.03291927094
1417387,47341.13446581924
1417402,47616.33065614896
1417414,48939.269041013
1417421,44774.489233650944
1417433,41071.46103752283
1417434,82922.28915653395
1417446,57672.75287978534
1417451,70177.44531737576
1417488,63415.661173206034
1417496,47021.33059834835
1417497,43368.72908410881
1417517,67310.65183639046
1417518,46752.881689550595
1417522,49425.965754508776
1417536,83866.54595829907
1417541,63582.64979068849
1417562,45843.53319061357
1417567,53008.93925236318
1417573,51648.16813581277
1417579,71752.32471182785
1417594,55651.70321387812
1417603,79340.5692161355
1417630,86164.13529864194
1417653,50164.38169657801
1417683,42574.15099389333
1417690,56921.07814617812
1417697,89574.86059801574
1417707,46858.073253541
1417714,48124.25873116125
1417731,73828.74697932672
1417739,48112.73780615518
1417743,44750.96948524667
1417789,44141.7701376084
1417795,90021.3530314938
1417796,53747.131616999264
1417804,66845.81982980433
1417810,58435.548342805596
1417831,52104.84613805084
1417841,50609.99339747385
1417843,69026.12090112799
1417847,57787.95466193036
1417861,71975.89904075568
1417918,54732.75149488333
1417934,71216.0083569769
1417942,58952.42720138616
1417946,80226.16272148468
1417954,79240.30771772059
1417961,94235.76558182086
1417968,71310.81559492911
1417973,61686.784437387985
1417985,83363.5943604478
1417998,95495.91433118578
1418020,51498.07548436014
1418033,55891.32906984384
1418035,48185.55296559862
1418047,49512.8875605294
1418066,76285.26698804794
1418073,52081.8229662937
1418079,93556.27463345701
1418103,78912.46785455116
1418117,63381.37855069519
1418151,64100.81807641897
1418158,79134.4069361001
1418160,64734.952245498556
1418205,95076.48600389124
1418211,54548.0863208658
1418244,87138.42647498456
1418263,60864.57685638169
1418271,59368.7603962421
1418311,50738.26851540433
1418320,106640.66992211281
1418340,93096.71050576527
1418381,50014.16116177402
1418383,100901.03179508833
1418388,61200.85401130255
1418391,111358.86007638804
1418400,97759.53037705563
1418440,63992.2925914823
1418447,94966.2676440515
1418481,101196.88637436173
1418483,80594.23194572968
1418510,72120.08951264713
1424167,38613.7856329312
1426551,35733.44911822344
1427544,9624.51794878229
1430180,102795.4179821803
1430225,93017.75173026431
1430226,101595.74821177172
1430228,99149.40838288616
1430247,76348.4814068266
1430253,55230.38365043695
1430254,62337.59382583259
1430260,53563.045946873855
1430286,58677.98280013672
1430289,53758.65916592002
1430313,50312.922687779115
1430404,56450.65202295999
1430408,56689.628442993235
1430421,54855.63980499749
1430446,79624.76919471886
1430452,55660.12832439719
1430475,52951.14216961935
1430477,54747.05224376186
1430482,54084.19873986388
1430542,69687.67114619284
1430574,67484.3852880229
1430589,62913.581030579946
1430627,52952.20402445893
1430630,84495.72400020246
1430632,65974.05427007155
1430637,60278.30167796281
1430673,60475.81369469068
1430680,66042.38095130029
1430685,58061.826668640824
1430697,57673.79423217316
1430698,55460.72418050116
1430729,66699.0766509754
1430755,68103.37646773763
1430760,52483.99243550889
1430773,70586.32367368959
1430787,59059.86345245436
1430790,63449.82070924078
1430863,67455.47810593485
1430875,88425.29688870178
1430880,66343.18063525567
1430882,55266.37404304904
1430889,71532.91807816918
1430899,61598.98984396587
1430913,57692.828333550664
1430916,66287.00184040965
1430944,59192.17550131249
1430957,80542.89724374579
1431025,67286.18880562513
1431038,78042.74940820796
1431040,62264.054156419676
1431045,63875.09187453277
1431060,64534.8486141985
1431082,69075.96844142907
1431098,58453.197363995096
1431129,69763.04416206382
1431132,67472.9110656363
1431635,73246.30132884246
1431648,59932.37698081604
1431654,67504.07935278025
1431657,75157.98681793266
1431732,65919.09568580282
1431740,62499.45489411507
1431742,69466.09603100638
1431748,69190.1329360662
1431764,62050.17605993586
1431817,72846.51968045876
1431882,73616.70323995943
1431883,65193.3105807875
1431978,71568.68589432852
1432009,72903.47950046914
1432036,54297.640071177055
1432041,62672.922469419456
1432056,69746.00337117443
1432092,80035.56922988217
1432103,78317.68594448025
1432115,68611.70633926115
1432142,70199.06769370234
1432149,67830.75893274289
1432227,59898.2614972638
1432240,76575.22505845616
1432340,79462.06232294593
1432349,88347.1405576593
1432444,81006.94145170656
1432497,80974.44794214032
1432521,72943.58421792113
1432534,76766.89009181292
1432555,75705.82724498175
1432562,78659.17387026285
1432563,76017.84547180722
1432571,62813.0335017234
1432624,84299.51087296306
1432646,79633.16763704979
1432694,79036.28034254683
1432707,86666.38674556943
1432732,73218.79065912307
1432747,86666.38674556943
1432749,83625.2377314202
1432769,66372.9620706019
1433047,52197.07940903678
1433077,87998.96854749636
1433483,58163.25390072198
1433751,78004.7351807755
1433770,58669.675344037016
1433780,39509.56994800095
1433785,87034.06848586643
1433790,62534.219857378506
1433796,53706.72320916995
1433802,57109.94165694435
1435279,27279.583420272957
1435286,45367.934157379816
1435287,48128.28571860198
1435290,20298.45867911621
1435311,18733.759797394712
1435323,19583.370012778898
1435344,21401.903862461666
1435351,29004.007861443144
1435358,19059.734842217244
1435363,23270.33400956735
1435371,18512.036754162564
1435377,21842.798364632476
1435397,23496.38900354301
1435424,21223.823863526708
1435431,24403.689561810035
1435432,23461.679749716743
1435445,38683.637875150016
1435447,20327.411757984406
1436116,25782.34701686307
1436147,59922.090696180036
1436300,30202.0953826231
1436301,69762.5363536192
1436317,33993.60641325962
1436356,32066.905523498448
1436359,31433.477722256255
1436362,35995.329349123014
1436371,34363.34410405748
1436384,49992.96489683786
1436438,37621.698001982695
1436457,22230.843940553455
1436458,20143.2180092074
1437413,69601.71295577618
1437430,32195.965747649578
1437447,64310.64970877086
1437471,34106.61518162215
1437475,80744.8657514873
1437486,85948.71338892153
1437492,36287.931955495435
1437543,61125.592740280175
1437553,49514.10154832229
1437559,44375.819324054515
1437566,48540.09058165352
1437568,51338.467813125964
1437598,85621.53316885776
1437649,85064.3740251256
1437656,12723.816360641234
1437826,28742.042436833963
1437933,34182.024215133926
1438293,35249.027326634314
1438303,36933.51223252582
1438316,38694.386460430906
1438322,19598.751022333152
1438323,41757.80332595094
1438331,38132.38414013096
1438343,40658.969634895104
1438873,71824.61574443331
1438901,44146.96389967863
1438910,77662.85822207783
1438920,53405.022276572425
1438932,46583.86189183802
1438937,53611.00523871453
1441638,16042.713318274276
1441661,14319.121827879
1442034,35853.03051370608
1442041,33562.63110966165
1442047,37807.81116993096
1442061,43105.40922529022
1442090,39833.18710753761
1442108,45323.06806626947
1442181,35129.79502693056
1442209,36531.78410585471
1442217,34541.42275270632
1442236,36258.75724586285
1442237,35457.152279342656
1442238,36879.639896304165
1442246,36123.645416438965
1442260,40361.7195926269
1442269,38628.51263843639
1442270,37597.069643607945
1442276,41532.029664160655
1442347,26872.374431220498
1442353,35611.5880409209
1442384,62783.46831855556
1442415,39096.64751486595
1442434,47959.38305592231
1442846,104929.24163955258
1442989,52412.896914797246
1443650,8767.258956122543
1443652,9587.830802422173
1444893,11059.461096515433
1444898,14270.554501695899
1444939,12986.229050985297
1444945,15015.041730832989
1444953,13085.239714082318
1444956,13797.066419231485
1444961,15771.550989464811
1445008,12924.470817284111
1445010,13979.916199872332
1445021,16972.71894401315
1445047,14536.68614880318
1445069,12724.174951402718
1445074,11752.915137407408
1445097,12165.440694289475
1445103,16131.955831736444
1445126,16750.83430469997
1445155,16501.162821791746
1445165,16134.952716765818
1445191,37536.10350204625
1445202,47041.83222379503
1445231,42491.92912162548
1445236,37458.966279872206
1445241,31136.4819319873
1445265,43869.32799740203
1445289,39866.74490796848
1445314,40272.52952171478
1445319,35307.47148161728
1445325,45217.084700897794
1445350,33817.160189616334
1445378,45520.457218555406
1445403,45848.179397370186
1445408,44541.59357623269
1445428,35278.83295781177
1445429,34597.41374537006
1445430,30668.761428627084
1445448,43871.62963982066
1445455,36654.21107011093
1445475,44259.13268555622
1445499,45905.5615874164
1445501,35682.30223154393
1445516,29817.578305508163
1445529,38854.16128050487
1445530,42170.47223179917
1445532,46868.048161847146
1445537,38504.38917306481
1445545,41338.54538359066
1445547,46136.62675768204
1445563,45451.84397282436
1445577,32637.66172619852
1445585,37339.95305505602
1445598,31482.216144434584
1445609,33228.635634622064
1445638,35442.797691671156
1445648,32329.74391240366
1445652,32133.921207967698
1445663,47408.58686216483
1445676,35090.61878481815
1445746,37440.60798479576
1445781,50133.15654406771
1445805,45752.63644873258
1445835,46988.257703863404
1445840,49080.3261826613
1445872,45339.92123536802
1445874,47320.906457018515
1445894,34472.41776169013
1445898,51226.46611357245
1445910,32729.937371470398
1445949,39444.0309864004
1445953,51802.74764624881
1445966,42835.72247912486
1445974,47556.248986787556
1445997,46098.91528234714
1446094,38232.82386419457
1446149,55252.17944332088
1446158,51747.62563504746
1446170,46971.2805818809
1446171,46772.72735204076
1446183,38844.45144016081
1446188,45972.74888092388
1446189,55592.3753761112
1446220,41387.25354999855
1446270,43742.10170522658
1446279,41928.42343109383
1446287,74733.53156898156
1446288,61388.99539683138
1446304,53527.114684339766
1446309,56492.10251224104
1446313,62458.00093500774
1446321,58059.1011623723
1446322,57069.17085916237
1446361,45047.26827370364
1446395,57879.25442737594
1446405,42079.867089425345
1446412,68191.94609169904
1446416,63636.79645198722
1446436,42831.4091088894
1446444,63491.963817429576
1446465,44758.513895445074
1446480,64119.0096296876
1446481,43699.840947476965
1446486,50248.89929258323
1446490,61516.88237026793
1446493,50222.689494944294
1446498,38838.59969039329
1446518,47764.17424426944
1446551,68345.20386118015
1446562,43638.18534010772
1446573,74661.88423903055
1446583,68677.6789012318
1446617,72466.3752313249
1446622,42826.18772619303
1446639,46626.51442724807
1446640,49428.98384031245
1446677,68386.12175409969
1446691,67260.64354404932
1446694,56861.864629438904
1446701,56020.22674315556
1446721,52938.178325062145
1446722,64170.919500564865
1446725,67636.51699911334
1446745,59080.43043943283
1446756,45468.939887280554
1446773,43663.566038071665
1446799,40870.71919814354
1446843,50724.044548344755
1446854,55357.99655803016
1446855,55455.328016796586
1446857,57420.22589338571
1446890,54432.32740495886
1446896,55555.07687366565
1446897,62845.69332990808
1446910,38879.94727198034
1446922,44868.1779899104
1446936,55363.91301612765
1446938,81261.93672910839
1446957,69406.8810627835
1446961,46763.391508876266
1446973,72208.85352748132
1446982,51582.06311731825
1446990,62995.302016355185
1446994,49905.49213253708
1447007,50974.76030241896
1447016,70398.80652802663
1447052,65690.42970270675
1447064,62657.322345209366
1447086,59649.45137561624
1447104,64417.07597512433
1447111,75515.53870521636
1447118,52192.04858316042
1447126,48266.39533063651
1447135,70925.78625266519
1447138,62341.070269736265
1447144,62862.838007119586
1447164,72538.74408365999
1447181,57281.54037400032
1447190,65450.915529685866
1447207,46881.295340397955
1447226,46113.53003392215
1447239,49512.92691455193
1447242,71827.8244957581
1447246,63545.70488987003
1447253,43594.31021144131
1447258,54484.60649514469
1447268,75235.19251782158
1447316,52921.76947383964
1447318,46552.83592301112
1447322,55537.73418866817
1447326,65778.42442635374
1447331,43251.95223316105
1447339,49512.92691455193
1447369,51754.755738490516
1447396,59873.9390626892
1447424,77638.66568794151
1447444,60089.767204118914
1447480,53287.68132670586
1447482,84712.68724383184
1447491,82401.93815197654
1447505,106895.87656864402
1447512,64525.68783584865
1447530,103524.87975752568
1447534,40046.011792109806
1447561,87103.58658891248
1447588,75114.13634445157
1447617,56036.71017000948
1447624,51881.19636920186
1447640,50942.595067494214
1447649,82017.68894375012
1447671,76304.71614990165
1447721,105913.27031733257
1447736,63491.97253009284
1447742,86239.80163726173
1447760,52897.23249870495
1447790,55127.220192848115
1447801,54923.50794414643
1447809,65527.791165405106
1447841,48972.29881050285
1447885,60147.43459295054
1447892,58196.085336513715
1447896,51660.33761952965
1447903,67970.36050934218
1447916,56253.82491447132
1447922,80419.45414214945
1447929,76159.81798478916
1447933,97182.86675855822
1447989,48736.571979359265
1447992,87338.05731288585
1447998,47871.42518481558
1448013,68015.9976194367
1448038,77287.93913739106
1448039,79318.15643829548
1448049,56986.978577393136
1448067,53285.356079461235
1448083,99859.1736383575
1448111,77449.91815613859
1448140,54573.32414436051
1448148,66414.7549449822
1448157,71438.64223292605
1448165,81158.42126463316
1448203,58714.313468320535
1448214,52390.24388912065
1448227,68851.08495652534
1448239,68843.79378754746
1448278,96039.75309100085
1448325,75027.18201012183
1448342,90711.8758665859
1448344,58475.31275267511
1448397,67172.32930453788
1448402,85670.35672878136
1448403,72946.87835624703
1448405,63658.916809390525
1448437,80573.16684400647
1448438,68970.5607842557
1448476,102203.73156644343
1448481,91959.6010528549
1448534,65278.77617133163
1448611,70313.17240908334
1448652,62241.913403716986
1448656,55682.855544971884
1448664,66978.46505961544
1448669,76665.02874896745
1448682,95420.3992644113
1448693,58575.36486127216
1448694,118660.23841202201
1448701,58974.41378264109
1448743,62441.584584522505
1448750,68763.45741438173
1448764,66867.09886464657
1448773,64346.204581814396
1448791,68503.77873225289
1448798,77704.07840842732
1448800,62016.50921521327
1448848,94656.78596660063
1448875,67310.40480188094
1448900,119078.01955886885
1448903,74223.09652404679
1448908,74349.9107866858
1448916,67243.86236504864
1448972,66840.30041088078
1448973,64989.69031910146
1448982,69710.89192209886
1448989,65395.0411304397
1449001,82141.87243368724
1449028,77586.33383602952
1449032,76665.14505131147
1449104,109240.05458534643
1449121,55813.1441791665
1449154,90182.68380182318
1449168,82853.30814729645
1449189,84716.90580140549
1449202,68631.52323418815
1449263,65247.6109786232
1449276,58971.05915854757
1449587,14008.106099188892
1449602,12175.757790239795
1449613,11518.974992988711
1449693,12860.936594322258
1449743,10295.653081627079
1449761,13894.074123189715
1449765,11417.235842979493
1449813,12841.695644646925
1449830,16475.95504138338
1449841,11807.66254377724
1449843,12309.239407192728
1449849,15662.431996478464
1449858,13406.51422538084
1449863,12405.645054423141
1449867,14034.036047611904
1449881,14152.748152750077
1449911,11850.330327232361
1449912,13351.317210534622
1449933,13406.51422538084
1449971,11700.089332165302
1450159,31696.053130924283
1450186,33267.65170534873
1450189,30378.53381960575
1450205,21571.018729700772
1450207,30657.517514981246
1450208,31144.668050156146
1450244,26841.665981702237
1450261,24676.319397089435
1450283,28727.977587140515
1450303,34129.73482720483
1450309,24157.66919941967
1450317,35758.116905013034
1450346,29955.32299875497
1450382,36681.490685853976
1450384,34453.842125831885
1452189,28863.70795180502
1452226,21118.232193592758
1452847,20924.28434269764
1453703,26533.313417135738
1456118,29006.196000386397
1457095,36458.82721960996
1457555,35439.32672010107
1457831,42664.65806979738
1462705,53192.11799902038
1462711,81077.22409231793
1462755,40587.162304510064
1462764,48263.06748247041
1462775,88520.64566674599
1462806,50351.5043596475
1462828,66311.79186836715
1462961,56409.080557992966
1462999,46414.44179621523
1463035,22014.33033722641
1463046,28204.543261426334
1463063,15466.684402116824
1463069,42660.80706894647
1463071,18336.40531300606
1463091,44356.4888864374
1463093,15157.375282782557
1463108,19074.30845053858
1463117,54793.14106774297
1463124,60251.67324529151
1463150,67571.63465697166
1463185,20121.79862928414
1463188,19056.196974121063
1463193,22467.953809664352
1463204,16043.138016611334
1463209,18135.59087243317
1463218,49495.16500961219
1463220,19355.665488264705
1463227,37034.572379073725
1463241,21035.32138211076
1463249,55923.01388643347
1463252,21720.739422281502
1463260,20475.749088252844
1463265,42310.577413672785
1463276,35956.57482651433
1463306,24660.01842268277
1463370,40195.39060264276
1464154,36002.80241844927
1464827,43208.06472207929
1465266,19713.671915413262
1465762,27412.150799552273
1465763,30272.021757770373
1466266,60399.22062202204
1466295,74544.54852696559
1466298,52456.55497988051
1466322,57513.918412354134
1466330,55496.13519270236
1466439,29927.549223514485
1466678,76222.84129181346
1466722,58241.277612162616
1466790,49464.42820684544
1466797,51583.40683257868
1466808,52781.25984040311
1466835,63681.07182327697
1466839,80376.06176305049
1466847,48856.02824402254
1466918,46498.83969530641
1466970,28543.233093420436
1467019,47728.38026135011
1467052,53300.895909393694
1467100,79705.9925621219
1467129,59657.28249378174
1467481,23418.250650605285
1467487,17654.6440388354
1467497,30750.52656179255
1467503,29710.17514011237
1467507,32942.54236585901
1467552,17692.479461452058
1467578,30787.520387005537
1467609,19301.04950386308
1467619,33365.881917495266
1467621,34275.591740769756
1467634,20810.263710090694
1467677,19430.42402973652
1467684,18810.38158497344
1467696,19438.589105510368
1467724,25612.44017777781
1467726,30373.940396134487
1467741,21554.838575712463
1467786,21097.014475423784
1467793,18779.663414836254
1467794,18504.019673448794
1467808,22504.00616875228
1467810,24068.69142857595
1467818,25954.865501402863
1467849,15921.730875652582
1467851,30585.84761420634
1467855,20028.758832354353
1467867,21152.49007892794
1467870,22807.81576489215
1467880,25092.787603724526
1467904,23776.31586066885
1467916,20238.448438026244
1467936,19037.20432954627
1467971,21971.264982248333
1468004,19266.57120121249
1468010,21906.39502660576
1468011,21668.239420666425
1468015,28208.032467362405
1468023,17739.184724699317
1468043,34570.175667765776
1468047,20878.190932452584
1468050,15117.516407791943
1468087,21859.289057313577
1468107,22605.703590973288
1468114,30246.600990717565
1468117,22713.686004742263
1468124,40936.521705716674
1468132,17846.133803913264
1468136,18243.54126979391
1468156,21985.0898340132
1468170,23547.473043590806
1468171,16987.12466698699
1468181,20378.45228020969
1468215,32453.525863435883
1468220,19913.12267222872
1468265,20210.779882803796
1468273,22256.31186268047
1468278,20817.22815281031
1468290,30634.52622047286
1468303,19785.18312435437
1468339,21178.07024303329
1468342,23547.81746545181
1468344,20477.662635813536
1468348,20167.021458283787
1468379,35083.38630436493
1468380,35113.200890833774
1468391,20287.937480306202
1468403,20549.18818894688
1468411,20287.937480306202
1468429,25036.998594947483
1468435,25235.107019245468
1468436,33646.573398248904
1468437,28016.97678891331
1468449,22141.037074223994
1468469,26957.627426335384
1468472,21785.657496734326
1468488,17656.75549792787
1468492,19738.903356023533
1468530,23105.433022121233
1468544,18696.15169538433
1468567,18831.647228621372
1468579,36009.411233401144
1468586,18573.694356692045
1468605,26271.08685671244
1468609,19019.66073176155
1468618,22854.286370864298
1468619,24111.886548834456
1468621,23376.45686248131
1468624,18457.67479070753
1468651,20084.70508189163
1468652,21580.515116398365
1468682,19682.96593722448
1469585,34502.76845665711
1470006,56612.64635352622
1470019,47902.93597443082
1470066,22938.43259366615
1470074,44103.08616226663
1470079,42950.58407121336
1470092,73505.72361964798
1470113,83215.82552714345
1470123,25209.9640507582
1470137,22847.068683995403
1470143,21177.944470244158
1470159,24922.13103226788
1470168,76241.19062048073
1470178,21438.943472071795
1470188,25811.162927047644
1470206,41108.95652655118
1470219,75373.45169546743
1470223,27174.26563718255
1470239,17187.847654155536
1470261,106565.0125942339
1470552,40532.88469856125
1470582,42952.332477156335
1470862,36155.15112866794
1470947,32814.7030377492
1473040,20830.161844072503
1473216,21253.33601728724
1473303,18585.21721998486
1473350,9717.988424950874
1474594,10456.569333534248
1476704,16987.624828591706
1476806,35328.34972342454
1476819,38753.80195368392
1476853,39840.47545105916
1476887,33474.33434713706
1476991,47963.59334581884
1477010,39720.81547047196
1477043,38583.06242189446
1477072,37363.879149594024
1477097,41253.42230247174
1477338,30309.82266726339
1477373,22501.164224533306
1478135,35544.177180684244
1481908,28976.51232188097
1481933,30310.140093558723
1481962,28261.445187563364
1481963,29735.89141454171
1481973,26970.3959541076
1481985,27286.716903319266
1482012,30076.539919443527
1482019,34208.84833262985
1482036,27527.644664636446
1482037,26446.379410712456
1482044,22131.208474566098
1482068,29904.466712199453
1482077,26449.82399104626
1482078,29264.492867068726
1482093,21739.33973306649
1482105,26304.86537278045
1482107,27217.131003264338
1482162,25158.870067935288
1482171,24166.63654323758
1482172,32112.065619220826
1482184,32039.691571214753
1482190,25472.133327572657
1482192,22123.76311002313
1482219,28023.34138935671
1482222,26997.728547538987
1482230,33533.9605790079
1482232,23508.079885055668
1482233,28740.09007913535
1482249,29583.884725573258
1482253,33554.10977378387
1482270,29229.759929124644
1482285,33155.736272770504
1482300,26144.141812071546
1482316,26868.42610698579
1482318,33276.559745219216
1482347,35698.174494044455
1482360,28331.743745950185
1482380,27036.26685429636
1482418,23797.92808184076
1482421,30642.12415372791
1482438,32243.030957304032
1482486,34251.106005819216
1482512,28835.764326973953
1482550,31793.56115335624
1482573,25635.036563953636
1482590,33702.02683839419
1482623,36553.85212520747
1482624,46133.349856211105
1482626,34677.27926428561
1482723,31579.804561784913
1482767,46745.25487233879
1482770,27509.103204367068
1482793,42184.40121101633
1482816,34407.2671710691
1482822,34242.711968569616
1482825,28904.626910609873
1482829,44273.43735354279
1482849,48040.63624519458
1482879,34063.00500127712
1482892,39057.7663927699
1482912,43598.10828678169
1482920,43931.12746873946
1482923,59563.32658525856
1482965,49956.11394002853
1482973,46246.096652275446
1482992,38695.75057191434
1483039,34926.94627404386
1483042,56539.29124879439
1483051,40930.438801111886
1483059,34486.54813104016
1483077,38095.63929994016
1483095,40750.968847380595
1483124,67763.11890572016
1483125,39436.14006978517
1483444,13027.935070660773
1483455,11752.334914357903
1483456,9773.08350680464
1483459,11676.960827362336
1483495,9550.3548699341
1483500,11794.351300759094
1483502,12715.3363360958
1483514,12155.796055566067
1483532,10887.373814602417
1483559,11676.919165420619
1483570,11423.568050640055
1483591,10719.026754677197
1483594,12185.260277641284
1483646,14352.379437194759
1483647,15887.392522553939
1483652,14691.82793311635
1483665,12504.970666933423
1483675,11438.913824370464
1483691,14448.178967813014
1483693,15387.081096916236
1483739,13780.255855277223
1483755,14016.496300431485
1483807,16119.797843208653
1483813,16160.913475820355
1483859,17398.850012594947
1483882,14526.474744314977
1483900,10212.786239092347
1483951,11264.834892730161
1483952,11669.020522558822
1483955,11193.155415650217
1483971,11431.415499725656
1483976,9629.719774572235
1485429,71867.59686593521
1486053,88071.29804629092
1486071,71904.21133302772
1486710,43120.19657039123
1487126,31234.755510198156
1487983,56945.10274379296
1487989,54164.56886157807
1488000,47273.23340595639
1488001,47691.78096128609
1488004,32321.574768055205
1488027,72941.88349951981
1488034,80842.69460990814
1488037,76307.63854383006
1488038,51820.545048887
1488041,48190.397532803436
1488076,47843.599310940954
1488114,85462.87004441186
1488124,65539.216739184
1488131,63436.930831713515
1488132,50527.72540170714
1488158,67072.21666961844
1488192,83137.50861645731
1488198,45837.184177832496
1488199,48261.5843355345
1488209,49132.4066791508
1488213,89408.47275951068
1488249,50889.97925198406
1488267,33377.70318058902
1488298,61740.14454423969
1488299,47229.92884059623
1488313,51827.81858223632
1488323,60133.72023232675
1488547,31785.10500346883
1488553,41015.83158612485
1488558,33176.570627491885
1488586,48714.8077961321
1488635,69192.42091338418
1488655,51773.69152229472
1488664,52289.093376971396
1488665,51913.89680601239
1488676,67416.7637938116
1488678,65947.54726152885
1488684,46392.76156935424
1488685,46710.92124234914
1488694,48445.24960291734
1488699,53686.64696054285
1488717,55180.61976696375
1488730,71791.84951194267
1488789,34860.127063610176
1488800,33538.679935600034
1488803,33427.994669057916
1488831,45353.693163984804
1488841,35711.60190672298
1488847,35202.31149566523
1488851,34118.41745806429
1488853,35112.28316992532
1488854,49315.86034013756
1488856,35336.96710652987
1488883,33358.36115660579
1488907,34318.162228458656
1488927,58730.66380470312
1488933,36862.02654639958
1488936,34797.44598153183
1488940,33794.29679043123
1488974,41168.9385873701
1488982,41054.29591248723
1489073,76734.97965543525
1489121,74604.70771185186
1489176,81304.6398472757
1489235,43971.3461476861
1489257,41001.906263785044
1489266,39579.15747736522
1489267,40280.663712027555
1489268,36952.91677060117
1489271,42390.958741517454
1489277,42107.37403443889
1489318,54260.04080588647
1489351,43079.37694702663
1489377,44132.526867390625
1489394,44432.467734621256
1489439,53975.09588595148
1489446,39361.33371577503
1489494,41866.85285118103
1489499,37646.60939843846
1489502,45144.44084014427
1489514,39380.195709981235
1489523,49623.95439650755
1489525,70638.2888857802
1490472,18540.914667348246
1490480,18696.909474019692
1490484,20640.863892100027
1490485,20950.814024790878
1490491,18302.457804697908
1490495,22829.008100446004
1490499,17167.499783874882
1490540,41044.478344399
1490558,46182.13487599914
1490560,106192.6810877914
1490567,109127.83591785637
1490572,106192.6810877914
1490600,124975.41461004448
1490695,81367.98313981177
1490722,59933.712613699434
1490727,48138.02488852368
1490731,74618.99125138902
1490759,42338.60992325691
1490775,49944.78356011718
1490790,45752.24817597119
1490801,43820.04873037781
1490875,40394.75315431887
1490900,61427.42023575073
1490970,38900.661599873645
1490982,75411.648451598
1490992,39233.6551262238
1490993,44528.811449638975
1491019,72355.33654652747
1491060,50676.254953149575
1491071,48367.869538126106
1492484,53216.83704608306
1492747,68177.43548102079
1492777,61979.280543948866
1493822,38898.09211498966
1494051,34988.51744920347
1494077,35011.74252423986
1494089,41888.43608703342
1494092,39656.453389174545
1494100,81585.21503012461
1494146,77690.50734101463
1494150,57499.983685131876
1494157,77593.15493474758
1494204,55166.37643795305
1494222,49522.42740345932
1494265,42483.8592810311
1494285,40644.263896608914
1494311,31851.836901939583
1494398,40106.14264739407
1494433,61802.077840623235
1494656,14402.680385010352
1494737,33657.86994414333
1494997,25678.085212959548
1495709,29167.16893058834
1496065,18157.40680696574
1497470,41515.047501124965
1497506,71774.10130713062
1497586,51407.99574467617
1497622,78912.3681889455
1497647,51202.1252072221
1497648,88778.91433681936
1497652,65549.66519568716
1497655,64630.5657132859
1497710,36929.39701573549
1497759,53520.63939835268
1497761,48370.13881184357
1497809,55196.44358986732
1497815,63528.47378154479
1497820,48863.78528170274
1497843,72888.02395963151
1497859,74315.79791537202
1497875,64136.149621511395
1497901,49227.56667939537
1497952,50296.42873135214
1497985,65099.314047405
1497999,57034.32992888257
1498020,46422.87791490971
1498046,59672.10897699419
1498054,74641.97194848262
1498066,53667.28243716846
1498086,49951.70413279563
1498109,71609.58894505327
1498150,55925.25141062546
1498174,84929.79952497555
1498218,57001.79385724291
1498237,71604.87666390718
1498252,45783.45228703058
1498524,75156.7756704543
1498574,74057.70550994157
1499490,70441.95727581871
1501277,13558.860563662525
1502071,38026.51314300863
1504745,39859.54082191426
1506001,56363.80607724902
1507226,63752.14529995412
1507303,37382.01797112919
1507304,39159.990380332936
1507341,48261.96174989906
1507344,31991.567507375352
1507366,30403.463237092048
1507373,38521.7167730498
1507403,42165.735128321416
1507420,35636.268491432726
1507441,63506.37670152501
1507449,40839.21213888714
1507451,42806.324996871175
1507467,36069.7183927929
1507482,43579.69602037454
1507514,43558.57537461592
1507528,57191.25560142168
1507550,44114.32482091329
1507600,52341.0091363072
1507628,55588.09927358868
1507631,64381.435329648935
1507635,61788.0945973215
1507642,44046.16753586229
1507653,39887.6197873217
1507678,64676.41749098437
1507728,66733.12445867172
1507740,61781.385884756986
1507749,68909.69239051852
1507750,49492.30525003282
1507761,51615.0332435144
1507788,62644.75438784747
1507793,93613.45772682977
1507807,57330.30822092655
1507810,80821.5801546593
1507825,72354.47108367723
1507857,80605.70041338031
1507865,96110.0187930926
1507902,84882.11579901946
1508955,22837.307228593083
1509432,45699.36582016533
1510507,58244.137212989124
1511590,9447.637163629859
1511608,11557.220359546302
1511638,10967.353619214891
1511648,10139.132150248397
1511653,9994.507555647177
1511703,10121.942595075185
1512627,36468.722009056735
1512633,37027.24612178099
1512634,38268.632777618135
1512635,43342.17356006494
1512639,35863.18316815573
1512650,37675.13278458481
1512651,34394.812510987496
1512678,36836.38680184011
1512698,38802.96201378946
1512701,47436.74001606189
1512767,34929.48935675445
1512768,36934.67478734189
1512773,40346.30129975625
1512792,45432.1770536389
1512802,45345.40276492418
1512823,42995.12581605593
1512875,43716.48923104397
1512879,33058.84150590206
1512932,44925.96938641038
1512945,43791.505210104995
1512954,36905.8848566957
1512972,47953.796089644115
1512975,37610.52786908735
1512980,42026.64807952906
1512998,45020.115068852174
1513031,43085.58416542663
1513051,53584.97501746903
1513065,53957.39160172912
1513088,54383.88258117094
1513089,57791.65224888608
1513096,43347.30823653589
1513112,59166.59067007854
1513116,37348.13362739189
1513126,53714.59995772541
1513130,41436.04553119892
1513154,61809.44020524651
1513185,53440.25835612009
1513252,47995.58095940531
1513263,50379.74445921502
1513308,42685.62551945154
1513335,55926.625308439725
1513359,48819.40696358629
1513366,41276.98893147588
1513382,58505.495988442024
1513406,49867.5020328099
1513409,53585.41943654054
1513415,42432.945236287174
1513437,59233.10056967941
1513444,57957.57431815684
1513464,38588.78376046345
1513515,42232.953115614706
1513533,51399.025654670244
1513555,65255.0804965518
1513578,39669.203410317896
1513603,66567.78275825406
1513609,60223.6890462354
1513614,50151.83641453008
1513636,61050.83281477454
1513641,53976.02622349928
1513649,69946.40387933831
1513652,54853.18316208263
1513658,67354.68908172056
1513667,75486.11111269363
1513684,55861.518789443224
1513689,62772.26100120135
1513697,57516.888951605106
1513704,57821.7449880612
1513729,87114.54349402571
1513734,73943.39342963308
1513738,59313.3496062742
1513740,60916.77203253699
1513743,74055.13684456218
1513778,54671.739660900916
1513793,66742.88330133932
1513807,70041.88469976957
1513809,107297.22437373662
1513842,63210.04352560586
1513848,80446.29688667349
1514024,70053.22743258288
1514026,81972.24600999632
1514028,85464.66660912383
1514029,107620.49587172997
1514058,57755.79364714482
1514081,79384.444960339
1514083,122074.23767968766
1514091,90774.83481873057
1514099,71352.09893970193
1514123,92933.68423178924
1514238,100588.39445268683
1514245,74915.03500791264
1514261,82624.10990325472
1514296,91774.63731920948
1514310,87650.90966461548
1514319,92017.31623151265
1514332,84658.87446896796
1514642,9796.178369217776
1514654,11114.898076545533
1514670,8872.098931815188
1514676,9263.326109083246
1514871,9334.128868443962
1514924,10007.896494351255
1514961,9742.082240477044
1514965,9570.385957269456
1514979,11027.12466489548
1515001,9115.4719927952
1515026,10121.916996640557
1515036,10790.868092073933
1515046,9426.949952127468
1515048,10155.065828324774
1515062,10185.96856392919
1515084,10137.118041454532
1515095,12290.362110432736
1515112,10690.307249790543
1515170,8598.801767220764
1515180,8678.538118010554
1515198,9168.324152230722
1515205,10243.985124274715
1515224,9951.060365318635
1515245,11104.560593392123
1515260,10632.504680141645
1515274,9921.020350222421
1515280,9357.164216348496
1515281,8834.657876152982
1515300,11305.056896572425
1515318,8786.059890015094
1515371,10429.00802377941
1515389,10165.14157331719
1516011,11335.86622309329
1516030,12753.83263853669
1516099,13292.210841550846
1516105,12511.407236087272
1516106,12733.87721254459
1516111,13512.333091954706
1517099,77926.77731391879
1518855,61334.1985642466
1519171,37420.515650691996
1519243,16890.582644584803
1519695,34524.033495285876
1519776,61053.71538707565
1519785,75345.5587739169
1519787,70020.72654095307
1519839,47542.26579213689
1519867,46903.861550008674
1520128,19296.626049467442
1520560,81751.7883692386
1520566,108187.89469156401
1520569,103424.38833390045
1520805,30370.918114158743
1520938,44465.4899761418
1520942,45036.17698363378
1520967,40924.84015502198
1520994,54452.47781290614
1521699,38994.30296135898
1521707,24864.138917437776
1521709,37867.43190111212
1521724,36178.344803474225
1521725,50077.373685978986
1521730,49627.30529585568
1521734,43385.30511020978
1521753,82717.08495590863
1521821,15680.53109280865
1521828,17748.75676040386
1521837,22696.687139287707
1521842,19548.92022483379
1521844,20057.56848388016
1521849,21483.68071258966
1521895,16644.046240509826
1521898,17468.03357138481
1521929,28294.09535207331
1521938,21525.885205241204
1521973,16507.699167964616
1521991,17901.681569849723
1522000,27853.77096770263
1522015,28367.460986041162
1522034,18712.131923541827
1522042,30784.182690291924
1522056,15994.795979736507
1522065,17845.610996734966
1522077,23661.085524536018
1522081,19320.247344398784
1522086,28370.217613442674
1522095,18942.304312695534
1522099,14897.673441486402
1522104,24149.33273913022
1522109,17835.73643942619
1522115,17249.50099299673
1522118,19049.76573611199
1522120,29106.516272776087
1522145,20710.103054420673
1522154,22953.471285069383
1522165,18837.05907098779
1522175,28264.840665497428
1522178,20557.710519457094
1522181,19239.763072522408
1522189,31522.257521802774
1522190,17054.670656285733
1522191,18902.345459147877
1522209,20461.827803361048
1522214,18889.018969989564
1522217,20263.34657506302
1522232,19742.610678922276
1522237,20411.510731947674
1522245,18111.264903623647
1522254,19071.22601807549
1522275,20081.2345495388
1522284,22953.471285069383
1522294,28421.76280878561
1522295,20667.99257274999
1522339,20748.511926899675
1522346,18656.59458830139
1522351,21437.491460048837
1522356,18526.516117506882
1522383,23324.31518059436
1522384,19890.44063431566
1522385,18111.487344767564
1522390,22600.784137098322
1522399,23701.326011894696
1522405,19590.751274572904
1522421,19708.6406851985
1522435,26556.985192195832
1522440,16638.553117302785
1522449,18945.391584114772
1522485,23253.49966352393
1522488,26972.85496851957
1522515,17021.133396760164
1522531,26714.20509640702
1522536,17752.544678165432
1522545,18964.206785603234
1522735,34972.73785319399
1522757,43840.33510792828
1522771,23240.009575883363
1522788,31521.32700857188
1522810,35490.473362147546
1522856,36162.887178225435
1522888,49313.47197693762
1522903,58000.609033621804
1522956,43386.56697942227
1522989,44169.47595023224
1522999,43078.33809634419
1523004,50753.24934441158
1523006,38492.36360905381
1523019,35028.40338680178
1523047,35433.48721182085
1523050,34230.00800414064
1523064,56290.084041716655
1523066,36229.98636983177
1523094,36071.49547990303
1523098,38026.7870657724
1523108,37820.42710818652
1523110,42954.40031544641
1523153,57048.30075492696
1523180,42625.795014601536
1523183,42454.278607948625
1523189,46635.09831883973
1523190,50471.089404162
1523191,44751.79530989174
1523197,49306.00990483162
1523215,41146.86317823787
1523223,40739.64928354966
1523225,44417.658666295974
1523229,40920.08141526513
1523408,55709.05952491428
1523420,55735.2527054416
1523438,99003.98348248961
1523446,59161.883675684156
1523463,63390.39196054639
1523526,60000.74785296568
1523545,62427.89942901645
1523546,56441.91020704858
1523555,100131.01166147953
1523625,105532.37466219068
1523638,99091.81000418674
1523658,63178.87853969968
1523676,62582.2149585431
1523709,37898.65944501654
1523722,59678.70036339743
1523725,55386.76345592181
1523730,65059.076462855934
1523732,59979.403780309054
1523757,61791.45170459777
1523764,39241.80203563041
1523765,40110.84604332128
1523766,40094.822165181395
1523782,55949.473205382565
1523785,79734.2338367377
1523795,40493.399895572096
1523796,39819.08094590595
1523802,41246.7482060342
1523809,57163.224370689786
1523832,41767.48574376908
1523849,46709.03690689699
1523890,69651.17209498021
1523892,38980.232149791766
1523899,59620.42251268653
1523974,52726.26669333983
1523975,37420.26468184269
1523982,38201.388188917896
1524027,85824.20717702822
1524078,44523.3292175345
1524084,45204.381842128365
1524095,43265.755355470894
1524138,67651.96500113023
1524145,40102.5665498592
1524161,38635.97704395545
1524167,38358.97874310497
1524198,43756.219778229046
1524220,33976.25184252239
1524235,41653.840013693196
1524244,45405.47719105393
1524254,56578.65885682889
1524265,85819.26362300661
1524269,37719.43437060668
1524279,28273.253967926055
1524292,39702.79359811365
1524298,45305.390678390875
1524302,39855.38353091882
1524397,58516.343189942214
1524423,46462.75597301768
1524427,43156.562324913364
1524451,44964.14951650378
1524483,46427.24415647848
1524493,44471.207206710314
1524508,48535.88185977505
1524509,39029.96236181068
1524513,57907.54080149068
1524545,39621.23964414973
1524601,39537.656870093255
1524674,46430.26936400042
1524687,44010.74650985179
1524691,48036.77165540042
1524732,45097.107312666834
1524760,84627.5489106769
1524814,48400.95791392054
1524818,42555.85810234054
1524829,68987.29753236212
1524846,56164.10276166811
1524852,42199.92649730463
1524861,31251.48595495887
1524874,62268.85231565354
1524875,68579.90420507795
1524880,46750.326291314705
1524922,53204.13904657334
1524929,45094.7030987605
1524941,29951.43220909682
1524961,62196.29175631589
1524965,43443.793358716764
1525015,63024.9965296763
1525017,76163.8928337505
1525021,68833.85591928042
1525031,68058.5261332195
1525046,46057.430484290024
1525690,81706.28012174615
1526058,66160.25646899438
1526067,26057.298913236795
1526105,20421.546242492077
1526109,67510.32642710044
1526164,25602.359673735675
1526178,45151.52202317115
1526187,49931.5408017996
1526286,27764.45077799962
1526293,58378.548718492144
1526296,44787.63120913141
1526297,41796.71457313233
1526310,58008.02876335335
1526312,58262.15667301433
1526941,64626.28058443817
1527041,31314.246082778616
1527057,31266.314485114373
1527074,35891.38439862446
1527080,42848.37538355195
1527300,46645.48655642801
1527312,74174.09147268353
1527321,57098.93857271416
1527340,48704.029878642265
1527354,90104.01525172629
1527359,39726.926641991944
1527366,79669.73801927002
1527383,63617.36789924325
1527388,38821.72423300105
1527427,38151.02415313947
1527431,47638.20431538403
1527436,42097.350287801455
1527441,45168.035306654754
1527442,43934.17987587708
1527457,47591.90062674566
1527463,75729.32117327907
1527507,59063.401344716134
1527586,77547.15157203299
1527588,82363.29509645127
1527598,48643.376956148044
1527600,36604.216978819735
1527645,42038.65977607095
1527671,38938.037176512305
1527681,72229.44178618133
1527684,43539.383482464946
1527693,44532.60637871754
1527709,48359.919294842904
1527716,39847.79056176633
1527718,46781.15233479441
1529749,46547.48616400076
1529755,56977.37433617137
1529774,60454.401964058445
1529811,26595.470555048214
1529820,41931.620919345354
1529841,32715.334387617648
1529846,57939.15926600237
1529857,29914.76125449265
1529956,96142.36515482778
1529958,103516.83291803671
1529993,121079.86940870008
1529995,86962.24162778306
1530003,101284.91542533634
1530045,120698.69839485982
1530056,127300.72521654889
1530074,113693.92915710567
1530095,124164.52900870604
1530107,102097.7577954535
1530345,80742.19634489754
1530360,31279.203107985955
1531263,24746.85716843425
1531270,41769.50588366806
1531312,21762.308445112987
1531323,35151.04278775073
1531347,33858.75485207114
1531426,21128.421809677788
1531444,57672.49176295512
1531470,15040.914426217976
1531473,16021.288731481582
1531487,37659.745488933426
1531488,36002.764344416224
1531510,42782.53473521567
1531514,38489.51130822319
1531526,15999.101324697436
1531971,66362.6449503968
1532001,76550.08413002314
1532063,68954.46048532623
1532068,65097.90650234731
1532095,70696.2692548456
1532146,63533.16979167034
1532167,65201.98574516724
1532236,73254.45745461478
1532325,76807.42192835081
1532361,67725.11060072591
1532692,21039.9306197233
1532854,31058.79119497247
1532911,32778.27714838802
1533226,15288.829129356305
1533589,84251.78097956692
1533836,106783.0007149195
1534267,42094.054536226904
1534419,77886.75128726754
1534619,122667.15147564393
1534741,108253.47037986718
1534808,28054.78104038501
1534821,27405.033697781237
1534835,30986.251766081135
1536214,75107.82651708301
1537137,69523.96954913827
1537142,84507.44919124158
1537144,87243.7551938356
1537155,81325.79831226444
1537157,74961.91429545774
1537166,68260.75697034394
1537184,73779.67688942356
1537196,82257.50703493338
1537215,73483.04321418885
1537235,77942.17010821703
1537238,78618.90835436143
1537616,79830.63948710014
1537631,73571.1882511859
1537820,89452.5857611667
1538429,86411.89018983595
1538431,90373.07155347151
1538634,81361.2108050785
1538635,81064.7935869513
1538642,69430.0929571762
1538669,73279.533392621
1538700,83781.98855723838
1538704,93510.8078257598
1538732,81799.54623516274
1538734,66846.86394488912
1538746,70812.91734585195
1538780,78323.31812742367
1538797,70655.49437453819
1538818,87700.93183445177
1538842,80422.69478282516
1538848,75439.25656117393
1538849,79511.64505375709
1538860,70534.88899318592
1538900,79484.53881230892
1538915,75359.61451900852
1538949,89791.53490391382
1538950,91892.07556690028
1538970,86166.80012195047
1538971,83229.4404670295
1538987,89140.08778298528
1538989,51469.93318634675
1539017,93697.92073220325
1539018,81033.43085160451
1539025,77807.72876901703
1539043,92488.60711723477
1539057,76505.52211240213
1539080,81750.93425468249
1539095,73329.37928789646
1539154,78884.1154731162
1539161,94064.10340574945
1539167,52760.34905533494
1539178,74138.91573551408
1539186,67959.39797995897
1539221,74099.33310988307
1539237,88111.8641133322
1539254,93416.01203174617
1539446,89465.36062248854
1539763,124560.16333748277
1539884,123004.2876097166
1539887,112912.6220061051
1540721,85289.44734156264
1541334,68966.28120857348
1541755,88133.69317504151
1543256,31652.694901483363
1543270,37404.16948656182
1543317,44391.46465574272
1543798,77954.54501204712
1543814,32633.315331780268
1543839,37033.90027880075
1543850,23763.0106780369
1544014,75236.27578362924
1544023,53379.455806038204
1544120,93186.1885640943
1544135,89683.02859122108
1544400,62330.96921090141
1544408,98856.50144978998
1544421,67189.75053569942
1544441,96738.71495754033
1544484,75394.93242367545
1544515,66139.8610872661
1545104,34491.741100643725
1545601,31810.284640220747
1545818,99238.419264101
1545843,88791.40771596295
1545873,63014.75568072563
1545888,60722.779085815404
1547033,23031.901162457136
1547036,23426.465158272946
1547098,34291.19858529804
1547667,89912.9933271132
1547668,91065.10467943641
1547773,47293.32658367929
1547809,103965.81991422382
1548154,20456.27151099441
1548428,30204.262710491224
1548502,40690.40991163179
1548718,50732.174098767966
1548752,53860.26898559234
1548754,60217.97835570211
1548814,59685.63702755742
1548818,59467.4847648257
1548835,34050.08052373241
1549052,76019.22189962634
1549109,52417.69741953336
1549114,47468.05565392207
1549151,58525.229488143086
1549195,44185.90110604548
1549199,45957.78388859164
1549249,56387.66643131599
1549262,61144.700876329174
1549374,44848.50855197396
1549457,60047.91261350248
1549489,98995.98420550107
1549547,107642.24754386324
1549728,123785.34451376079
1549902,89103.79991568383
1550896,72131.31261714835
1550899,70568.55714528337
1550927,73613.81371807422
1551016,45222.773696974684
1551133,75955.55089169083
1551135,77213.38026702347
1551195,60856.51698760754
1551228,82337.5753789917
1551281,64382.2954462925
1551295,56388.40868902789
1551424,54798.36042795644
1551425,57775.069383821254
1551433,64074.279215564624
1551479,35961.14804194799
1551501,53348.21812657831
1551571,46316.91927088712
1551580,44046.88602318764
1551589,47478.56858074972
1551625,49494.460157438814
1551644,48871.4992693064
1553720,35675.594769710435
1553726,36254.49395474431
1553738,47599.358047368965
1553795,69013.05076966123
1553857,82866.97617737812
1553954,59235.76599206196
1553999,69181.2908489007
1554011,61194.95013590126
1554073,69900.69371176846
1554081,64928.381803991404
1555426,32624.09756555893
1555474,29119.167843503332
1555481,19285.641994728685
1555757,77500.40315799428
1555865,75180.82385201607
1555995,94304.95683587927
1556126,93148.62480975634
1556198,82986.2796399373
1556206,61881.06056676732
1556212,85552.99366253805
1556386,64053.718010146535
1556432,65472.26207025325
1556448,78933.4450098357
1556489,83394.43127573963
1556573,78943.99337897908
1556637,78713.5532086091
1556792,86535.81021640603
1556880,97856.53567267644
1556883,98069.82621130798
1556972,18252.877352366737
1556975,18560.711993929504
1556978,17032.30175067338
1557016,23251.454201582903
1557074,13433.760445557007
1557325,90735.91660107597
1557446,29130.46530394677
1557453,24927.251292737994
1557506,30821.224627026702
1557645,72897.46653711567
1557652,89478.60348293446
1557671,87184.43597801146
1557690,87065.62932766577
1557694,89831.30055567624
1557936,91389.65428901298
1557954,77748.16706939996
1557955,84906.93366997795
1557959,74553.5632351279
1557973,82309.01607358991
1558043,85714.11627736862
1558060,83958.36173642859
1560112,31137.86103268659
1561073,24491.598665235353
1561115,23388.188025706117
1561139,27472.405924150953
1561177,93595.82355139797
1561197,78776.4664662377
1561249,12723.974415393397
1561275,14838.565118715305
1561376,88128.0399565287
1561516,81994.09094696154
1561639,62327.95402660389
1561651,73639.56044281898
1561680,62667.89476503285
1562934,9945.3165750264
1563338,28890.008479881515
1563546,49399.534817214255
1563719,28721.95006270747
1564002,73110.48455003324
1564713,100039.61491775006
1564720,90574.89113604648
1565437,58037.05475747916
1565477,48507.46915044419
1565526,55952.290136184754
1567041,21767.278060249544
1567069,22621.801783056944
1567086,24921.008482458958
1567155,28244.05939887273
1567201,13880.034226536603
1567206,27252.991419530827
1567354,87335.41532001625
1567373,59517.316508447046
1567385,67177.80541658052
1567416,83784.92654888527
1567432,86281.83748157244
1567445,57185.44884140254
1567450,73913.3637395994
1567452,76603.36578729193
1567573,73277.1981693223
1567635,95254.8887037134
1567679,77420.85988134299
1567723,69991.43945575824
1567734,85605.96057027484
1567787,83739.67456220549
1567956,67523.3241375883
1567973,75741.3764065045
1568159,89888.3774385646
1568164,76417.19979457122
1568174,90403.02247499941
1568193,87104.15693183418
1568371,93276.51825258111
1568709,71823.71272809088
1568734,68736.08359623418
1568777,53311.13369790624
1568783,53039.23683388179
1569511,10875.898558835603
1571073,38484.56790621275
1571108,37733.11670826595
1571113,37749.041354737616
1573770,71589.50911496599
1574228,40624.56815207474
1574392,84549.70255345377
1577364,16570.348688589693
1577564,21697.53443026555
1577827,21513.752252748363
1577893,29740.934360492287
1577939,22005.37464017761
1577944,22484.84448502711
1577948,25804.49751005734
1577979,31312.919684656994
1578045,37364.22024235074
1578083,31312.919684656994
1578090,28902.32502179432
1578091,32427.147262892002
1578161,23347.14465400619
1578191,19251.889095534247
1578212,16850.56881281712
1578273,20863.314625411967
1579336,19097.197576095714
1579365,13874.485509637168
1579407,16351.440509658463
1579670,32122.483125077695
1579692,16653.582356397423
1579761,20908.368270497438
1579777,22247.043911454464
1579786,16275.125374239711
1579790,12921.74136732385
1579932,14437.931578070891
1579942,24841.315992134027
1580032,25852.273882944046
1580055,11542.753837045837
1580128,27218.193483076
1580131,20130.72901146
1580288,30341.953634774178
1580449,15449.902582991605
1580459,12353.273841237675
1580549,15781.147271389707
1580733,14441.585494892404
1580772,12972.206340637718
1580856,13061.374641997605
1580864,13614.499337480114
1580908,11804.558543031779
1580922,39544.39501886927
1580929,18262.532641159618
1580934,19780.35261043931
1580962,13593.758626568859
1581015,12704.27341937564
1581055,15544.63921742543
1581123,15477.917894334787
1581127,15454.909455322908
1581180,12775.776496664928
1581181,11847.63891027426
1581188,11792.209581541323
1581190,12423.753277911337
1581197,14120.8826858202
1581205,17811.309123885774
1581227,12924.88551572632
1581247,21726.158162564207
1581307,13955.975890977763
1581313,14115.073772806832
1581332,12526.138540740374
1581334,9907.441332597207
1581337,11875.620023013484
1581391,17645.262800023993
1581406,23033.251408431955
1581430,12743.660010864294
1581432,41192.819207368426
1581449,17435.236424272607
1581490,18966.512605422722
1581495,43853.542522259406
1581523,17442.0123410296
1581527,11294.59373836745
1581528,19309.482662068556
1581539,35594.80023446239
1581542,16196.52139202615
1581553,21493.513865410485
1581565,26505.06930343632
1581619,31998.035502985444
1581632,17881.330356320428
1581633,28235.53431909562
1581702,15003.36197387902
1581704,20715.40210569844
1581710,31998.035502985444
1581749,38934.50169722715
1581752,25375.40850454709
1581758,21298.213147373124
1581796,22062.42240976783
1581819,13147.530156812103
1581831,25062.92131747002
1581846,18040.144263692182
1581853,17331.476594536576
1581920,16633.893736057405
1581923,20739.367862946132
1581947,14290.036997838608
1581989,14490.73977300874
1581996,17282.191205965835
1582038,22653.56976476076
1582050,14047.628666484627
1582054,19603.51661897754
1582066,13824.767486168032
1582089,19000.64604301038
1582103,19602.928394021714
1582115,20688.310862739585
1582125,54681.74556714881
1582154,31670.23582891495
1582199,30326.003648001984
1582201,30869.79020891182
1582230,12389.93512949462
1582271,50907.99635488162
1582279,48442.26148332043
1582282,48962.57345310636
1582298,19747.442206460924
1582325,16938.83822245777
1582334,20927.674242066558
1582337,28935.677058242643
1582348,18706.30996786379
1582356,19571.892924627235
1582402,27252.40318239771
1582418,19119.441185471063
1582424,19660.07543530303
1582454,30833.09175133523
1582516,15107.593124779416
1582527,22932.09370079413
1582543,26566.63820833749
1582598,18916.35318809647
1582613,16940.182604186113
1582614,17892.771452912304
1582649,22050.089124948256
1582650,37882.787013787
1582661,18269.865374608817
1582667,31276.493079641932
1582684,24086.685125309796
1582745,16131.805254419462
1582777,17896.91025310748
1582803,48472.546476896074
1582805,48779.522043315425
1582824,32073.77187888749
1582862,22808.69622401302
1582940,14412.415308809253
1582957,21136.934107082496
1582965,22027.048816866874
1582970,20796.843375633543
1582986,13408.127438155294
1583004,23336.219889146738
1583083,25464.973533010074
1583092,22507.509245976984
1583140,17531.157988298324
1583172,21318.601825301037
1583177,39187.53278612687
1583191,16229.151951002206
1583218,24050.93279395257
1583225,25465.011152351883
1583236,14348.043349122892
1583243,29924.542498028895
1583247,32209.76547220097
1583257,17292.98296083849
1583259,24602.11053696628
1583272,12701.377250717682
1583276,24926.86626505563
1583287,14882.459494899244
1583304,26534.684731338526
1583305,23931.231012488108
1583308,40918.68143000062
1583335,26683.694920714053
1583351,27333.322913050055
1583360,29428.198030190404
1583363,18579.905419284692
1583372,15364.204618220643
1583683,36844.42331058514
1583757,31322.201968714526
1583761,32341.170973198827
1583764,53130.16751792216
1583780,33362.105565806836
1583797,35060.095629119416
1583804,55986.13895135408
1583811,32658.262173421295
1583816,40193.06875317995
1583848,37768.18668338325
1583852,38262.1096826985
1583859,39179.88137341917
1583876,37936.29430076694
1583883,69705.63849733777
1583884,38965.80362956336
1583888,19026.795489195832
1583899,41882.18645206325
1583902,42497.803741187796
1583903,43833.31219597976
1583904,43833.31219597976
1583906,39286.987896510815
1583909,38807.537945906304
1583962,42152.35691668853
1583980,24707.713798543777
1584006,28958.466241728496
1584020,26170.93242792784
1584035,38390.0308128998
1584050,59662.383143946674
1584059,39216.54440854541
1584061,32087.971919655152
1584091,45463.35197578519
1584112,40042.67859071964
1584122,47121.087233832506
1584172,41906.953423591534
1584176,13109.053515548698
1584198,19306.463202774477
1584313,25417.70312272571
1584331,27195.0709767343
1584355,28587.762825904283
1584356,51978.9826968259
1584384,22914.229191389444
1584399,31025.138442640404
1584412,29260.588103973263
1584426,27126.62363933014
1584450,14726.696786319837
1584516,12568.717836129448
1584544,43384.0549916166
1584556,26836.357191441817
1584631,13498.221934204168
1584659,14294.09239298561
1584705,21898.813984757162
1584763,43651.70211064405
1584783,23630.41567359756
1584806,27722.08411423548
1584808,51464.12154808487
1584810,63788.2701911933
1584817,13483.103631675673
1584842,29731.09346471086
1584863,14999.418562443967
1584873,28069.53262512116
1584888,27310.534586825303
1584906,49993.54540505107
1584928,16971.452348679657
1584929,21616.385132441534
1584934,14497.819459134931
1584946,14846.061767550987
1584981,19376.34500123716
1585023,69937.59852070808
1585087,30180.918770860026
1585109,56775.22369758806
1585141,33447.455147596775
1585181,76504.56699691406
1585247,38373.84774086896
1585261,37522.26690556663
1585262,70057.27253547983
1585443,13317.700372058243
1585449,58522.58029774964
1585450,54082.96037238626
1585451,51385.80878241545
1585459,36904.08355233041
1585460,62084.93000291446
1585467,51716.93800916679
1585472,13838.74896985408
1585488,32449.397708077777
1585489,77445.48565333619
1585495,57147.94699144372
1585497,27885.940343877694
1585527,69735.69663610251
1585558,47921.853823675054
1585560,34612.37124941859
1585585,20863.46576163577
1585589,21592.73669213885
1585603,20440.327244659875
1585605,14332.336550015838
1585642,17258.291144883922
1585679,19699.57715677877
1585691,22285.76960107471
1585692,26526.709418261322
1585695,14276.781569213916
1585712,30077.903215783594
1585767,22968.854323801388
1585780,20797.933877488445
1585810,37154.39655046329
1585812,18098.66069115599
1585825,17718.938867904395
1585920,21884.168654548168
1585951,21569.254713329174
1586021,18315.40352954393
1586030,25463.036085451084
1586057,26445.720457065312
1586102,21468.604439160415
1586115,17262.950671381655
1586119,21360.581648660896
1586127,16410.592504176293
1586148,24190.77738375394
1586165,17791.84106704932
1586169,17600.953987484754
1586308,44655.26641692244
1586312,23632.927982330508
1586427,25215.025199964402
1586437,20135.49361257733
1586483,22978.378153766113
1586489,19175.875135971415
1586492,15616.676507384664
1586511,26545.47717723324
1586650,20159.682228459624
1586681,11889.879221246554
1586792,21622.17706251299
1586810,14351.856118057161
1586875,18832.32679306225
1586909,27762.74903239866
1586930,26561.24007170288
1586938,52018.19892489191
1586955,68680.41275377692
1586965,13674.259311901225
1587046,60257.03715663988
1587077,31700.35379021139
1587086,26432.679290000062
1587087,27533.039495871417
1587233,29423.027610274537
1587285,19599.08821589148
1587333,17809.121123559744
1587345,44507.408050175596
1587347,44101.896143968646
1587358,32020.899068278904
1587410,40608.363307755215
1587413,17477.108510595364
1587463,22154.92981983373
1587468,34540.52019141013
1587473,47820.44745521025
1587483,78639.39050388857
1587572,26726.35988290231
1587611,19411.212272583427
1587745,33823.09874691143
1587776,31630.64058313254
1587883,32416.407705257585
1587944,62786.882100471164
1587965,29895.58691320396
1587998,35923.7006193642
1588034,19305.440538672356
1588055,33059.946796562435
1588192,46930.28182087979
1588352,86523.32235214979
1588434,35121.795465629824
1588455,78833.54349136555
1588474,56737.54565851255
1588530,89121.54196041878
1588804,74428.07653026059
1588811,94891.94537510743
1588876,77187.51134397386
1588987,86973.21862775795
1589030,72397.33687391513
1589411,28273.47082610256
1589450,31807.97912812801
1589471,17120.3597426658
1589485,32594.234328997023
1589510,15970.98351293158
1589537,16445.021098539026
1589567,28383.56961626631
1589593,88739.05765438004
1589609,15993.599828312923
1589612,11882.911053426144
1589616,22362.047488918935
1589640,27338.521542703635
1589641,36869.83626323306
1589646,15753.25540642117
1589677,31906.332979687093
1589754,20650.338321264295
1589757,29961.016715882015
1589815,17630.010272080726
1589914,16797.52861793151
1589924,30740.287734756996
1590023,29507.99227162441
1590054,67859.01833467785
1590055,24174.53206906073
1590146,31031.239169014923
1590147,25877.311216097063
1590239,31952.926437371847
1590259,45573.28096011636
1590292,25825.8824517439
1590293,18798.23614034522
1590358,15995.383082055052
1590382,15294.112906840868
1590460,17286.41287202568
1590462,18418.613190044463
1590513,17777.770996993546
1590696,9848.158069240451
1590955,14879.707847053238
1591473,35991.085720063056
1591639,36963.63893321649
1591671,22674.375373765226
1591688,21724.185018557502
1591719,26262.691671589673
1591785,36235.34150078829
1591803,32503.358447921673
1591831,15945.839692103913
1591838,11080.856890966488
1591939,32397.401213595334
1592349,10405.789130052362
1592358,12716.86508859819
1592364,10717.67757522296
1592380,11122.43450863959
1592384,10717.67757522296
1592395,11224.719479745336
1592402,12629.168830327946
1592410,11206.829047674568
1592418,9999.521755576114
1592419,11206.829047674568
1592429,11635.284580781794
1592486,11117.488381718622
1592512,11057.915161720253
1592527,9693.005222201115
1592549,10096.807092480849
1592561,17202.45878634697
1592583,12030.795027113307
1592589,9641.769812060182
1592594,9812.706393238659
1592606,9193.126910123101
1592654,13130.100734308031
1592661,10334.27756594271
1592723,19438.885463503713
1592727,18925.01495138519
1592918,11218.636818276587
1592921,13580.54444402867
1592962,13852.07018208283
1592984,13847.258371864174
1592993,11541.633038980155
1593016,10980.12269464398
1593033,17762.446739216277
1593076,12750.646194092289
1593103,9314.437123895701
1593106,10830.744538314906
1593187,14613.398602921981
1593322,20230.34151965645
1593338,12365.031919017722
1593347,18918.62931840915
1593378,13829.265067792274
1593461,19385.56023835817
1593474,14837.188248406641
1593957,27031.2215982038
1593962,31643.317643569702
1594163,33257.696656964814
1594179,27783.596569532227
1594465,28916.197640032857
1594506,15596.418205476308
1594546,28591.43136157962
1594547,26493.698236574564
1594576,19589.7444244343
1594588,21690.1188606726
1594727,27756.13004963278
1594738,17090.82139696455
1595031,16684.61440039769
1595274,9261.393140465883
1595547,16512.141442014326
1595989,37588.23893917895
1596024,48405.734414916245
1596036,57836.40158792482
1596087,17098.75646931103
1596259,32506.398148503376
1596299,27999.612892451696
1596301,10205.19397281336
1596528,11749.842462998768
1596764,37432.66196732482
1596806,36383.80518190503
1596996,28985.18156574596
1597132,26971.216505211385
1597725,18796.898744287377
1597756,13169.595209437066
1597846,13323.820482910009
1598048,31397.79111926037
1598129,52383.80517887385
1598286,41146.103201189835
1598440,38756.93713406873
1598732,40073.35505510183
1598758,68709.82138001577
1598802,14606.679662183933
1598827,44305.399950526844
1599002,42473.176034276315
1599012,46546.823252283
1599043,52870.4198136018
1599214,14799.432326564
1599689,11003.51080242951
1599705,16027.87713563855
1599730,12924.741669077215
1599757,17112.921057957035
1599980,18931.643569772128
1599991,27784.473685898207
1600151,27474.39089309438
1600164,27128.055162757835
1600192,18476.071353484363
1600259,35958.68216696272
1600286,36545.45070218484
1600301,33857.8876657956
1600397,15445.812304034875
1600398,18425.90509943351
1600405,13571.709345976313
1600416,31734.94288977573
1600440,16054.448866071627
1600482,43865.520815768235
1600503,16675.639613404124
1600660,19133.453129656926
1600683,16229.918830309656
1600716,18599.122745626242
1600725,19254.112213686876
1600762,22252.05480180731
1600838,17390.783946685664
1600846,13257.474271925652
1600869,26679.637933757087
1600912,16471.62650379775
1600914,20238.638288210863
1600961,43542.99475097626
1600978,39874.70327496702
1600989,35035.16386632684
1601022,34488.28865685989
1601052,30737.65065923992
1601058,47403.66825531487
1601061,17022.855296754802
1601080,43485.10835871587
1601081,15796.90919896988
1601115,22338.71294629603
1601123,40544.73522373717
1601150,29372.47057846906
1601236,16086.325341923482
1601352,72197.60823981444
1601390,38895.60209438019
1601447,44781.67183697286
1601482,47612.42798250117
1601486,16449.479571760447
1601491,10331.457883509765
1601546,47264.75810257366
1601547,47967.813575630746
1601572,47564.9481881746
1601578,47274.36451556206
1601608,56829.4376895308
1601611,10030.190848372158
1601712,11968.63256175269
1601720,10334.688496908382
1601748,18988.931273988856
1601799,16769.620074370698
1601829,10743.020163075742
1601848,10247.148564876908
1601898,16125.45164908597
1601916,34192.41950950452
1601919,59854.15878134578
1601933,45924.10438150363
1601939,16553.819946495292
1601946,27006.871152390067
1601953,29395.485721627745
1601964,42347.42322412828
1602004,43891.392190112434
1602006,15855.52228327454
1602008,39453.61153936848
1602011,55450.94379687235
1602018,27708.900198980893
1602031,15678.126382809123
1602034,45063.60642635507
1602049,70199.67317470233
1602053,63216.04925684251
1602059,31185.868499780987
1602072,61299.18946355432
1602152,29820.652737142333
1602163,45316.23724708108
1602248,47044.99808500213
1602259,72399.69505939324
1602287,43671.66254734215
1602297,46771.5018949344
1602302,49181.65727392126
1602313,53916.628924354765
1602341,53763.75046287958
1602355,16111.528700241763
1602359,26776.134635218656
1602380,53124.53232804821
1602399,42667.763940778656
1602422,55544.16073627317
1602496,30025.904910792102
1602533,48519.72908078196
1602545,32088.73291987014
1602571,59928.15021503964
1602594,18564.027869329457
1602620,53497.027073763056
1602642,27311.94978528275
1602664,14249.743323158998
1602703,49090.3354017329
1602719,62121.10646722812
1602786,60313.58359891664
1602800,12502.684199046413
1602810,11819.522645236528
1602828,45622.31982002597
1602850,46478.98370080422
1602855,16660.916436710482
1602858,17733.876460574782
1602861,59020.16910165837
1602864,34592.96869450604
1602881,14120.095028434056
1602965,67275.65004864658
1602982,57537.04800836717
1602986,67502.80012114426
1603014,56122.79867388645
1603024,56925.38701581986
1603027,46342.02424055121
1603030,41550.056267384105
1603043,42228.26431101397
1603052,21213.946526676267
1603081,45801.89291497382
1603135,40047.06497209246
1603161,43817.81039811397
1603192,43411.263236191844
1603198,51049.12532449863
1603206,70712.98976440598
1603232,44560.95236705352
1603275,43495.47269087027
1603309,67437.58047075386
1603334,44768.62748109161
1603398,27005.000012617704
1603424,54869.91634984725
1603432,11275.07601844843
1603436,13458.83679100975
1603494,52367.954142166156
1603513,52410.310861703954
1603520,46548.12837544527
1603554,52635.41740942662
1603638,81315.18504473871
1603650,56288.107917383946
1603654,57319.92565649858
1603694,62153.93084863598
1603734,55224.395440215885
1603763,63373.97847536741
1603774,15463.326852459455
1603776,56154.280809485324
1603809,31883.475289529008
1603834,17607.92657740306
1603837,64638.65652896631
1603848,62463.733715942784
1603868,62463.733715942784
1603888,13666.94402759808
1603916,15666.095194021642
1603935,27060.952633244007
1604004,14627.183549273817
1604017,15248.32074938289
1604026,35975.72609077312
1604027,88312.38209001302
1604044,14270.02125164344
1604059,18726.022208855124
1604112,27703.428779725637
1604125,23990.431737768347
1604132,26889.85335674663
1604188,37463.87581365865
1604194,46908.536858139385
1604211,12863.209414613239
1604242,28184.166809233713
1604243,28352.851316529734
1604259,32148.985993061226
1604276,31690.308818123376
1604285,31640.35519123912
1604322,36545.32962670686
1604339,14511.64144186711
1604363,24015.505829091526
1604444,28429.229101558645
1604514,57837.679062058385
1604536,26163.544233689227
1604544,28657.593892379824
1604568,28680.49560149978
1604611,18907.37975766807
1604627,32260.710191323644
1604641,20624.091441100103
1604647,25226.786758008046
1604725,30224.79628094192
1604751,24420.603706307877
1604752,22439.39697651628
1604808,21297.46460023408
1604868,24784.534115511768
1604869,25282.896981950245
1604893,25953.223240355874
1604912,28941.56217161675
1605001,12014.085841024005
1605009,25543.26229288673
1605050,32110.746525873812
1605063,22897.618620460056
1605068,32173.133783331396
1605119,27938.587386395506
1605134,23762.51727395304
1605196,13271.239247725012
1605244,25917.189451115264
1605253,10412.613828713
1605257,27424.581798502983
1605297,28674.66621054584
1605309,26900.363277216115
1605333,22442.54244936845
1605368,35288.269758328424
1605384,24689.413965383035
1605426,27167.909160726485
1605480,25277.677496429576
1605493,24920.158591498413
1605499,66541.26964130078
1605521,30166.32589448468
1605525,35192.476860049064
1605542,28167.38812515919
1605550,13446.000477167941
1605628,37670.410265858925
1605641,19551.83325741447
1605658,52758.40242429859
1605664,32366.73677904652
1605748,24778.547380641296
1605797,30789.976312945968
1605857,33443.247595060515
1605859,30120.49131345088
1605863,26186.820551636265
1605920,31217.597811635296
1605975,14630.957943427717
1606001,17036.482143776993
1606014,41290.23588504994
1606032,33698.71725843282
1606072,28956.721539228347
1606194,36672.39509088127
1606210,33196.5995769307
1606226,24304.164682095878
1606274,31265.8203748753
1606279,25896.61197730449
1606296,20148.355372507613
1606310,32803.110965238455
1606311,27098.149401896826
1606324,28498.453056686172
1606344,29213.3653337839
1606351,23182.505706469412
1606366,12080.583720303264
1606372,14874.859579309199
1606385,26429.49887785197
1606416,47419.918070558786
1606417,34720.00593105758
1606456,19006.2762874161
1606505,15718.008939017482
1606531,28747.64643316332
1606537,21377.18405357886
1606539,27353.598903286416
1606656,40090.45007335322
1606673,37692.377574545986
1606698,52653.0234058444
1606711,40788.70937959196
1606714,17511.377075679644
1606729,43200.07420664728
1606807,30067.88191478359
1606882,32443.645264146522
1606956,29779.034578133254
1606996,34082.68715378966
1607061,35593.84394507036
1607088,63745.04960003838
1607120,28085.364107944402
1607152,36769.11644839924
1607160,30815.599340433604
1607165,33076.40186329863
1607226,30412.603546857852
1607249,31444.953419741752
1607313,18037.520452021425
1607366,25300.47869828112
1607386,24164.152316026582
1607392,35598.52572460599
1607397,18097.270040728556
1607487,26752.156832137774
1607564,23741.030944799197
1607607,19161.754428367232
1607614,29439.81486099746
1607816,62772.42457818377
1607837,26472.782141782776
1607839,30756.73323943194
1607897,63704.062979478695
1607906,26308.81262078426
1607937,44936.973490829434
1607994,34848.040357741476
1608053,35872.48371997857
1608060,54873.60584131553
1608103,30399.40688333301
1608120,30047.085350045072
1608225,28144.507721652804
1608255,40619.46454824944
1608274,27848.412159201445
1608288,37220.59270927142
1608463,30545.37522555828
1608472,41108.223728284436
1608507,26109.734757983693
1608551,29156.569785694828
1608562,32861.62294148049
1608591,28370.486473775694
1608597,43106.384474570994
1608606,32643.537855259692
1608669,26436.735172078574
1608686,42352.00999707087
1608700,63550.13988692986
1608833,46756.06448933115
1608850,28369.35556059046
1608922,16084.92141795936
1608924,42164.37284001385
1608991,31916.48354474281
1609058,29535.9676380695
1609062,14915.664508849097
1609095,30102.179105541334
1609136,38603.32160318696
1609162,31822.14819437996
1609246,38887.116960011306
1609334,34324.85372778841
1609360,39281.94686956549
1609365,18717.75106696006
1609499,72432.30288803174
1609627,60305.37442162642
1609743,79481.2049575707
1609788,65612.04570996253
1609793,76520.8945517462
1609837,19954.28713456342
1609857,36674.90713929026
1609866,65036.723572291485
1609907,30007.79205239544
1609994,35851.970007948265
1610000,81360.93784306957
1610018,89269.96464015044
1610022,33904.38876229557
1610121,57800.85397986554
1610129,76603.08160256206
1610183,54008.480146996866
1610335,72835.6739074102
1610379,61812.69843011907
1610398,89545.3991122552
1610437,57274.23116023785
1610471,40436.18250939752
1610486,70680.1167152407
1610494,52604.588043871976
1610564,80759.09947625306
1610592,83229.97252823447
1610634,57536.955604996154
1610654,83788.68412636644
1610699,37192.25228058547
1610722,54774.099546770565
1610809,83297.54721487075
1610818,39280.99078707195
1610941,89661.90395858257
1611114,69437.12060339107
1611237,70902.82818315188
1611448,78937.3845686705
1611671,97774.49826912573
1611759,50030.92159267088
1612052,63127.16750698637
1612125,61592.01666933459
1612135,46979.38889813061
1612160,53080.766689148186
1612208,91946.39384153826
1612280,68162.48853365594
1612347,52375.099714307464
1612483,117718.24025519314
1612510,117718.24025519314
1612523,118250.11526863062
1612528,118283.3797732962
1612595,63917.66512221469
1612663,47576.39515303253
1612765,55969.61942762473
1612858,98280.52404545194
1612859,120602.79770229929
1612868,120602.79770229929
1612879,120602.79770229929
1612932,48824.158499945945
1612946,73926.57019591509
1612959,50225.840230758164
1612977,46186.64175433535
1613243,62740.951400079335
1613380,71604.24394933772
1613396,81536.37411622492
1613416,65631.77867849311
1613460,122025.20532387878
1613607,33143.92847044691
1613658,36454.23105591126
1613664,26382.3658751682
1613684,26483.74515854593
1613685,42308.85152127495
1613705,47507.15257173857
1613717,39480.22028782613
1613735,29543.859233954274
1613740,36757.08849887586
1613742,18445.134649072097
1613748,30031.8021377637
1613782,55113.44745550917
1613796,26797.933891790155
1613825,35532.1483328646
1613874,51998.631563975214
1613920,76357.5279905489
1613980,58731.26714891802
1613987,47510.03654438201
1614010,75594.1866329353
1614022,42851.497150711206
1614031,42746.35561184063
1614032,63628.373402004894
1614042,105727.96677411826
1614044,49871.84874130785
1614046,37560.431621724776
1614060,25867.816744334206
1614121,65688.76924333507
1614127,48104.202766695744
1614140,46840.031497373195
1614143,78891.93480990136
1614193,103752.36767242584
1614253,85392.28378154241
1614274,78391.21174111973
1614305,88870.79308578857
1614313,83233.09359732174
1614318,139776.653424396
1614417,28101.051570377324
1614505,61477.15338614189
1614524,107898.98118960825
1614593,15770.988163900063
1614688,33851.90618502469
1614804,13775.294406724339
1614811,17563.098391209925
1614831,39230.35214025828
1614871,10966.531228262313
1614875,17630.1935784888
1614885,15673.507239626386
1614906,10140.501873666155
1614931,10103.312167972346
1614962,18926.961791957783
1614976,14670.83435656687
1615063,14805.13521704242
1615069,15342.3791595402
1615081,11773.742305013948
1615297,36806.75394893221
1615314,21624.73576523876
1615333,63873.05600684279
1615349,71265.95218340217
1615360,51109.29366151749
1615379,48483.71468753221
1615385,48603.377176919035
1615397,54155.07315618141
1615469,53837.78363047182
1615534,79594.82466049031
1615688,18230.307196509646
1615735,16392.719126204767
1615754,16686.951371116218
1615853,18816.771695164614
1615930,9538.029042590355
1616236,56420.03522489474
1616334,32407.646980083293
1616469,56277.29840914548
1616549,36851.606832696096
1616609,22617.83714837522
1617573,20813.61681315524
1617636,13343.14670550686
1617773,35082.22055184307
1618036,16683.454250426657
1618173,18674.52184142387
1618750,16615.825224604836
1618787,21551.77750212261
1618965,27573.310279984005
1619267,13467.682900184025
1619376,41454.81364239427
1619544,20481.76477058352
1619621,13636.377696823083
1619740,20665.598225087724
1619826,14540.16396038843
1620154,29799.198185816105
1620381,15879.51904914399
1621410,16324.025207503784
1621768,16587.040187611914
1621894,36569.98685692637
1623426,19464.572162422144
1623806,25415.271664918062
1623832,26229.66548142084
1624383,11212.183656326966
1624403,10657.105332316707
1624758,11672.997330291168
1625052,19792.018922963965
1625268,12336.62142145379
1625801,45608.94224153217
1625837,18916.321466317906
1625884,52238.73301551577
1625986,12130.64405917342
1626198,10879.868484923729
1626256,82231.93144783747
1626306,49637.733029197676
1626410,57076.71917914443
1626411,63626.548614858475
1626437,79129.47669139082
1626439,59160.51068705108
1626511,34207.741254166256
1626583,52600.75549046484
1626611,41861.535050526654
1626691,27349.211943754774
1626737,32247.958184822055
1626741,34946.48072440558
1626745,20526.355211188886
1626805,63638.58210902527
1626839,30844.08601668945
1626925,42610.89750699826
1626926,40489.289488657014
1626981,31777.777182751768
1627044,28429.48966015114
1627045,29352.28333371398
1627169,21644.701897706
1627204,19702.796193768023
1627269,21294.212690523866
1627551,41654.18627455064
1627651,21018.297601647733
1628094,24074.06988927451
1628145,11556.248341816821
1628195,13519.653440411696
1628287,21107.919929679232
1628592,78013.6873254846
1628645,72023.74912792898
1628674,42267.158446931244
1628723,88030.58859302133
1628753,78153.33339579351
1628881,67208.14183219169
1628928,71056.12444536207
1628942,86632.95162323002
1628982,48112.68252217237
1629009,61217.466625227666
1629143,56078.898678084995
1629384,47340.08553386241
1629402,56935.52705722955
1629709,16485.59319500569
1629822,79967.7006100304
1630052,47860.35213953544
1630073,51437.613519830345
1630116,62032.444886386475
1630282,57911.69628709204
1630584,66162.40463065948
1630643,23379.20282192171
1631184,13943.730425119717
1631906,17406.027577525652
1632739,15377.55126441593
1632817,19242.153075438953
1633006,17740.146911394655
1633187,15889.531743139378
1633408,10112.243936847708
1633663,19265.792733018676
1633896,50882.596851035145
1633922,17647.397124134368
1634064,10869.023464227086
1634207,22006.7206787533
1635255,48507.915286967356
1635836,16115.936375946465
1635868,84839.85395790302
1635988,14754.978086816413
1636050,15300.484279756456
1636095,17783.50968007946
1636145,17773.273920281717
1636227,14271.202539725746
1636607,14023.05792829346
1636625,13708.014163408296
1636806,14187.11583250646
1636834,15382.248461312112
1636863,15262.870308123747
1636871,19977.10380250916
1636880,18605.9082023572
1637030,15847.255411690205
1637132,14827.524246771567
1637343,16438.778329028195
1637541,19666.182176153423
1638295,17300.80987848647
1639108,26129.572710811397
1639278,22635.089974907678
1639487,71353.06384363257
1639590,30111.160760462564
1639616,36541.46045481635
1639646,38178.08934966801
1639664,56516.53540339177
1639842,26329.43691141431
1639845,40788.231117286174
1639887,38475.263984542245
1639906,42255.0718782746
1640213,22332.397392757182
1640220,25920.181162660636
1640241,31027.387657932602
1640507,28412.193795660867
1640508,33314.48329489091
1640524,82520.10408223052
1640546,83567.35534726558
1640561,90676.52980897493
1640750,13063.525365755633
1640853,28160.921130701612
1640965,25094.3371183734
1640973,28672.352063561928
1640999,28283.75091739911
1641203,23821.958745400963
1641205,27962.723916135645
1641223,27791.59726150271
1641265,57283.663490867526
1641314,28030.91915470484
1641488,28609.55018203954
1641613,37388.77504674914
1641788,27673.795263384494
1641848,48294.05832308808
1641886,37836.30717689415
1641889,20616.61100283825
1641892,30218.946960108402
1641930,47413.92780704323
1641983,24702.64291495262
1641996,27959.65892016044
1642067,26022.485712408692
1642347,24196.632002460483
1642353,21126.176986375995
1642566,20625.130973890748
1642624,27973.2739279061
1642861,36643.061031807214
1642996,22480.844818780522
1643052,44203.34280704683
1643065,24670.10141045244
1643300,27313.412715618422
1643302,26648.55460983928
1643387,26570.130471236414
1643401,28239.76598571695
1643469,23957.307487490427
1643471,25588.256465377235
1643515,25145.72035999244
1643589,24803.121763209954
1643661,26284.42959919316
1643695,25218.070917775836
1643714,23272.891914349715
1643725,25291.924184968466
1643764,28378.053649829995
1643770,26855.57786187392
1643874,24696.97894369018
1643922,57337.71196566767
1643938,28944.965385631764
1643945,23185.419676188743
1644017,26598.894234767387
1644067,26046.34303056836
1644175,27076.91739254734
1644455,19449.83948715332
1645082,42662.68599957471
1645186,36497.2770755459
1645222,78354.69498275568
1645318,33438.36490547558
1645319,41032.71069817844
1645327,41087.97413983344
1645372,20648.788824571024
1645377,21117.748050936796
1645404,37163.40877279792
1645412,65731.99462680405
1645476,53566.57303314676
1645522,26887.069412782483
1645526,33029.14112461543
1645539,23755.7009265372
1645550,33533.2358884959
1645565,42781.88670935198
1645573,50815.31750607829
1645863,19477.258916336683
1645866,37248.967811773786
1646639,12280.720508858232
1646705,15627.088085799998
1646709,13591.583185897214
1646978,15620.389742702406
1646983,14592.597741616906
1646992,16684.342479662602
1646998,15991.796872134382
1647347,12116.58799841357
1647356,13522.341249074618
1654432,16512.319347584016
1654436,16163.54165527906
1654446,14575.70970139484
1654608,11043.097937668967
1654618,29287.899259358386
1654619,29039.568756821554
1654825,10171.762777342987
1655145,11703.725238252722
1655470,10305.283385411756
1656122,12642.145696313264
1656164,10246.371457452366
1656235,14078.479692491583
1656242,16697.271587974014
1656246,15644.033442387396
1656257,11846.55740729213
1656267,16877.863209391984
1656297,10900.914056873668
1656612,37964.72119202477
1656672,24047.567203600112
1656839,10875.96075760049
1657102,22611.207708953323
1657121,13080.741649525275
1657130,13739.160225992848
1657131,12312.052348702073
1657137,11434.273424096318
1657367,31320.375622629228
1657511,23712.575967532193
1657541,22233.082321265323
1657612,23552.508099527993
1657614,16681.74984175893
1657698,11965.951546165714
1657863,17685.1963624993
1657868,13219.799760193035
1657910,46785.10133905974
1657925,46073.33619105307
1657932,56139.81522742965
1658146,30242.244384935893
1658156,35262.00345249699
1658165,47611.85622519101
1658168,34816.77503237191
1658175,30994.637565046374
1658180,36176.13365426866
1658183,49485.07309151736
1658185,51093.91575892954
1658186,47567.13268532679
1658192,40396.7020968079
1658197,42548.47676438811
1658201,43931.965438819316
1658212,43186.22518486739
1658221,46902.63796670699
1658241,40251.1653811132
1658242,40804.56668812403
1658249,55915.77452224565
1658254,36290.08519593615
1658256,37828.64370860563
1658259,23856.85679439861
1658260,23781.300274637062
1658267,24896.709211215104
1658434,13256.860495741386
1662703,16367.935235941488
1662710,14735.980365990647
1662797,12347.042150337007
1662817,10453.303224801495
1662843,15763.709025476739
1662975,10835.919906194433
1663148,11354.382643895113
1663353,14054.675227147713
1663380,17585.870610992028
1663441,12796.684217976232
1672244,14800.615908856767
1672542,9806.591066206556
1672669,19792.00425986484
1675634,9878.172654029719
1675656,9507.292371082276
1675659,9911.059812483125
1675696,13503.894948731479
1675757,28301.402903768387
1675795,17396.601741903207
1675804,11942.26926154995
1675833,16611.74149285433
1675840,19062.33096127185
1675841,17881.05393931149
1675842,18022.150170703615
1675879,12125.33684959439
1675901,12685.2513372948
1675919,11687.613790601832
1675926,21483.218433165424
1675930,17970.898264735057
1675931,18412.69200307548
1675939,18810.51885626916
1675948,15575.781292638316
1675958,14184.71933905373
1676049,17683.433540745587
1676071,19624.928536444237
1676238,17843.46566518217
1676246,17330.604726716785
1676249,14799.231190067474
1676261,27529.98218838574
1676277,28084.66577633186
1676280,22416.629551679598
1676299,30912.133723397605
1676319,24691.165054545727
1676405,13013.37015875385
1676671,10729.01153354388
1676696,9843.288200114148
1676703,10337.598069538211
1676851,10244.017453512013
1676902,10551.011235405951
1676933,9185.227040176316
1676951,9671.09460891715
1676996,9696.184939233735
1676998,10137.645957370141
1677007,11524.835628137771
1677008,10235.895703616172
1677028,10999.455502835866
1677045,12551.322512424678
1677109,9261.816823775442
1677178,12573.708362632713
1677263,11147.830461982558
1677290,21434.893096392334
1677514,11124.806875782187
1677598,27591.59356499702
1677668,21370.92344655694
1677726,18915.67472217228
1677733,19382.35569739137
1677784,17467.171188440127
1677792,19603.307843849663
1677899,11687.861304752709
1677901,9052.698469678538
1677902,11016.366589520796
1677915,10971.522781479767
1677919,10515.990185910288
1678001,14887.400173870214
1678008,10193.820784934325
1678029,9828.545259213364
1678033,18617.620182287123
1678041,14559.437097277447
1678049,12699.732466294421
1678095,10015.048302903626
1678215,29866.325671726347
1678287,8979.71465975489
1678494,11146.27337836049
1678524,14971.889145029787
1678594,62246.42465239611
1678669,52118.04459602966
1678686,57710.48860553046
1678706,11094.493326798553
1678740,8857.751844057258
1678760,61528.75592757296
1678771,34785.60643022946
1678783,28134.003919112845
1678790,32281.581078256717
1678975,54576.98720486395
1679212,88245.80890929609
1679316,12334.957313637778
1679344,9967.547894756057
1679358,10609.915658671547
1679418,10681.947958852352
1679442,12598.157537236468
1679496,8857.15607427346
1679512,12919.095234206481
1679525,9217.602389383885
1679594,8984.549816169807
1679616,8940.227470021739
1679673,9207.778622941136
1679677,8891.924728678698
1679678,9357.515415331147
1679693,7951.107020725004
1679698,9604.878501395593
1679761,10970.46925300164
1679762,10795.979236914896
1679769,11730.179912011925
1679776,12870.02158706337
1679995,15633.672773135768
1680018,17572.499511566853
1680068,19331.588036223806
1680102,15832.462552223651
1680135,13561.460077537029
1680193,17384.854096057483
1680216,19714.581901172514
1680254,61604.83043281218
1680257,64626.292688689355
1680289,76022.64810042297
1680312,49636.307042132394
1680346,11388.606189428903
1680414,7979.630991151435
1680421,23409.53211117059
1680613,25938.99498533107
1680634,21271.338144578687
1680636,11581.124224946076
1680657,24890.186798531675
1680660,26716.06615442505
1680866,25608.152159159934
1680937,20068.141050137365
1680979,20458.55611137197
1681023,19432.392666075277
1681094,18998.074342313274
1681120,24643.69905115715
1681122,18175.98522168528
1681188,24663.158128469502
1681204,24124.13434998456
1681216,23185.110460639546
1681220,21774.91765079963
1681242,23957.26334672406
1681251,21869.837760563874
1681269,21964.709526491326
1681271,24321.435166518764
1681289,20368.26461385745
1681298,27258.492421670875
1681313,25721.49128707858
1681314,22936.601161282233
1681325,23993.501997377665
1681328,26697.943116655297
1681365,22621.959181303282
1681383,25418.96962800866
1681410,21546.533728244864
1681418,22331.889057820918
1681435,23156.836244959308
1681450,22067.372673309386
1681468,22095.29630101775
1681481,22162.727342547525
1681503,19928.24821747058
1681520,19096.26374776538
1681523,26968.05500729923
1681526,20726.9597014684
1681543,24592.51896742693
1681551,22131.8762138544
1681574,25327.616777397714
1681597,22147.984147354302
1681624,19935.486286756473
1681627,21676.280846574213
1681629,19472.2357573593
1681654,22173.88641329473
1681681,21198.626783580632
1681713,23090.114913968875
1681720,20879.722079843028
1681769,23400.33489218847
1681776,22714.291425899213
1681792,21571.78974509508
1681795,23592.13223371839
1681806,22488.726480295583
1681809,20742.976700792842
1681819,23758.99458346641
1681827,22297.385774176968
1681828,21562.6012091215
1681831,26580.382491897468
1681842,23418.985082970354
1681849,22729.518576155875
1681851,23030.998114216913
1681891,25946.682254487816
1681896,25946.682254487816
1681899,26443.159679452587
1681900,29108.009675783724
1681923,21085.869231158493
1681930,20199.63818114858
1681933,30812.633039101656
1681952,23686.626816566466
1681954,28739.055042056625
1681959,28924.22749247318
1681980,24601.31314286627
1682008,17687.171330423327
1682046,36816.480571044776
1682052,23352.44376105626
1682054,26331.766217473978
1682063,26301.734367073936
1682066,28486.95486943636
1682338,31079.681890218475
1682381,12338.597685628381
1682410,24685.90830160653
1682443,26364.738914566464
1682450,9049.772876262468
1682491,11947.874919040296
1682527,12415.401550069646
1682535,37813.650452641006
1682539,34916.39377571993
1682543,28841.37004639118
1682578,23846.141328105958
1682579,37343.36837549798
1682619,39893.17380193688
1682621,30394.17663265272
1682710,34958.455562899784
1682745,29527.790747173163
1682750,23856.237326013677
1682818,21799.358774832388
1682869,26476.801939085988
1682880,25361.02337524426
1682918,38234.49154705696
1682952,21105.020425742467
1682966,25970.88975569093
1682967,44719.80566878311
1682976,29518.983491538747
1682991,22629.330918815052
1683093,26321.01481323734
1683121,36465.552706777074
1683150,30194.404381158914
1683168,29257.39928166846
1683192,26137.05126095223
1683216,32543.110986337197
1683231,30164.61125982353
1683234,39297.663072237454
1683250,37574.58981289952
1683347,18348.417942323867
1683351,26430.69818545483
1683356,37368.279249691295
1683363,24060.987273658215
1683377,30002.849501910026
1683393,25185.97247501055
1683467,51875.45495955912
1683544,27185.034483462532
1683545,24377.96237651915
1683587,28675.113324359852
1683589,28283.191306893477
1683622,34427.836941378926
1683665,45845.054445113
1683685,33704.35037228655
1683712,37370.09902682963
1683735,37805.37351508224
1683765,32582.36368125322
1683775,48720.30673307406
1683782,39405.39370177231
1683785,32818.63761054008
1683872,33718.8103449396
1683937,38231.60278321767
1683986,58583.642739193296
1683991,35356.80982769389
1684023,29872.75605202974
1684037,47006.8585691669
1684065,40876.86442231904
1684077,46157.27793466991
1684083,51661.035351880935
1684093,60466.99026809472
1684131,59662.23674194246
1684151,30408.54880219979
1684229,44940.328051492674
1684231,49296.02444284934
1684317,37444.78777506738
1684331,45080.9113848182
1684332,39025.691624384664
1684346,41160.75062930053
1684406,42828.63709405697
1684407,41053.97052204184
1684418,68960.83121447494
1684432,47821.7029172638
1684436,38917.46510292754
1684442,27045.231179841754
1684470,46333.24746727973
1684496,39550.26113628699
1684573,30611.752675625135
1684589,13981.119359489467
1684760,52733.782273790464
1684770,24281.32549528047
1684773,20031.390494186162
1684775,27398.5914782676
1684937,52091.448514530275
1685038,39538.07556648191
1685043,32225.692645397346
1685045,20368.551111034074
1685055,22850.60809086264
1685070,23493.17958295741
1685074,64115.640114766655
1685111,58680.38148260334
1685167,18408.86961025131
1685186,28637.23012022283
1685208,32086.584534556052
1685312,40188.308192443095
1685397,38437.876477622005
1685400,17948.13842352094
1685443,35353.08529918249
1685476,38552.81255920344
1685479,38245.613651417705
1685485,32301.638162034673
1685540,90645.42332845223
1685593,46042.50504341217
1685669,26311.96670197517
1685672,30056.612860221867
1685681,25627.804946343123
1685761,30039.710339550882
1685791,28621.25562457204
1685793,33688.91053919504
1685797,71678.2853512322
1685808,55437.94593887084
1685809,42249.58279827399
1685830,40079.53768932644
1685838,41087.17292677811
1685847,30379.212983060905
1685882,56021.022505150184
1685905,35097.825004750186
1685914,31599.934919197924
1685939,31083.28809670611
1685971,37262.80943941611
1685973,24385.63542509152
1685976,36389.94723017684
1686011,33590.73212367488
1686021,31380.47765967253
1686031,50094.86178926162
1686077,31317.449809046917
1686125,47582.4904512122
1686153,54197.26951488626
1686164,29953.922115114663
1686209,77382.55250492436
1686216,35303.72329508949
1686227,33919.766401865694
1686234,42974.60222630491
1686248,47904.258408678295
1686289,63910.00270017121
1686305,30149.244183844778
1686366,57952.389382849484
1686375,10759.862421336702
1686378,24963.631937831957
1686528,13954.571803409357
1686552,81190.4880879294
1686571,31879.764111234403
1686586,52395.62007113757
1686591,71418.17893810185
1686603,75696.17403973124
1686640,54830.60425614402
1686697,50450.80427942243
1686700,38417.373318073114
1686712,30206.43118777033
1686731,32960.66046311111
1686751,33975.35555137175
1686796,31920.412488311304
1686810,33732.49456350481
1686815,29427.21576215864
1686826,28087.7411204199
1686830,31199.06293797735
1686841,48543.24326068972
1686865,80337.56430830971
1686873,43144.82182871269
1686899,67139.8788710851
1686905,55969.45388290703
1686920,54738.653163240546
1686923,54268.24474293113
1686955,22100.87378669952
1686957,43496.503921002695
1686968,40621.541210941876
1687007,8743.757312596394
1687014,27899.89968793955
1687016,41594.259846946516
1687042,50771.99250159852
1687073,57884.683829861235
1687101,55553.365868299355
1687125,75988.69548655978
1687126,63678.44628576872
1687142,72897.56264989935
1687149,67092.23304362426
1687152,52660.50078131888
1687169,54369.212120339274
1687217,58890.46980212158
1687255,30948.91535800265
1687256,27986.862291199468
1687269,49372.99929558033
1687275,32364.522266054686
1687292,34582.9880197023
1687300,48211.10882414347
1687459,8798.017895440635
1687505,50865.323620408795
1687607,11668.495052465743
1687685,40337.79452788613
1687697,53111.674106405
1687705,45435.76246460979
1687774,64500.31626058062
1687806,62301.681562865626
1687895,9541.669339415004
1687898,11092.765943696806
1687931,9050.324012507062
1687940,12969.514159642187
1688264,8257.692813048925
1688287,10601.83164001566
1688296,10610.05413283322
1688423,11044.218136376612
1688552,11353.61785946676
1688572,9943.655780111123
1688588,13438.138853134573
1688602,9483.943374946108
1688628,9516.5885640729
1688682,12278.40729475299
1688723,16715.438276548055
1688804,28257.477710588664
1688819,28643.740745972977
1688861,29742.862481399832
1688881,33137.11888892194
1688884,27986.569864314057
1688905,34630.2273855516
1688923,41059.46354250365
1688963,25924.208356507996
1688981,40093.413989819324
1688989,27592.460670187476
1689015,25238.749163032753
1689072,29471.09517906252
1689123,23271.1293934598
1689136,24678.451990507456
1689205,48745.267906577064
1689209,51623.24012494092
1689226,52319.48432313214
1689252,59841.60788714432
1689296,37255.49045882672
1689332,67278.01223319504
1689342,63291.73387206992
1689373,62017.78367966604
1689402,30725.76305578146
1689412,30723.741560862203
1689420,38589.62186701568
1689453,45003.75277045995
1689477,52008.11775807712
1689479,69392.49976935917
1689522,20088.373496240667
1689537,63916.58006445981
1689554,66007.07180038892
1689568,65672.60507944468
1689619,8640.677232379781
1689637,27512.66855754678
1689645,52464.61363633227
1689666,29756.793434470077
1689674,41207.91062199615
1689683,46332.26562946609
1689686,33718.226545655234
1689734,13711.5867775143
1689739,10752.725330311088
1689759,11876.70702617096
1689770,11723.273674507476
1689811,37830.29846206565
1689820,66149.05359095628
1689884,8977.297245278864
1689904,31395.597726774726
1689922,14227.95866898689
1689949,24740.183562822902
1689980,72986.18237405871
1690033,9422.356407109062
1690049,12872.54535218337
1690060,9651.712004787742
1690094,8822.614992588788
1690110,18543.09260456012
1690111,12389.499049599195
1690115,30771.45901230645
1690128,12144.482399196497
1690159,21616.168696999863
1690211,37301.77552339736
1690232,33185.246471121
1690233,27242.331433789008
1690240,19103.525692607265
1690263,23105.148765090267
1690266,19294.733367206387
1690303,11526.875130185654
1690345,26221.79901230157
1690346,27313.67122259762
1690347,52836.063351704186
1690349,20760.190291067654
1690380,21573.59227431875
1690383,83248.53343748601
1690392,22070.931521281145
1690399,75562.0300533477
1690401,24493.87627614311
1690404,35802.79655905382
1690410,20100.805401114576
1690412,71320.46537587786
1690417,94006.65916047092
1690464,20449.374655583695
1690467,22210.100108200902
1690490,19851.67617922388
1690492,20207.2271723596
1690495,23081.448583406014
1690497,21178.1251877888
1690505,21059.899519880415
1690520,23327.483644850872
1690525,22553.923287918195
1690529,18033.842640014238
1690549,73385.69742449319
1690554,66065.30356758706
1690556,22498.974718611422
1690569,23488.037052034866
1690580,36186.97871088277
1690590,28716.151568738253
1690597,21646.599178369488
1690600,21624.307760062402
1690628,21051.06941602442
1690637,12181.613987290248
1690675,23977.811772775953
1690678,31297.800903780168
1690692,22971.694015212164
1690721,22469.767231081616
1690757,78892.38431941377
1690781,21397.21342549106
1690782,21858.444976572777
1690789,10879.469547734489
1690806,66409.77579057525
1690812,54867.08932552437
1690822,72501.22924861232
1690823,20321.86873979024
1690828,53821.13303472937
1690831,66645.0737901373
1690853,24479.716312910754
1690860,20643.49609164123
1690863,22299.774514178207
1690875,25263.87077428795
1690884,27569.386538430488
1690911,23934.974573555904
1690927,24387.663982521924
1690961,22029.282465694076
1690964,70368.03840104493
1690966,24520.588480458253
1691004,26002.147768576753
1691028,20027.554554462742
1691072,26162.233290472366
1691095,29315.447294808524
1691106,22025.15913650778
1691126,34247.49761216518
1691143,22370.474026685915
1691146,10815.181882029632
1691152,17483.398448169082
1691181,28249.955431567618
1691182,25330.83800128514
1691183,25508.573602645698
1691195,27791.418765648712
1691200,22792.22397799955
1691207,22528.27202425186
1691212,23902.226003890308
1691227,17710.071975069783
1691287,78706.33948629948
1691290,71546.34733251814
1691305,18224.36713641081
1691329,20028.05370009101
1691340,33127.40145511866
1691342,27376.23762553155
1691347,28471.242331744037
1691351,28776.303300948723
1691355,57552.39038631465
1691356,24051.950887221836
1691405,31122.84941980223
1691409,17498.71535781914
1691410,27706.589214172098
1691411,23475.460432372827
1691444,17569.857372531187
1691457,29536.417576256412
1691488,26265.069956584848
1691489,18934.683844292675
1691507,24878.31598940069
1691518,27240.910674213083
1691530,29141.821385966356
1691549,10701.157685816219
1691550,10728.666601559746
1691554,10675.9569420971
1691563,34129.31162875766
1691625,74475.8848068769
1691626,74623.7258794321
1691667,53766.01644875861
1691676,74951.77837112489
1691681,93680.01840635043
1691693,29728.854896668814
1691710,24986.25408205671
1691747,37617.42333250942
1691770,35606.90661299502
1691771,39186.86104404576
1691794,33609.30379522487
1691797,28119.856646395783
1691806,40796.69806274582
1691807,27233.5172781611
1691813,33557.52133464725
1691819,37805.99706480573
1691836,41727.08170313501
1691844,44409.41308396792
1691852,50370.633635360755
1691863,36617.891961150905
1691868,32938.46527607921
1691877,30950.82412388521
1691883,38906.953901803754
1691896,43995.14223625762
1691906,33765.95246988104
1691927,35238.69704363795
1691992,49846.622822943486
1692007,16601.887174197032
1692016,29935.63912624473
1692031,29541.58878566909
1692037,43645.15723686893
1692042,45150.22093439584
1692044,21106.44332704379
1692071,25986.202322474033
1692129,43885.959030765756
1692138,23654.37492817229
1692149,39524.32433363614
1692159,30939.37538338405
1692175,31523.208324098916
1692200,41889.14793820341
1692212,40005.04132279524
1692242,63342.693222543174
1692251,42942.27357771735
1692261,52969.82017743003
1692337,8857.751844057258
1692347,30643.916697081997
1692388,11906.531497109974
1692441,37171.1215617982
1692444,72024.36414225453
1692467,35342.17829251387
1692470,38154.8987677555
1692472,40009.622550699845
1692502,8793.583569329803
1692506,20728.853259748124
1692533,87840.40551485562
1692544,82325.34846402652
1692575,40749.9203594946
1692580,47694.12481671383
1692581,61319.31984544104
1692596,26270.534284655747
1692623,37173.78394942592
1692663,36825.75047394378
1692793,11215.882131543476
1692800,45191.911167418104
1692880,37945.27649123236
1692892,41713.287963123876
1692901,59063.880472435005
1692944,53814.98351439721
1692950,57981.802596282745
1692960,52046.706286256995
1692962,27585.56383978363
1692971,68468.11575675358
1692998,69275.67609481746
1693002,69984.30304997358
1693067,23074.96221574846
1693088,33435.31581662666
1693089,34571.74448220321
1693110,38796.19634613438
1693113,39025.691624384664
1693136,64801.56605850364
1693139,41622.40355668327
1693214,27900.140605390443
1693438,17727.365391286574
1693451,51422.903417160305
1693485,21811.125331385174
1693520,10476.536989145312
1693521,16384.01611603037
1693543,10339.704809002944
1693644,11586.568151588493
1693736,13900.838150692838
1697786,22440.456889362256
1697804,27601.301367163727
1697818,41367.74696346044
1697855,24143.22736942295
1697862,29165.799031608876
1697899,27268.594704168077
1697903,49261.82827478864
1697933,24183.49627421971
1697937,32886.853274912195
1697945,17754.895288704225
1697946,18996.1800348949
1697954,27685.362574470862
1697966,25221.538526772645
1697980,24139.855512636852
1698123,24940.500206645855
1698156,24568.44386032408
1698171,18120.5055766388
1698176,27126.577236692916
1698195,34116.2326086661
1698225,19088.513832230543
1698314,20728.58781013397
1698341,25572.220604418348
1698424,51314.64005331693
1698439,31805.970960859006
1698475,48921.6965392915
1698487,26480.966217531768
1698508,26625.803712567515
1698530,35141.85481028436
1698535,36952.26839977164
1698685,24110.127011812838
1698691,24957.485595470716
1698706,51714.08781593725
1698713,24868.99848640465
1698714,20583.273714965668
1698942,72265.19683538203
1698987,62608.918684602366
1699027,65336.770869087435
1699060,20717.907780227317
1699204,64777.38751601831
1699288,23728.021358444017
1699292,30263.442950948025
1699299,19885.775876222986
1705457,23527.97554334371
1705487,17942.674137545808
1705495,14162.367964695744
1705551,17633.536333044958
1705566,14110.358528202381
1705580,19602.348182562204
1706357,32139.852189805508
1706372,35401.04067802187
1706381,34290.59519980057
1706383,34463.520146518094
1706387,34488.93306428143
1706391,41239.582995946876
1706401,41560.715830013476
1706408,41178.18150103392
1706432,23608.96122523262
1706632,32064.35111722013
1706789,13789.72478733196
1706814,30257.050697178423
1706879,44630.131021818794
1707236,51508.627301185224
1707254,56529.91057021596
1707258,55208.19576612379
1709404,37867.92566219555
1709426,25113.16061988845
1709480,43368.62256487801
1711213,21037.111480002324
1711523,24109.526078812964
1711986,42991.96749262829
1711987,35182.62468575006
1712001,36180.99522563409
1712039,48431.57003988123
1712054,38367.503200274026
1712056,43286.027713809526
1712076,41367.51125230313
1712083,69672.40648370619
1712085,40478.78082406703
1712110,44874.662227067995
1712111,44389.207984796325
1712118,31874.31693769456
1712127,31689.554965083393
1712133,34188.043912429406
1712156,35963.91553599234
1712247,39740.104722625074
1712248,36274.916609511914
1712284,58439.639459743405
1712528,23494.52475228672
1712574,25646.065683868484
1712575,25753.746085024646
1713116,13135.140260970573
1713538,23451.718103109357
1713887,23273.532180876442
1713913,18930.616910192686
1713938,17617.92690567067
1714027,17518.199433199876
1714036,19045.53828750161
1714038,20408.16720855647
1714043,21613.801977403866
1716889,34260.04392283393
1716906,45102.1367832636
1717282,43492.24064465749
1717357,16269.750396314032
1717440,23891.69335304994
1717463,42278.22226964525
1717520,73182.34279174803
1717573,32189.560221443277
1717587,19893.47259109375
1717822,21218.002938640868
1717839,30912.5022864789
1717867,30805.746515585182
1718155,23398.143507407574
1718160,22670.626619361992
1718162,26027.997842223147
1718186,33149.4893983359
1718188,27923.713222507016
1718202,35975.40334392156
1718236,49240.02448151835
1718239,67239.82387445666
1718244,81044.53812186376
1718246,38043.02134341218
1718264,73910.62385764193
1718343,17188.139957108036
1718417,14453.338801848751
1718532,9491.382768688709
1718535,28128.436291176877
1718600,9912.711925617192
1718644,9398.075301886098
1718672,32529.558149645705
1718678,13865.50608176292
1718693,9640.66236433626
1718873,68164.54510721283
1718898,52786.841550437355
1718899,50665.367611650756
1718908,68719.20177148945
1718911,36155.0999287798
1718929,59695.772380297756
1718942,24295.6537288199
1718960,12658.611219218537
1718989,16189.313980384211
1719518,76209.19045305804
1719539,39647.980682290974
1719548,46160.36006922493
1719567,35042.204485014794
1719574,25735.409463478794
1719576,33691.01602958082
1719616,36361.01424938828
1719617,67819.72061848886
1719620,41344.543624870144
1719627,44107.67018992697
1719636,64350.79031999241
1719650,44453.68563296466
1719653,52087.325685119526
1719674,59749.54941641008
1719682,77715.0018786749
1719687,59618.301309261966
1719708,68933.80822700933
1719715,34607.71997607463
1719717,50301.3373462886
1719722,48531.19377106853
1719733,14158.6196815836
1719781,25914.067578791946
1719803,22190.891188102763
1719918,38679.14378476509
1719946,19157.103284748024
1719958,19385.623384038612
1719959,13072.16602669018
1719964,13676.754014216913
1719986,19894.66558929344
1719987,28977.111255834207
1719988,28977.111255834207
1720001,18518.010850063056
1720003,18156.677923543073
1720008,19387.5194153436
1720060,20273.375217581106
1720159,13721.470669962308
1720181,19878.067031032682
1720243,12079.875493000718
1720245,12450.632912453977
1720266,12163.116483830616
1720450,20919.837458311424
1720633,15606.945107556056
1720639,11879.099171717824
1720646,15606.945107556056
1720649,10524.991447227321
1720677,10467.795625821613
1720765,10356.797845005482
1720836,12330.2656531768
1720837,11380.84237457111
1720984,15078.354016691825
1721290,45370.268785730594
1721365,43081.38656685594
1721372,35411.82680150137
1721403,38439.015966792496
1721412,33010.91946144059
1721444,57458.77196731588
1721477,28775.302474293505
1721485,46621.32812748617
1721490,32415.375128879652
1721491,32849.5124468472
1721496,33398.81931654622
1721503,36656.26808051957
1721510,47686.66419863864
1721513,47318.4496139331
1721516,38941.80337234449
1721552,62476.461768444184
1721562,61292.30393525367
1721565,86419.81411251501
1721581,52009.17704359663
1721584,78888.74812417629
1721615,76841.06953145374
1721617,77349.75083930616
1721624,62815.249830371846
1721675,66994.44811415054
1721682,58072.50681258996
1721684,36865.74394137366
1721728,33317.71902446989
1721733,65337.61637210806
1721737,52898.67267208846
1721746,83870.52280110944
1721753,31712.55948698358
1721756,41566.10735681914
1721758,22448.05841860306
1721761,39470.13489846089
1721764,28812.918622160578
1721788,54489.39059148128
1721852,46330.35473662237
1721857,22222.840357357392
1721863,23355.146337730144
1721879,21068.18829005878
1721912,30169.47022700968
1721938,37791.85419551784
1721941,25174.46706072033
1722007,35569.26529159612
1722033,62269.90902499582
1722038,40179.13874283947
1722039,42658.345318248896
1722059,14504.603710114905
1722064,32392.324094005842
1722072,23891.24537231333
1722100,32381.55856765174
1722101,25842.94463759104
1722131,28299.718607193845
1722135,26825.914072309613
1722203,23986.787786087258
1722207,22144.13573890563
1722317,9625.640009775265
1722369,9625.881756292716
1722387,9005.153960335781
1722459,56368.046852349515
1722464,25880.06969160695
1722469,53797.95754448712
1722491,69260.34487196803
1722494,30179.631612097484
1722495,39392.84450481638
1722507,42439.56276593279
1722515,41587.808987612305
1722521,43822.343806437755
1722530,48080.9673140305
1722558,43147.79034933633
1722562,38229.7968224438
1722567,16297.90071065343
1722572,17535.491034161736
1722601,25593.573036847527
1722617,26642.731160049752
1722622,28697.109999119864
1722633,28879.97979702841
1722635,29286.47332246853
1722637,31401.160933776853
1722638,31728.72068059016
1722655,23031.295687375205
1722657,29895.960513254508
1722660,26512.008233199467
1722662,28851.092280199267
1722665,25931.291288191624
1722691,25377.50615600963
1722703,27976.976491090965
1722708,24737.29402987344
1722709,22129.585327660017
1722714,21357.61467101966
1722911,23135.456187523592
1722920,20753.78432759351
1722938,18445.81217376328
1722942,18445.81217376328
1722958,19506.768540348115
1722976,14226.002591706925
1722988,12568.032743297408
1723033,19706.39908323754
1723046,18189.07323163932
1723057,34487.86462779617
1723061,21307.154583037656
1723063,25441.19676707773
1723068,27879.251583033158
1723070,17568.78032926108
1723072,24281.08148863544
1723077,24687.539118143253
1723080,15551.497442478667
1723090,24469.78995309507
1723093,27993.003849916728
1723117,33797.21098098302
1723120,24870.953048111554
1723127,23797.599719620823
1723143,28162.348302816295
1723162,27414.679119309312
1723173,25097.959405986727
1723181,25353.333921093177
1723195,23737.24912150451
1723199,23046.913156563747
1723213,15818.549732917763
1723216,27310.877850016674
1723232,13552.782770766942
1723238,21218.124875744645
1723241,29789.405863968652
1723261,39948.80533386884
1723294,31550.38731813253
1723323,60899.92466143123
1723401,29132.83251960998
1723406,28794.49900394845
1723412,35949.5764108849
1723418,34331.46950868729
1723420,34365.59620327327
1723427,44121.95588686029
1723438,56094.57993028886
1723450,47844.13879761701
1723451,40993.86731483539
1723452,59284.52999295646
1723468,66788.62658067305
1723503,38581.273410543254
1723507,67343.85823194435
1723518,39189.100332139526
1723525,53239.47147915657
1723564,51277.062242286804
1723677,56874.90578178753
1723734,30032.617087875136
1723751,31592.926400101624
1723753,28400.023525962068
1723755,56039.154837265705
1723762,50322.59057636263
1723772,68956.31172740569
1723782,26763.94786949369
1723868,26655.02320106424
1723871,23475.341052017313
1723907,28681.494724973538
1724043,23240.50811662736
1724120,25273.98575668211
1724217,23375.682525607204
1724259,25369.5739107734
1724319,37234.18670808045
1724336,37119.24027324467
1724362,21374.46754455813
1724385,19870.07866485224
1724430,12349.502627575981
1724462,14369.08385804052
1724506,17721.39682287793
1724532,13269.642194408903
1724542,14488.513807945088
1724557,14170.027553830017
1724560,15146.316105688898
1724562,13247.886985995085
1724580,23038.922379800806
1724581,19163.10609891675
1724599,41535.6526281191
1724617,39785.82097801034
1724626,73102.00340206074
1724630,65164.57522561657
1724648,73668.76150357115
1724689,44041.26826483332
1724705,74884.39800101813
1724706,51347.26468915598
1724710,71239.92687515091
1724722,14826.760764314422
1724777,38817.460630004745
1724780,20385.363692329436
1724871,50224.604003031935
1724872,25949.126653755706
1724918,28977.374722896097
1724952,25587.77208960162
1724970,62984.0635478148
1724973,71644.62286375389
1724992,25168.507398877187
1724993,26324.687545550503
1725003,38226.51201473712
1725095,16285.82456127017
1725150,50963.57972147322
1725496,13654.890840194288
1725582,22977.682491466854
1725650,25510.634453117465
1725885,23037.840072537914
1725887,15898.124361226528
1725888,30120.81661569812
1726196,18224.70190914228
1726309,27479.614821303305
1726383,24553.544544056735
1726690,32470.779943317633
1726735,18522.468276141284
1726736,18712.39408946558
1726738,18362.356108325723
1726763,23972.427630410988
1726778,19502.37524550706
1726829,27140.904264873476
1727014,25393.912804515465
1727314,33177.16203372154
1727347,31873.942665498573
1727407,30654.508890792684
1727660,23438.886618008964
1727731,25072.9401894271
1727753,18181.94070953357
1727782,18670.64667261765
1727951,38349.81001482167
1727992,53162.031202853716
1728006,16671.926654079994
1728468,46655.13071732624
1728806,38098.344211846306
1728850,22393.95029380238
1728860,38755.12877201084
1729173,39811.15807993204
1729174,43312.30098983301
1729389,18303.637361643152
1729482,58295.600641804245
1729509,50194.39682029828
1729515,57168.75413476062
1729805,35786.94256653818
1729832,122040.20057826981
1729994,38891.69856087547
1730147,9357.241568876345
1730215,13675.129785747518
1730445,55739.32229141737
1730541,63711.400069333395
1730644,39317.44688272617
1730726,11801.953061498843
1730912,29883.78919419182
1730928,50001.31744583853
1730996,50132.17974435128
1731031,10589.947431528264
1731071,46867.159673772905
1731098,16410.027589666868
1731420,16742.055800931386
1731427,10673.861949204931
1731481,9033.441118003122
1731521,25887.762611695543
1731528,11504.412732204948
1731529,25533.371876391095
1731637,12295.21743769892
1731724,9952.449814726624
1731809,22023.493404963854
1731861,42056.530465431446
1731887,45574.699154984395
1731902,10930.426284376166
1731908,10385.386062094653
1731917,10488.519754200654
1731918,10342.645909749805
1732068,20890.783125451093
1732175,10092.60478496377
1732177,23348.00885243925
1732244,33949.73082942194
1732274,54761.526238578146
1732317,42605.112286193755
1732333,30903.95690031471
1732365,15180.270815204225
1732415,29077.493292851806
1732423,20601.884144175954
1732548,19261.41523202456
1732592,15891.3700200979
1732717,9046.939384139529
1732790,10621.270235673011
1732823,16731.846266449138
1732856,18591.09595568045
1732976,36695.779789741355
1733032,12788.044455174537
1733033,11567.957947132272
1733038,10625.986749414124
1733048,32273.76698932852
1733050,10543.166167414654
1733076,29148.00958736944
1733130,40445.69820403108
1733178,15005.448192607619
1733193,11712.950254517562
1733363,9958.040089056472
1733372,40766.3235029055
1733382,10719.188813969275
1733412,20861.55822072341
1733513,40464.416829072674
1733549,49492.675392959165
1733556,17617.72231142887
1733559,10252.80185469954
1733562,35877.96658305156
1733583,11009.113537168521
1733601,40526.162708586846
1733664,17524.64650059528
1733678,10854.433454390934
1733691,19725.967158291154
1733699,9715.894278628897
1733703,8760.822386479722
1733710,45711.192038151516
1733716,18393.571582722983
1733733,9683.988535050737
1733839,8988.303600357034
1733856,21580.058684160496
1733896,21578.988072314318
1733921,13121.820972591742
1733953,11313.827660017789
1734008,9341.830729348309
1734054,45959.005119517045
1734120,12365.741680040554
1734317,25134.11803114751
1734331,10627.630714794874
1734349,61266.15200784015
1734355,10298.707584296595
1734455,43756.490786621835
1734457,40259.05793463081
1734595,40457.85989615691
1734660,12601.871708743924
1734726,31910.847331978854
1734840,38160.168598000026
1734857,12250.873317879546
1734860,9018.973723770438
1734917,13516.639138506715
1735446,16619.84038676005
1735515,26298.528198268752
1735648,14644.393996642008
1735693,15029.722394827231
1735729,14892.73319033842
1735777,20702.964541194633
1735850,9957.895514540996
1735851,9688.343263027366
1736074,26210.129696395517
1736197,32814.15592076618
1736235,41618.68263585795
1736256,17799.197702386464
1736327,13954.43976095847
1736464,73304.39311521006
1736497,22152.2834390709
1736498,50995.83212592413
1736665,68806.81404128003
1736741,49798.69023203226
1736754,50627.08028155257
1736824,81500.05713923962
1736850,25328.26475944406
1736851,86071.04530178112
1737070,17881.76734987261
1737204,21795.95057977638
1737363,18015.571337935773
1737366,24928.64125721995
1737456,20296.82304017072
1737485,23987.88446428257
1737554,59344.61093220516
1737684,25258.894489172344
1737735,13671.665557325405
1737746,22111.65276108855
1737773,14918.013332204237
1737803,27653.933699176956
1737814,21446.055395835116
1737832,20694.486548594017
1737895,17663.568403716457
1737922,42522.61740887992
1737994,28016.249768835714
1738084,34546.087634991745
1738164,22065.793932070315
1738178,25546.340642448846
1738261,26224.89250035446
1738288,26094.14386814184
1738351,19641.400894903752
1738352,15679.313902013957
1738363,19397.545092896376
1738377,9793.817753503323
1738424,20985.765396537263
1738445,53562.039130800884
1738526,26000.596422046536
1738539,30421.95352241893
1738579,20985.765396537263
1738635,24135.50978468778
1738651,15106.185373563982
1738657,14691.928713878797
1738683,20700.013410690266
1738713,26436.803867926203
1738733,46527.604511719925
1738777,31051.15624421136
1738840,34078.488588811815
1738887,21630.569793074337
1738893,24199.002276674284
1738898,22980.140420976826
1738902,30113.99119325332
1738905,23307.638495229206
1738943,24465.124303264016
1738949,21440.231850262007
1738950,20309.49912505697
1739001,54717.86253738106
1739029,29527.324006674626
1739049,10278.73757775298
1739112,30581.998021529664
1739125,27600.64383582759
1739173,18504.675748005553
1739209,13128.949522066256
1739216,15899.578375639918
1739224,24115.855650964117
1739232,19400.432138244658
1739243,17516.947410853696
1739316,15689.43089754215
1739343,9407.200893671306
1739373,11251.62216731806
1739385,14575.87865319636
1739425,23837.87212580577
1739475,11727.480117920048
1739553,25619.16529837902
1739559,13799.0893343201
1739577,92365.8986742611
1739619,30333.268882503417
1739830,28022.83120324695
1739984,28053.9425767783
1740016,90889.48225795497
1740104,28662.43832603198
1740126,15858.455899725994
1740215,27044.97160337215
1740268,9821.095371505107
1740269,11310.1902561654
1740273,30492.282890581268
1740368,16831.117720175953
1740391,26244.74273588186
1740400,9476.885430559205
1740507,29443.58368821252
1740558,51056.42070541984
1740681,25826.504781051826
1740956,27598.85894568834
1741020,15793.298146396979
1741026,50216.413732076624
1741034,21232.902383555218
1741103,12161.193859899995
1741307,67056.74153635577
1741595,21461.229399109714
1741751,15143.850862204426
1741770,53614.56559678188
1741808,33639.44902093242
1741866,16825.39037217189
1741867,9457.918817496253
1741870,38380.29187489256
1741894,35396.491455537136
1741895,34480.40859557921
1742113,27585.894810535596
1742350,27112.82484434332
1742357,21554.456878785895
1742418,63523.474824300865
1742423,59767.95653582493
1742595,27239.20736873529
1742622,22138.857195090844
1742686,21149.55315702661
1742970,16931.31017211382
1743161,12182.16598579305
1743341,12150.76525385048
1743395,23445.317184326646
1743480,20880.196360160287
1743559,20933.57789696465
1743730,14950.235374655838
1743779,28400.156838530023
1743804,34548.760407441485
1743814,27205.574536622807
1743830,64629.05806350066
1743866,24700.13824384283
1744122,23634.413120423804
1744123,21552.47117475343
1744133,29508.535418712563
1744156,21420.166927104
1744202,9602.148195439691
1744354,24593.325740257183
1744380,22277.960083556245
1744396,32367.696916765344
1744410,10748.907385315546
1744411,10751.613596722906
1744414,21672.065021725448
1744426,46814.362985708314
1744506,11941.131846868579
1744548,21350.42476251841
1744623,52330.29700162813
1744625,70595.81371238013
1744808,12408.994440816525
1744831,43286.61402332103
1744959,20222.454784910526
1745006,27841.380788958682
1745138,8103.794771428836
1745183,14656.790217095075
1745189,12986.53738071959
1745273,10085.378495108485
1745281,12685.889468141642
1745305,14025.568300838238
1745340,7918.335123090878
1745343,8059.229451435976
1745459,24051.39569443695
1745492,9295.334055456522
1745563,8084.485592537554
1745583,8473.74260464766
1745653,12894.804238892586
1745663,16517.46697403299
1745664,17412.359864857353
1745683,15050.48014400474
1745684,14697.371376881141
1745713,25658.588071485286
1745733,11700.450763058907
1745819,22632.375783130563
1745836,70059.34975544567
1746022,24726.693872007763
1746025,26479.903503948433
1746032,24540.697430445278
1746121,22454.759058743733
1746125,28298.0435642507
1746149,28421.246292087704
1746153,20692.10373228464
1746273,27183.981325012046
1746286,97705.19133380428
1746540,25618.573296210987
1746627,11371.927276939889
1746673,8654.880423271496
1746710,17611.03044310611
1746763,12318.592491550642
1746872,8347.776566382789
1746877,8468.988104403501
1746878,26110.49302937711
1746897,9499.615785868893
1746943,36829.451866649324
1747037,12545.581902479715
1747211,30685.8259212916
1748133,24361.07793942575
1748198,24722.40315680203
1748289,28043.013842195116
1748386,26552.62480337629
1748431,16649.408604014086
1748873,27717.5515579276
1748899,18060.291092265223
1749015,33234.39320002252
1749095,23356.474844609922
1749123,30757.292448717937
1749146,22591.40000682886
1749186,18045.365204725575
1749261,17576.26079039249
1749371,20820.379060545216
1749457,22958.593616287166
1749458,20921.221532243504
1749461,22872.370707583697
1749633,19689.030951638135
1749879,27415.232543893508
1750071,44052.845535631495
1750077,38430.3160748307
1750114,19610.450754649726
1750154,25105.079034523318
1750155,40009.05342849147
1750181,27634.699606025453
1750196,34886.86539937519
1750243,28630.08206204814
1750257,20745.90516411518
1750318,35834.29359958926
1750364,14190.812791718672
1750488,20299.779618481538
1750552,23723.730445399517
1750557,27270.275288306773
1750564,36543.7314398728
1750610,22772.45493470074
1750639,29520.679165034886
1750693,19746.738333832123
1750841,24513.44423584313
1750869,21694.67914738867
1751080,15310.920440202006
1751319,9871.444999245745
1751406,20765.530061900477
1751478,31343.184791945692
1751576,21722.060865227962
1751595,29556.65546193962
1751608,94383.22067131868
1751704,27536.95394460886
1751714,30982.161389363653
1751735,19052.76501682329
1751832,16284.459812425348
1751833,14230.619655871436
1751866,51758.13461948052
1751942,38222.75105299379
1752005,29704.148173984442
1752052,45498.825019779964
1752142,19452.8483389323
1752148,21089.430520931237
1752171,46010.424334781485
1752308,22294.844120735535
1752310,34118.167900210494
1752321,20200.38652688052
1752409,33330.05012631786
1752510,27420.384369262087
1752654,33064.26900977147
1752671,49819.659853418336
1752674,50883.19724261279
1752854,10569.965551712758
1752874,24853.41005851841
1752887,35190.07570742115
1752903,30538.495564709076
1752958,22519.734557526917
1752959,20479.534319561808
1752964,36976.4728141259
1752973,20660.023934226123
1752992,18831.232389422366
1752994,25263.626150997075
1753159,32597.222728112854
1753216,38974.39101319194
1753220,20539.720696662192
1753250,20979.41145943957
1753291,30998.16378057732
1753295,21193.89101660361
1753307,8129.539319059088
1753318,34797.85253807793
1753394,32345.013186978525
1753401,23009.66343752291
1753408,41706.25858168488
1753586,12409.312940984146
1753625,20921.57097909886
1753661,36155.39772939994
1753691,30576.34119369945
1753782,19289.66389348306
1753793,34254.765208928504
1753953,14612.093490247755
1754024,7528.016167092029
1754027,7546.243975258795
1754205,13985.694594522469
1754404,14112.759618786848
1754565,11595.17545262311
1754577,33005.728470752685
1754659,14200.415605380618
1754672,33996.22567114214
1755079,29655.08112931081
1755512,36365.51523895422
1755540,16787.591009376003
1755946,37492.398456444265
1756185,14642.051939077508
1756479,56879.62272628732
1756505,43549.945012758566
1756817,23484.94068351194
1756824,27486.796495535647
1756839,44861.59470967119
1756933,14784.458835461655
1756992,16994.70586033097
1757003,10003.4724242621
1757034,67224.78613631484
1757264,77684.26297563536
1757365,17544.3086350137
1757688,40482.22276699179
1757782,26279.93038457635
1757810,24380.539688044977
1757841,14287.067602768657
1758062,22586.68249288748
1758121,42015.94988292115
1758137,24544.34903807508
1758138,15778.757804902534
1758266,43028.053003317145
1758733,18730.41602614921
1758768,15448.388825576301
1758853,16422.104494638206
1758874,21023.849890221896
1758950,35055.97384861747
1759103,12722.736706545595
1759628,8257.731039269525
1759646,26449.33191473191
1759697,14800.434791423308
1759714,20636.403346356572
1759806,63200.51817409572
1759963,53683.95725731012
1760109,74546.23378859802
1760126,52146.87173255926
1760146,69951.64908668664
1760177,63548.39343316961
1760549,17081.288667793953
1760593,14496.028942055666
1760598,10704.317242379935
1760633,52334.98117026951
1760666,45040.81592266413
1760870,41492.85243356268
1760926,44184.05442472575
1760952,10129.733995149167
1761063,23032.49035588535
1761126,10631.170299795585
1761203,11354.157059717721
1761207,13538.407687196279
1761210,79561.41146859774
1761211,10272.66910608595
1761274,24091.650145509728
1761317,61991.86539028605
1761367,17943.32919198321
1761398,11273.521800647952
1761410,76793.94134033668
1761411,16216.229308529544
1761414,15192.372129918727
1761416,18310.67499056785
1761428,38187.880244248576
1761430,8653.860040802994
1761432,10229.212016157036
1761463,56790.1203156076
1761471,10972.00823754191
1761503,47604.286533019804
1761516,33062.89399948032
1761522,55980.65372638645
1761531,57823.24492557493
1761561,15085.060010923775
1761568,41900.78391550786
1761619,54372.095839622954
1761629,36019.27024525021
1761659,54815.817080501016
1761670,15812.549776957994
1761696,9840.798605090671
1761716,42819.61887865934
1761733,14723.466524247215
1761761,39842.46007539884
1761919,17309.78992059662
1762040,10783.588110944596
1762107,79329.56191313533
1762375,48006.59235104806
1762395,20971.4368850853
1762403,59626.43184938647
1762404,28095.89239099082
1762418,16947.46857286323
1762422,40982.40178467266
1762457,43854.758543603224
1762469,19167.649437575223
1762556,24993.469004894414
1762929,48407.46612963215
1763026,25470.77163509336
1763810,32308.03867211562
1764415,43717.46825520057
1764423,48109.22159165582
1764432,34115.008282583054
1764436,24026.797393676083
1764439,18573.432356740504
1764441,23450.671898387114
1764499,90945.26303476414
1764503,23345.735761971904
1764515,16566.667781562388
1764544,37439.2559158342
1764575,21162.29031688243
1764604,56615.33981584365
1764617,34293.03691068121
1764621,48937.76855786459
1764626,40796.006273865816
1764631,39184.82617994519
1764676,52619.565176590186
1764955,22597.90736058896
1765377,82462.17321737879
1765454,36328.89281539099
1765853,18996.16859051682
1765946,21418.68730895011
1766051,26866.56676241287
1766052,56380.61938099649
1766060,20393.25396575544
1766061,53419.569432314114
1766203,22347.601335256084
1766213,23941.07507361477
1766271,20563.61813910552
1766300,30975.553681558344
1766329,31443.06024823172
1766334,47409.21454081736
1766411,24619.035170361316
1766482,32964.642106543186
1766485,22708.252942222956
1766501,29835.60284838613
1766520,42112.20056665393
1766524,34794.74172525965
1766537,24794.503226340945
1766549,33844.534333710115
1766550,25434.49174828043
1766562,60282.32387764055
1766563,37200.90949331996
1766599,59946.65719951759
1766600,56149.95768004095
1766608,21567.59324071979
1766632,76003.97245378466
1766645,21859.780885394022
1766648,29701.640703095545
1766658,55552.873283970905
1766662,21959.823185888486
1766675,90724.07654839348
1766677,59767.3080668924
1766741,50749.98687408083
1766753,34971.37486857539
1766775,26762.34344963449
1766792,35548.084556027505
1766811,21288.730707209408
1766820,47627.960385531405
1766836,36826.7160727163
1766846,59319.69105834502
1766852,19623.548323125015
1766858,30996.66015266101
1766874,35012.16676822592
1766888,32957.54676504883
1766889,29656.781197063818
1766894,24524.549522834306
1766903,60634.52273490077
1766929,34443.49768877749
1766934,58458.07764964123
1766974,24623.195511605303
1766984,33558.182002489804
1767011,37000.920300185986
1767058,37412.95687094604
1767065,30049.974060062457
1767148,55791.389307724916
1767159,28440.427873015975
1767161,27440.11408197502
1767162,30721.672739018628
1767178,31205.691671429497
1767179,31456.11518734799
1767185,67615.02750247777
1767216,30225.918143825373
1767449,43392.98339909261
1767478,46812.921249195875
1767845,64839.24952383915
1767937,43595.20506698686
1767941,45914.47747362819
1767976,38684.820070496855
1767979,49017.780640046025
1768017,48540.85604876271
1768036,57683.71795950127
1768041,29949.802684068804
1768046,72730.78194740179
1768067,57388.972765380735
1768085,29990.57247501562
1768112,51387.12825833348
1768116,45406.73124664212
1768175,53753.036648954025
1768219,37361.280458540066
1768231,56501.08683561499
1768271,63611.463650667785
1768292,38695.35291783109
1768320,47977.0474181063
1768327,42438.59737562294
1768378,72021.09940608747
1768391,56870.620861928124
1768462,66715.35482150418
1768471,53371.858150265485
1768500,35438.12668696006
1768525,66713.36761785617
1768539,64428.82774998542
1768576,61769.574561062735
1768644,54492.612873869846
1768646,39010.56084959279
1768658,68200.39279018431
1768667,14344.432294689936
1768688,57768.434402991756
1768697,41866.50039114935
1768722,51230.704427251505
1768764,54201.04766909158
1768782,64185.86944239635
1768787,34084.06179853602
1768827,70116.14228675903
1768936,40799.084412532895
1768938,72279.9267551177
1768969,70851.49116874293
1768981,45225.7387905991
1769001,53851.807289239565
1769038,39971.73076953144
1769064,71258.73949180964
1769112,33119.26154960507
1769232,35997.58353952744
1769236,50839.891338761
1769287,83200.3621112467
1769288,58369.39241814241
1769296,76005.13265532689
1769300,58972.3051951496
1769308,67438.7756932311
1769311,85666.66201698757
1769422,71957.98716093182
1769435,77181.82634509327
1769459,51016.94890338889
1769485,37383.18451180532
1769489,38112.03970191597
1769538,39519.50504378213
1769548,55288.03099042868
1769583,35163.80826436008
1769584,31924.07138158103
1769586,38418.87959372996
1769588,42224.15986149387
1769600,53415.87508277562
1769621,35391.01876007921
1769637,35550.622942570946
1769654,43609.39414696959
1769669,45440.96023077946
1769676,38400.38025217758
1769682,38785.386871079776
1769690,38580.89920381059
1769702,32386.101559080038
1769731,48319.73747871853
1769758,65258.833434163615
1769760,59534.2111091944
1769785,59270.87826082306
1769811,63258.919823799595
1769817,42666.596171353274
1769836,68724.63535155376
1769859,72470.30918438424
1769879,63127.064321382066
1769910,52691.135610319805
1769911,34395.56420203399
1769916,61619.644719374715
1769923,41210.95207670936
1769942,40710.1460106777
1769951,70448.43005721735
1769960,56717.34126761642
1769965,42231.387336291904
1769972,28031.191899649923
1769975,35451.74101716097
1770002,46186.9208680367
1770020,70509.79414842375
1770024,69628.90195903943
1770034,35381.109777687394
1770040,27889.131059273535
1770076,41104.98259213936
1770085,45923.94702780085
1770121,35014.19368462332
1770134,41803.948780838866
1770137,42720.591838277556
1770138,75348.51681371144
1770139,53891.041591243935
1770146,44774.56536301739
1770228,41197.76184011679
1770318,42819.28188076811
1770370,45987.98597808037
1770378,41216.135213268375
1770392,44343.184507963466
1770423,42309.339631903786
1770430,46713.56829053087
1770476,49732.52343646506
1770495,50739.60300565344
1770566,37235.07185370361
1770575,56077.862581376365
1770611,60327.74935204734
1770612,44968.96186233797
1770622,79965.47423964684
1770626,78720.80432070346
1770653,63745.670214057995
1770666,80462.2253698837
1770746,60640.1048636135
1770754,66225.2527843519
1770812,71194.36404245468
1770899,68501.15323545683
1770906,28025.797185944008
1770916,81268.2608795107
1770933,67494.60335602281
1770945,65657.36747686642
1770999,88557.5023219855
1771085,56849.28462590903
1771128,83067.0634460854
1771174,76278.97869342811
1771198,94526.75936596867
1771320,102203.57161689464
1771469,56054.28749623229
1771476,51727.08225677259
1771535,82259.36483546458
1771624,78262.67774402308
1771693,89793.31886824816
1771823,80228.12275717522
1771874,80539.64366426271
1771968,49660.72956157288
1772018,65493.13385632337
1772024,87185.192055609
1772105,58576.55711479429
1772122,61960.331935881564
1772178,89698.25098219747
1772202,49222.725550899064
1772239,93759.12004258395
1772453,25228.56504115524
1772477,36812.383282737326
1773426,22264.46540407513
1773881,25843.83339914415
1773959,40966.293327164654
1773982,40561.45850467233
1774011,51208.92143319132
1774064,80143.4083668033
1774094,62093.547081542805
1774112,56113.04699660154
1774121,67993.14494594332
1774187,91419.44588290917
1774224,76516.71280221154
1774239,40604.67526963833
1774261,91387.24317390304
1774459,51962.44313506156
1774465,25009.97885986183
1774645,12946.979497054517
1774653,17862.60734834143
1774691,10449.618772565485
1775424,93077.46720514914
1775453,72823.90218033871
1775473,50771.37436098193
1775524,76579.83613131939
1775574,19615.61345925754
1776086,31523.131569741316
1776092,27668.615211723078
1776105,28844.016585878544
1776151,40989.107179907995
1776177,38180.38865643301
1776181,77449.29602014484
1776227,31142.657736485813
1776231,19614.77630124351
1776234,35861.29579701624
1776307,42829.55258998917
1776344,38821.83115223713
1776374,73681.9192265527
1776402,36176.54861266719
1776431,31371.288912943255
1776469,68717.00425134586
1776478,58153.34539728847
1776537,24812.298279450017
1776540,57330.87382093507
1776549,43081.5765092148
1776551,43567.649115304375
1776578,49316.00106083493
1776588,28776.747882861524
1776623,66457.46414210212
1776706,73930.74728336856
1776756,75172.5222507249
1776761,66762.56008865147
1776795,93255.1633512236
1777130,28966.364642505043
1777270,50481.834267606384
1777589,19226.868340626646
1778259,35447.21822230142
1778510,17464.385447055156
1778650,23084.922466450964
1778839,20112.762593897663
1778894,31448.503138303953
1778912,25973.015082459242
1778917,33401.93496678015
1778952,34853.36316264247
1778954,26805.01285884856
1778957,32488.879092319043
1779505,9657.593345895808
1779766,10309.878247829352
1780612,13761.52629817626
1780645,10952.239981746065
1780661,11258.56371827419
1780702,22029.966765537556
1781547,21172.158756617024
1781852,12901.399724002904
1782169,21715.833265746485
1782657,22620.431431975347
1782663,16249.82790809837
1782825,20505.064966528345
1783087,28622.420639650307
1783188,34167.30797560487
1783192,43476.67213257846
1783885,49424.346430228594
1783926,80109.57259219889
1784121,13362.090706458965
1788939,17393.979518795528
1789841,8535.362053903786
1789842,9208.078100457209
1789855,8952.983494163165
1789858,11122.059752146408
1790314,15306.902405606264
1790316,14690.182523485328
1790335,12817.766588494273
1790425,12598.47715933394
1790489,14031.169474913515
1790520,13174.107973692304
1790639,10847.659588721606
1790857,13617.80288929885
1802462,13204.596360923784
1802743,12695.967572152998
1808574,14405.898928407783
1814754,11570.113870613552
1814809,20360.407669233973
1816617,18016.889416576192
1816907,13590.71979248035
1817483,26129.668108081663
1817581,15953.92434156573
1818569,9772.72328866235
1818603,10064.987262186485
1818640,14150.326116700393
1818655,19275.583117242375
1818656,12876.17560992653
1818790,15645.699280797131
1818829,20492.32706230449
1818973,15540.47739356667
1818978,15949.856829117018
1819595,9858.19490782281
1819623,13545.082003109685
1819628,10192.08442152216
1819822,9926.195915640019
1819885,9834.341205822111
1821495,14325.923035511436
1825467,66138.3937929915
1825469,28199.13137777441
1825508,16058.610524886122
1825534,10888.12218623473
1825566,14146.797123449844
1825568,14146.797123449844
1825578,14406.021061981344
1825613,16778.18870718619
1825665,10876.283433258232
1825708,33778.24646609044
1825737,27976.3910956679
1825755,35722.81027067824
1825780,22509.945519957462
1825783,23498.477475611755
1825784,29481.404662850182
1825798,38086.55928254635
1825804,28270.853988890005
1825808,27535.87292459109
1825809,34672.99753196018
1825818,18617.38770234355
1825826,15521.370038895348
1825827,14548.277522677301
1825830,16246.390021300855
1825863,37877.52998149018
1825968,28401.971229594717
1826100,31288.448481712177
1826107,47257.90129448352
1826110,32953.482507191104
1826163,24780.33128487653
1826173,60766.41736193086
1826174,33375.09021011644
1826187,32437.297422512067
1826242,27387.10485043712
1826248,42680.554081176655
1826253,49159.452286274034
1826262,31204.6760199506
1826284,45993.60818770098
1826292,48343.84456637187
1826295,48853.39471374135
1826307,50571.877094540134
1826321,33995.99916807727
1826414,48063.89929739547
1826421,45462.466518637884
1826427,33036.62038626394
1826434,43542.14219592785
1826458,22097.870742851013
1826467,17609.83996969405
1826535,26192.85305485753
1826633,29093.021851301084
1826707,65583.72887422558
1826721,27698.617851716317
1826754,53060.83796289678
1826762,52322.20585284285
1826873,36081.43662394852
1826885,25432.09002102622
1826887,34047.773903586574
1826893,31763.445303797438
1826935,27513.881990797403
1826938,40057.032921179096
1826951,33210.291038369076
1826954,35596.85388364677
1826957,31656.155185822245
1826966,74386.77243935771
1826973,20921.486291413035
1826982,64877.620041957794
1826987,33789.91007255663
1826995,51603.53902426898
1826998,45376.63131396008
1827026,46164.63071033782
1827034,48286.929929433354
1827166,19859.07388963155
1827278,45797.86375138665
1828221,13989.16859944536
1828223,12467.443660244331
1828230,11294.633401358145
1828481,21600.746122159093
1828493,22161.426867319864
1831361,27045.63780109677
1832091,17884.764979681877
1832758,11913.606386550162
1840149,25610.140209607005
1840183,18481.166635622416
1840195,18581.745893749157
1840214,18064.47097901867
1840224,21082.06049011577
1840250,20209.565738378016
1840267,19329.694592512624
1840277,22879.597027056712
1840283,28912.856173304277
1842601,47502.77401534158
1844759,12691.907119007708
1844769,16711.00678657185
1845435,11479.966833472565
1845458,11541.131031747063
1845463,14241.841334009234
1852262,14949.439547539308
1852266,24408.45428886868
1853523,14772.27020317234
1853721,23691.252060663664
1853727,24848.311266074033
1855057,25856.980618842423
1855086,33611.37604049779
1855088,16655.01305335767
1855112,41697.28134128935
1855113,32634.160734151897
1855121,33194.579537561345
1855132,34565.536360734404
1855148,58263.86049325045
1858255,9309.543889533026
1858265,8830.014653230683
1858552,10415.202880224268
1858579,8403.718220749404
1858608,9507.28217311477
1858616,8905.954404172575
1858636,9313.560995038606
1858643,9412.637716319914
1858651,9213.776028311479
1882651,8932.26003632924
1883169,10242.22815411804
1883682,9817.601966654973
1883824,11615.363005891295
1883976,13012.498657130043
1884120,12764.986144983488
1884815,13008.000140531454
1885113,20184.482878081577
1885295,27864.061952333293
1885484,12653.622165944715
1885807,15635.45722482887
1885817,16670.085260043994
1885822,12584.330834108363
1893624,21239.073283686004
1894225,10545.093940630924
1894348,10839.442867836795
1894550,10407.968019851112
1894732,10660.18802279443
1894818,11512.769378611585
1894858,11349.553513042281
1894970,10868.953853924471
1895141,9205.614522111784
1895158,10463.874737111215
1895216,10053.67589663666
1895388,11868.800421123322
1895488,13161.836313341997
1895493,13832.690329604346
1895509,10861.925265756598
1895535,11602.258889286435
1895538,11067.227014639046
1895614,10397.339533511762
1895615,10031.93976085746
1895676,11503.164030704102
1895718,11785.332577944506
1896326,13086.051220239948
1898395,13896.217172624947
1898453,10874.686505996176
1898461,10519.435458277701
1898465,13476.125016194736
1898637,13454.453881554944
1899633,9693.769450518059
1899699,10679.093091842878
1899705,22004.118554372657
1900365,14440.21155040513
1901963,16114.80091966783
1902015,12754.448539937972
1902022,15206.684050341557
1902324,16587.17991633515
1902333,13624.168248950476
1902336,17145.97211303023
1902375,11098.232394223178
1902459,14254.951584364522
1902467,13761.673641788297
1902474,15602.345130088277
1902475,11127.834213652744
1902541,14732.545283061525
1902551,12200.567373587251
1902716,10490.202754654973
1902731,11101.998125244783
1902777,11004.430484657321
1902793,10138.2988504477
1902795,11368.744974522031
1902814,9685.667184854234
1902824,10682.985273039365
1902833,12291.436118494581
1902841,10358.434116780054
1903047,8530.025129556014
1903052,11293.530147783755
1903057,8635.581087587583
1903085,10126.868095925509
1903099,9527.573171138298
1903105,10593.624697633097
1903113,9251.094837003486
1903133,12375.191590809978
1903139,14910.883914391274
1903188,7816.857828827582
1903191,7979.669000217065
1903236,10764.808144558387
1903241,9214.937380838874
1903249,10152.503171799743
1903273,12775.63458176855
1903276,12091.00127363425
1903280,9255.331904580607
1903283,8866.08114870881
1903296,9639.174243152764
2195869,11446.61361954464
2196012,13519.366420683109
2196321,36503.40431594073
2196733,26786.028315960288
2196939,28825.003897899463
2196998,10549.3165483902
2197324,10070.946798476303
2197347,26893.057127618085
2197936,9223.037114126078
2198837,36691.78858228459
2198853,33175.32163402005
2198895,48956.90564982999
2198903,41753.29312522987
2198940,40343.70824689076
2199217,38900.20622476766
2199224,44307.868196669864
2199244,60516.03796025187
2199481,15168.696988867114
2199739,77199.95459001049
2199759,17396.717890139324
2199802,46514.74690130682
2199803,50356.417523126365
2199820,22353.79747352604
2199824,18215.105929212546
2199865,24388.419571527433
2199882,21173.71152771971
2199894,22661.739047689203
2199904,20023.16865758668
2199917,19657.88802130376
2199919,26905.541238753387
2199920,21165.1386699159
2199929,27628.43928302253
2199973,24547.66497896752
2200023,27494.639353471204
2200040,27631.712874121164
2200043,29276.483906796864
2200061,44193.232056473375
2200064,31788.535827732867
2200139,45809.95841314557
2200207,22328.698703516977
2200214,29411.560381629795
2200247,35465.711358757624
2200262,38138.44267862189
2200294,46475.9512635861
2200341,45902.98699741683
2200430,58770.77367090742
2200460,56192.4098432794
2200463,63121.14287874826
2200483,85342.39448263825
2200495,63349.491370430944
2200512,51741.09862799923
2200514,67367.9679141475
2200522,79848.91010419292
2200533,56405.327310137975
2200538,53890.24725959205
2200588,66266.131016029
2200626,56911.12964689929
2200655,76769.84233120915
2200663,76769.84233120915
2200669,63317.321897730195
2200683,63019.972384855304
2200685,64423.103562097065
2200686,64019.308709523044
2200702,69414.53793509532
2200707,77848.99454965828
2200718,69883.76876851314
2201230,19102.57860199166
2201239,27795.47995942788
2201250,27600.39429797614
2201389,23890.38224604497
2201436,79855.59468346654
2201447,63297.713165527326
2201466,73869.15358808816
2201467,62958.739448223576
2201500,47859.900113586584
2204212,21459.843776168545
2204456,28513.554796766868
2204530,32515.128100383285
2204567,27106.45921849659
2204597,23584.780830834938
2204602,26805.307222924926
2204617,25488.394261792793
2204659,29020.692566908954
2204697,57287.703314917315
2204716,36488.1934370102
2204840,53917.077992626604
2204858,41642.37553292876
2204990,73763.13655769771
2205006,45634.88182740579
2205165,45941.730780221806
2205178,60639.70411361704
2205203,51006.3691663541
2205213,83946.73154940344
2205224,79222.67786325126
2205281,75009.94907030891
2205292,70315.31350933736
2205326,23786.076498432732
2205330,23300.906459376398
2205445,25088.882581612652
2205455,58299.072928597925
2206440,18831.78443147394
2206578,15483.378504419368
2206719,23512.00217344036
2207057,18233.69534716397
2207062,24017.84924505573
2207301,29108.761205349056
2207306,27794.009546425565
2207316,29126.89567976284
2207319,29776.878575418912
2207573,22335.352641866488
2207911,21543.052825126582
2207926,22527.865607362033
2207936,17897.567043287574
2207980,22402.151956393078
2208035,19180.30120969809
2208106,21796.739222423184
2208356,17070.851416621375
2208452,26944.955273088093
2208536,19254.400046283154
2208563,14055.457158651483
2208565,10397.322294644551
2208576,20087.770690684414
2208577,22528.64235194211
2208580,16869.906357278738
2208631,21835.736927539216
2208873,17264.566681723907
2208918,22964.324140223824
2209081,23348.785737964226
2209396,31746.002969679943
2209535,27262.57549373639
2209879,17908.63089910017
2209986,21619.8517904391
2210323,25608.112724752005
2210464,32523.2110476465
2210491,30171.485147471725
2210998,24444.586466479373
2211049,32972.98806203981
2211080,24796.039001394387
2211093,25724.842697306092
2211097,26957.228747339705
2211151,24912.46212505264
2211183,32054.068625700118
2211248,25938.69709023278
2211311,32718.559082955588
2211342,27479.51580634257
2211374,27348.040497138372
2211383,29736.533444822726
2211406,28099.94815223593
2211418,32985.54182458197
2211420,24668.507257284833
2211432,29936.984509613972
2211488,92266.19020490894
2211507,31729.95301428427
2211566,36977.112075713376
2211594,28206.028209660675
2211627,27953.918098537455
2211684,32347.6304927455
2211714,32683.5661679155
2211753,24634.1665823375
2211754,33090.99183682274
2211762,28483.51643796163
2211789,29228.44506341601
2211833,35359.447451972526
2212324,16769.465173780292
2212330,13124.781004538687
2212335,17572.56024071054
2212357,14438.374003377688
2212361,17346.00853215876
2212362,17442.347826305442
2212372,20757.19641473681
2212431,26960.063555527668
2212464,27300.296899179353
2212479,22818.10128388067
2212481,26210.697783042044
2212492,25797.73524504002
2212509,24285.13790625653
2212532,30071.65206907964
2212586,33149.284139879936
2212619,34843.51114462979
2212665,28768.561478389936
2212742,30292.67828902232
2212757,32967.09579500994
2212793,78935.6562351982
2213286,21518.40218239043
2213310,94370.11236667914
2213318,28308.44194588324
2213345,28240.20928815609
2213363,30849.170502561243
2213399,34996.39224682299
2214265,14386.280907028013
2214492,12537.513794953255
2214725,22772.672302918945
2215047,23077.050525517217
2215177,15877.927284499865
2215180,23720.01047636607
2215268,24249.09027883456
2215274,20077.091536632706
2215280,22582.168690363094
2215297,18926.5488262826
2215304,22507.88752865245
2215306,21250.02250570419
2215314,25563.30746458878
2215322,17727.016578521725
2215456,7543.10095591517
2215824,12283.268864357777
2215860,10422.582787420743
2216080,10763.630547499766
2216286,12828.092304560494
2216322,22023.225677028415
2216497,36237.94944495542
2216498,39215.909762685405
2216710,10078.464294677256
2216717,14579.495647700396
2216745,14537.16684265188
2216746,16263.370312480583
2216749,16415.150974394597
2216753,13779.515719903395
2216777,17041.17004209873
2216811,12943.03577115908
2217172,9975.154790314218
2217322,49354.7701334447
2218806,81879.69857423786
2218811,107178.38081465778
2218840,115507.86452040731
2218963,23095.5894184394
2219029,29369.953828264228
2219036,33480.507963992415
2219051,31403.267105995405
2219090,27595.03060971062
2219091,27182.44891814473
2219095,30607.50788061776
2219096,31247.477393828423
2219098,33328.49690450938
2219100,30890.54017445266
2219130,35352.25649326316
2219163,34656.79786126082
2219673,16869.322615697547
2219676,23588.055260803652
2219885,19495.497627099623
2220300,58997.4023541659
2220303,63251.5237205358
2220307,89664.5497500927
2220314,93470.32023904035
2220315,57652.52699123034
2220377,12823.519616978145
2220458,33152.65000463174
2220480,28887.429777560385
2220493,29787.473662682958
2220503,30281.16130826139
2220574,30195.084581962477
2220587,37585.576174397385
2220595,30660.60738723002
2220750,23610.835979544892
2220751,30558.353272067252
2220938,13873.943470643524
2220986,64817.643334980756
2221053,71986.4512025059
2221069,74696.01905088277
2221072,63290.98650991583
2221085,72852.20960712511
2221086,63788.501455231264
2221101,81093.57517440458
2221105,81884.29843379022
2221245,87719.06314868794
2221407,17688.146159692853
2221613,50326.22406563884
2221761,14138.70661642801
2221823,21768.393649625887
2221893,35933.43024663145
2221897,37395.88580649008
2221901,43906.20006414641
2221915,49503.236586624924
2221927,47744.04242708968
2221939,38194.77596424804
2221953,50088.25717969577
2223031,34662.92338422598
2223046,33333.12736730402
2223070,36331.46978115061
2223078,30869.166252224863
2223079,38461.85076878289
2223090,37266.43740356886
2223103,35810.7188568181
2223158,46177.77683662293
2223179,48280.948415523424
2223180,43255.32745888159
2223204,42092.313327218595
2224524,16932.82008584747
2225101,51782.690770235524
2225160,27940.24853558269
2225339,49730.48945765101
2225365,36274.66103759727
2225382,48831.252861827255
2225390,41799.7664760372
2225393,41397.771540194684
2225421,12480.338709443802
2225422,10780.677667210655
2225432,14385.816287774533
2225441,14767.297394416444
2225457,13889.360929112945
2225492,14856.877311750943
2225510,14780.446147368171
2225511,14095.07182836966
2225527,12898.921818909641
2225556,13206.554440449243
2225585,16610.11500959934
2225609,15945.93037049033
2225758,38439.16986408917
2225989,43082.78708312701
2226032,33725.920039643024
2226035,31940.782577637518
2226043,40513.52517283599
2226047,55867.82074312998
2226050,45330.47801198773
2226060,51351.58646303717
2226064,38245.374740020874
2226065,43188.76276732433
2226085,49689.04341270403
2226103,46185.5251723843
2226104,33144.83690624984
2226118,37047.98683700058
2226171,56619.55884217707
2226172,32930.18736457844
2226198,57903.407672762274
2226223,55109.62735284716
2226228,41610.54380972359
2226233,41971.181029848616
2226260,42914.91266831201
2226296,44516.84190238939
2226298,45600.558088258185
2226305,63163.22622026866
2226310,61434.366400235434
2226381,56342.51280141081
2226411,43491.383930158634
2226419,79665.27865882483
2226476,67295.94856008588
2226500,54979.12499411362
2226512,68482.35183223672
2226524,74941.40990207662
2226535,86395.84898972337
2226589,59986.78401201937
2226597,85703.5899643699
2226598,60488.88920964694
2226608,91638.11493668424
2226610,85558.38120165029
2226614,81867.08893470855
2226632,73855.97905878365
2226635,92184.18623262898
2226637,67001.28452529106
2226692,85960.97638740782
2226698,59986.78401201937
2226753,94248.22999280649
2226757,86525.71861367009
2226770,88649.76745278464
2226798,65765.81468572031
2226868,33036.25912896978
2227010,22461.44650606953
2227060,11832.081109062769
2227091,14367.944870454548
2227092,55525.86238374193
2227185,34336.051198729576
2227197,46311.77070394947
2227218,47260.38121280185
2227289,23915.46537286016
2227313,25213.663724585498
2227315,24067.865552300656
2227329,30860.909999668595
2227390,41637.54057588155
2227396,31448.574386783548
2227633,23749.580780070308
2227807,68262.52461307766
2228145,18288.91169530003
2228158,19377.68802985266
2228232,80167.61532643109
2228306,99135.06142946174
2228308,108512.86218919557
2228319,109821.55470015993
2228320,84867.7115048507
2228331,109821.55470015993
2228337,92057.74761526639
2228372,94891.18253576128
2228390,74297.82857682998
2228431,106955.27534026389
2228443,89873.93815692239
2228476,108769.13234746156
2228485,80924.08761537647
2228514,78220.31188235003
2228529,112955.26763661669
2228553,81234.40763887716
2228556,115768.04022771188
2228572,87488.11408557597
2228585,81404.47153582973
2228587,87666.1074241737
2228598,86602.15318166482
2228599,112068.37641906035
2228616,91385.0465420889
2228625,114804.73392335273
2228649,89519.52418469025
2228698,88257.35099220186
2228705,118825.6521711659
2228711,78729.72042127428
2228716,84150.11821661895
2228724,89695.33011588601
2228759,94350.99580939258
2228805,127991.96466875676
2228809,129798.7208898648
2228816,124237.22844517532
2228851,101680.96415925186
2228859,133879.1819835015
2228866,91565.90117580308
2228867,97852.72312776692
2228914,94013.36659339746
2228944,130365.47161195286
2228949,90703.4752588621
2228951,102273.73572680014
2228978,106130.86823970811
2228980,141239.1223377426
2228995,101305.09493228159
2229026,97560.33756625518
2229130,32762.27780743673
2229747,68540.37281389034
2229771,69808.3115569219
2229797,69717.61510910386
2229801,78463.23621486989
2229953,19119.41787453657
2230162,30201.53098926729
2230173,33892.311905860064
2230190,28024.075587971623
2230203,37643.34091725378
2230220,32552.090709734533
2230331,10540.716212707217
2230361,13511.447472859538
2230368,13431.619853442979
2230397,15963.905531994846
2230523,24657.093318323616
2230654,30293.424348173434
2230664,29860.207290831277
2230743,10843.98647086999
2230757,48783.97422151624
2230763,43843.398287329845
2230768,43453.45245972063
2230780,46509.525083660425
2231394,29974.7257330763
2231400,36473.56116792412
2231436,34019.74268507479
2231447,37517.920066675375
2231468,29654.867190112465
2231513,38309.040745217615
2231519,26430.627108421853
2231528,37749.76058779094
2231647,53150.325949269856
2231649,69640.18594419661
2231970,27680.14377773159
2231973,25764.45050324171
2231974,36391.1260676023
2231980,41974.79363962983
2232019,35686.17288405551
2232032,37059.810335107664
2232060,40128.84460336412
2232071,34949.83363403248
2232136,37598.72032442435
2232191,78968.15450885808
2232202,78195.52141936723
2232223,27287.0016250674
2232242,36898.2672670699
2232255,41511.94338935565
2232260,47450.91134548865
2232266,21791.643374838193
2232268,40438.6060763134
2232350,19453.811923821613
2232374,21726.028384556612
2232378,21360.50337975892
2232429,59537.114334504586
2232447,60291.084303560725
2232479,56875.79238550983
2232485,53351.41800176036
2232496,76544.21166010297
2232569,53379.36377177088
2232601,70822.04485797681
2232608,60024.41100896546
2232619,70027.14246106379
2232633,73642.77323234368
2232686,60820.840004954385
2232713,56716.56287736167
2232728,78992.87707231985
2232763,60318.00416693332
2232767,80205.72712995492
2232777,65071.6902675527
2233245,52982.01483457517
2233259,31792.77814849592
2233265,35994.144157338254
2233274,44571.10102191125
2233279,52891.377936252684
2233313,34367.223843727734
2233343,38158.82274009644
2233374,15623.210721454932
2233635,73012.75078302724
2234057,77917.3266612476
2234061,92651.86493325577
2234084,73738.21909045239
2234087,64785.80912406441
2234098,83253.24640687951
2234108,81309.94017737289
2234377,55127.45399710149
2234398,58910.88114548012
2234418,41168.65413178854
2234426,52393.4584476313
2234462,38884.12112251775
2234481,41196.34110883406
2234482,42880.75046433025
2234498,38180.78970180128
2234499,47528.70382247966
2234511,32141.13089220959
2234521,51430.50874495135
2234543,52458.14986618205
2234554,40890.04967911556
2234605,63148.056177870676
2234655,64247.72720743507
2234663,55962.361178351486
2234739,44344.96041522246
2234869,40303.17214811516
2234875,41867.42019728993
2234881,35307.71889711843
2234883,34137.35486957452
2234915,44987.22438041045
2234927,43680.30430528842
2234934,46910.19360072335
2235008,41283.853205358
2235049,51187.05062761936
2235076,74338.89083999975
2235081,66674.45883287041
2235094,15522.212918197056
2235095,21491.16650802968
2235097,15999.237796333
2235104,22218.130486610433
2235118,21039.052985977494
2235239,24838.368021363156
2235248,21241.44221418444
2235265,20013.68922968958
2235308,9007.782320322318
2235404,10156.094936286585
2235421,10760.762154910892
2235531,36777.170370134525
2235559,35521.73954456869
2235570,41841.549449786
2235581,41384.52765466382
2235588,46580.367207268224
2235613,42775.3986820189
2237802,12931.676188451725
2237810,10374.308445052135
2237837,10973.467978451255
2237858,11895.337315565956
2237883,43744.147688665886
2237973,10993.659392953785
2238007,9833.424004041151
2238019,11165.988680482544
2238041,12521.579078808625
2238065,11121.666718888875
2238131,13471.087071558773
2238136,14649.263285426372
2238186,13060.572678749237
2238217,13344.687096353895
2238238,16554.742421248142
2238254,10504.070619718217
2238255,11331.64086761569
2238268,15062.255909405902
2238270,15500.365529656645
2238275,14493.361282008726
2238302,15192.82688347654
2238323,12505.931847924348
2238369,38607.208042706014
2238377,31462.262562347918
2238389,28659.71923539875
2238390,43495.9086818915
2238422,49887.00986628516
2238444,49103.35558974576
2238543,44496.43545479794
2238546,42809.42252581877
2238554,44886.868167464265
2238573,41209.59252710055
2238576,38264.64311144235
2238588,39324.01756408377
2238599,43164.51853616511
2238657,11110.175738940747
2238830,45341.860984648556
2238831,38498.858115103416
2238834,44237.61896894404
2238839,14713.546382131373
2238845,12089.315686172647
2238850,16553.704089882336
2238851,15786.776977590831
2238920,36902.35397471787
2238940,15906.517628803565
2239000,32210.776041407855
2239024,39784.187503489324
2239029,35427.54057611504
2239081,33440.749419237254
2239122,55637.13443260568
2239149,46495.0337832197
2239190,58355.33131936096
2239202,51240.13013476095
2239259,42420.34265132708
2239263,54187.54852721632
2239270,58762.20946596752
2239287,68875.65247623468
2239317,37467.53645200278
2239365,37221.703622145025
2239618,14878.132027258693
2239629,23979.84989192612
2239637,14878.132027258693
2239647,24263.65983611947
2239701,75904.68400349571
2239750,65760.53328745505
2239753,65864.96063332263
2239775,48971.45454317617
2239777,33606.83857051821
2239787,47052.9927715511
2239862,16273.992597008442
2239869,16961.23395337485
2239881,13815.8631138415
2239882,13231.291654752498
2239892,17401.07447058395
2239972,39051.348935015776
2240102,23982.837798032717
2240200,69539.15015381231
2240201,82653.5290924074
2240356,39303.725859202714
2240441,32604.943830448385
2240722,57856.5727502779
2240729,65929.51635794103
2240736,62631.35430495533
2240740,54296.656564445
2240743,69361.60179746465
2240787,47405.20726115116
2240811,65049.6703700663
2240825,47482.02112455174
2240839,47077.95161469245
2240842,51923.92195620947
2240859,72603.70705127482
2240875,51816.55119394077
2240887,48954.28224933124
2240890,70283.11052840279
2240895,49265.65501134369
2241089,20665.174201788534
2241098,19165.889949186425
2241128,16207.36411851357
2241133,24403.779257310704
2241141,25757.9464761291
2241163,27967.100307532266
2241172,17501.715651837425
2241210,83041.19881696081
2241227,82613.19107357514
2241233,89997.71385029313
2241396,79192.0659437553
2241415,66589.94734037673
2241424,101619.48879356157
2241462,67628.17327167932
2241476,65481.32895025702
2241495,87336.65100696722
2241508,67342.94285813624
2241512,77984.1476138298
2241515,90879.76020136492
2241577,78287.25930433076
2241592,96511.7476794325
2241593,68195.4932495866
2241596,77344.21533348659
2241604,90369.77142959298
2241626,91632.57565372867
2241638,110626.03393840336
2241653,89873.03977548958
2241655,110063.64599218892
2241671,100662.20958836624
2241675,95289.13571513028
2241688,101821.79066713028
2241709,126941.08719198227
2241735,124548.69798804796
2241747,93769.0279412873
2241799,57038.88647677885
2241811,57706.00333540006
2241820,59961.14218511398
2241842,67465.2451752804
2241843,54844.45475250542
2241866,58793.175471193856
2241883,48729.75899306631
2241894,46199.68614622279
2241904,42094.687601050646
2241925,41409.93910293076
2241928,49770.27784333278
2241929,49654.85083415793
2241956,50904.2427616546
2241967,58895.46431093099
2241976,54102.140419953044
2242023,41455.790113675735
2242029,58073.09053586367
2242036,51124.2165276642
2242045,39099.382025040584
2242052,40732.58585700225
2242064,51356.59945814043
2242070,41471.3011998265
2242330,17395.10191819961
2242748,17281.973235033118
2242777,23827.087595235214
2243065,21086.369408689774
2243152,40423.68059653887
2243206,19133.16537229136
2243221,24073.962487231096
2243227,20647.442235159506
2243232,25745.267691502642
2243274,23481.123172819025
2243282,22777.48083905578
2243283,24023.11955845082
2243306,26788.25289137283
2243308,30748.60021186941
2243314,17414.20728622722
2243353,32900.846189908014
2243356,29751.84680572719
2243366,21023.83699269411
2243367,28987.603347500433
2243384,34787.20263468229
2243420,32124.53811006392
2243464,30078.871644149604
2243553,43658.36030160581
2243637,12472.035758039565
2243643,12442.077725543317
2243659,11997.14826103279
2243688,11637.99539114997
2243691,12886.701213271917
2243695,13436.97405715512
2243701,13990.955743286997
2244012,46453.71497791255
2244293,20678.579464787417
2244303,25803.06588582561
2244320,21903.27287450875
2244321,22343.16917358309
2244325,26258.217138159063
2244336,20641.28090114716
2244344,26549.945065997985
2244346,22963.84052680712
2244353,18919.417938504288
2244366,22597.299543865243
2244381,27410.7816483774
2244385,27402.54398862458
2244395,26531.522148163902
2244531,51686.85599553069
2244642,53311.6001696052
2244653,72985.91659715731
2244681,53132.90207115987
2244692,70950.29190164682
2244694,59705.20069154061
2244722,19150.765407877254
2244821,16233.197339607199
2244991,44851.90781399158
2245024,12935.129229495877
2245025,11720.607113677373
2245033,13752.841886674509
2245061,14327.602247352572
2245140,17714.994865691
2245142,19650.525332985933
2245156,20256.78676445451
2245191,21179.018326135814
2245232,39509.09953528447
2245267,31976.28540960431
2245281,49550.91450850294
2245286,47234.30274959346
2245379,50830.23246883111
2245383,64878.42840780767
2245389,62214.33652842404
2245402,69291.71540961009
2245429,50267.39341014487
2245450,69538.6901292018
2245478,70769.74587448324
2245486,53586.0966054647
2245836,17202.15290043538
2245841,21132.37144659777
2245842,21720.287105183164
2245847,16613.60129044052
2245853,20502.17392031337
2245854,16101.038888233823
2245860,20101.429811686405
2245867,17657.01672145952
2245932,44288.672266750924
2245950,78871.43314002219
2245951,85874.72426404932
2245952,84793.75458582613
2246516,66576.54320992365
2246518,60955.91674174464
2246521,61218.31618319348
2246580,81344.04619198466
2246594,86330.38248975796
2246610,62692.6202265399
2246634,84695.219427116
2246656,70224.48924421585
2246694,54413.73249553709
2246741,77703.98200547375
2246759,70953.57795919673
2246766,83984.10767087317
2246774,61807.77658357148
2246791,56363.3171878826
2246809,71629.33776990314
2246838,97210.14829126203
2246859,99042.09226245062
2246890,80263.14906415314
2246902,65659.32747224381
2246916,68746.91074493885
2246945,68804.25774224167
2247042,62195.62657102115
2247088,56908.907712950124
2247791,20922.66340276289
2247804,22557.31890445735
2247820,23388.34482958373
2247831,21629.689289726837
2247881,11067.633807907265
2247921,44612.44706759202
2247938,39498.019809793965
2247940,47973.3436671088
2247975,51819.19437046421
2247976,51824.56093288144
2247980,46575.02246027289
2247985,48807.979227163654
2247986,46257.506828347825
2247993,44918.99678334165
2248008,51680.54963192976
2248011,37521.66104337505
2248022,38573.09428047942
2248028,33336.34621499727
2248067,36201.842935484354
2248085,39720.04805912932
2248098,46681.67291100396
2248126,42777.2538352355
2248130,50890.83889627406
2248172,31441.08536332051
2248211,28843.425323607815
2249000,15455.547894679956
2249360,42729.02453011515
2249361,57661.856407650776
2249383,49303.5581617728
2249386,53289.873154328554
2249391,44922.213444389985
2249394,57145.31665947918
2249403,54781.07004973712
2249520,46036.59162691156
2249555,45113.65062539761
2249561,45427.66655500037
2249575,36504.182689278525
2249586,44508.47703752811
2249630,43571.009005272426
2249662,38871.024232217074
2249675,38691.69094726162
2249696,34906.38474190462
2250000,26046.229191642196
2250295,38864.17160817254
2250304,40308.04573665301
2250305,38719.82072842201
2250313,30433.169913422502
2250327,46104.99591156229
2250334,41368.79410177274
2250403,40800.272944439064
2250416,36349.73784583085
2250426,39580.142224661024
2250446,39396.76827270566
2250481,37139.67493589572
2250496,43623.97841367856
2250511,42569.799583612614
2250522,37425.17373708865
2250548,46608.68439570753
2250564,51599.15552800054
2250584,48972.68977370377
2250587,39578.788315285834
2250607,47331.211766626046
2250609,49578.85383182613
2250624,46325.14755218012
2250638,49997.514595395485
2250649,43251.20719062117
2250663,48654.54446629462
2250703,52752.30660557932
2250724,47043.29317015307
2250731,41149.157829727636
2250772,61909.764599006834
2250792,51005.20235047424
2250828,36279.70417731713
2250843,50358.0992119124
2250881,61653.406401101056
2250888,55689.7712262086
2250895,59856.86308602673
2250912,66762.25523773575
2250919,40265.78330700712
2250923,55172.62344928445
2250930,64182.56693281865
2250941,61581.76216108825
2250952,64314.88972134099
2250965,74043.94423568963
2250967,75855.13431297382
2250974,62500.612749154025
2250976,52397.491413295196
2250997,38200.96292901429
2250999,30433.732925444394
2251028,31930.408625323427
2251433,34550.879354388664
2251689,24697.285565232254
2251694,31679.763539004354
2251701,23036.64794380654
2251720,31500.471427104585
2251723,33704.682219484035
2251761,27575.843286072748
2251765,31669.90971769588
2251778,36100.29648911679
2251816,35904.09717874239
2251841,34772.38334188029
2251847,34915.13263430052
2251861,35070.94151164414
2251874,36735.81723303977
2251900,35571.88844704136
2251901,37435.54231667388
2251913,33328.60438970875
2251972,36971.11672420264
2251973,32571.39837446448
2251999,44077.79229068184
2252005,34700.03463250189
2252010,39064.41936457261
2252023,39449.2204845898
2252038,43012.76000431161
2252041,34162.94269083715
2252054,39972.22982646483
2252057,42114.53492287895
2252061,36238.79665756795
2252070,42114.53492287895
2252079,43757.79536098381
2252080,46238.218674453885
2252086,39375.62509600106
2252091,34736.2221498175
2252092,34435.461779169214
2252186,11804.713314885936
2252190,12432.738828416084
2252192,11796.480373576074
2252292,33180.63721042859
2252304,35346.06002221996
2252319,31308.307400345595
2253180,34205.78314435093
2253186,32769.02625673033
2253203,45004.47052288594
2253596,53930.71723219642
2253600,35188.82822422024
2253607,52114.00224408036
2253653,49998.60701278358
2253657,44572.98879992655
2253662,34798.08980953647
2253707,39888.63219559079
2253709,35911.85394746523
2253714,34561.15307209118
2253733,46987.83014346981
2253754,37262.54096969864
2253775,52874.11633983427
2253782,49258.69964582759
2253801,44099.48342408192
2253808,50100.765203286704
2253825,38707.31315442308
2253827,42711.89468607813
2253835,37706.983906122456
2253853,48634.78853074633
2253854,48642.295670320316
2253856,37364.45606235341
2253870,56534.54766369665
2253884,43146.00447928036
2253897,38390.67378120474
2253914,51060.33171948463
2253925,43763.86637300629
2254077,42024.475919337274
2254225,61955.811830153936
2254246,64012.86694285662
2254252,40680.61006592866
2254265,41922.667468256775
2254291,46733.67462438231
2254338,55152.47313567871
2254339,36439.25437046076
2254385,54442.553280510394
2254391,42499.70355602838
2254408,59806.54696438337
2254444,41866.8102470613
2254467,62931.952806355665
2254484,55451.78438386669
2254513,67375.30962894135
2254519,65558.99414934052
2254569,54171.30730555435
2254583,41850.2067105038
2254589,64323.1148176193
2254591,48008.80136437499
2254592,47940.325286298066
2254594,57701.862084979126
2254624,73017.61853198709
2254638,64730.42864637701
2254643,47177.72942546863
2254661,46392.79029947543
2254669,48983.38510185247
2254680,62410.908971437646
2254723,50635.796892213264
2254726,74896.93291230344
2254732,71198.02611595711
2254749,49885.887500432225
2255005,31138.4050909811
2255008,34512.48841941521
2255144,21715.620907218603
2255152,22787.496927481567
2255156,21924.41024376323
2255176,15643.162304423744
2255189,31410.782487687215
2255202,25618.231457463728
2255238,34835.98922911263
2255270,39234.45060637713
2255311,36995.04918399551
2255314,31565.928573578927
2255317,30678.929460140436
2255319,28247.919247654012
2255333,27974.501609635565
2255368,25740.66770497658
2255375,36374.811291721904
2255390,40154.31468644621
2255398,42159.33396163544
2255401,41501.836712090466
2255411,42822.37652465824
2255429,39525.444304371296
2255453,31396.420565450193
2255463,60093.21401748243
2255484,39530.2319419049
2255638,14311.996679903801
2256289,44070.16259639618
2256659,49851.19459945214
2256664,53080.012718252125
2256667,37846.09118787777
2256700,39596.868406178815
2256701,50877.90668088053
2256726,41029.059826438155
2256742,50431.10396027835
2256769,51985.517860651016
2256772,41247.44856941633
2256778,54734.35749809679
2256800,54585.265811885125
2256801,58883.08298801615
2256955,46792.76207262584
2257407,58223.89014355119
2257549,40722.58543174407
2257723,31469.540299960496
2257726,26242.9857541041
2257737,24105.344835926702
2257806,26763.330012897517
2257834,90882.2229850073
2257840,100568.91800961582
2257864,31531.04088156781
2257873,46470.28213607707
2257875,38945.28916622612
2258066,97912.34099882531
2258220,19479.29336313357
2258232,18769.2437968644
2258244,16215.909524703491
2258256,19271.84420847129
2258263,21317.314862665076
2258269,25985.967092266008
2258273,23968.847632692436
2258316,28429.366905151186
2258628,13545.003638733693
2258711,38805.85603237528
2258730,42449.13259243584
2258736,41837.73974537426
2258741,36042.403557722006
2258764,34483.01005421241
2258784,42489.29317236039
2258805,34742.46575125315
2258806,43684.658631891405
2258814,35623.917649116236
2258826,44985.315405068555
2258829,38271.48622237135
2258836,53407.94790833716
2258839,43175.12125438083
2258851,50453.96220357216
2258870,44654.65584198146
2258888,49053.28256266223
2258892,52354.1926987683
2258895,53734.16294715232
2258901,45498.866749185705
2258907,38766.971029291824
2258936,54431.915695266696
2258950,44657.311590398764
2258962,54811.81984582283
2258971,56237.594853845956
2258990,45732.73340881896
2258996,49288.54118389158
2259005,56317.596194517246
2259023,61910.86373622464
2259025,53314.391879072005
2259050,63357.76254158412
2259056,48578.49576087638
2259069,46470.048570419254
2259074,53797.55465577817
2259096,63411.76622389563
2259114,43311.223645771526
2259118,59299.73563223109
2259144,45407.94339223732
2259145,63295.97735638305
2259159,62132.61661306118
2259160,55101.50347233295
2259166,48487.094515675446
2259175,63676.60483373393
2259176,66007.9502369645
2259177,48837.84444132419
2259201,67346.43351113582
2259208,53473.382855556876
2259220,61243.85005448929
2259229,53107.11854004621
2259264,54187.68725732553
2259278,51941.3535571626
2259283,60536.49688902099
2259301,58807.71160218368
2259321,52450.464108612025
2259329,56368.30010713221
2259335,63587.12507258004
2259346,76001.26686237198
2259364,60868.01716023785
2259380,61306.8618867531
2259400,60120.17777669914
2259405,73228.01033481046
2259414,58609.131192028675
2259425,58679.061200898985
2259445,60831.54267326073
2259454,49289.26821157554
2259455,70798.6173773002
2259474,56558.480052296596
2259476,60712.021605938084
2259537,62629.180674154384
2259557,60997.872050797996
2259562,68584.06626728844
2259572,73345.33580342784
2259578,76621.4094762671
2259580,62939.881772587905
2259590,52228.308360281226
2259594,76737.88115215137
2259607,71915.6615693867
2259622,71832.12159452408
2259633,60176.9872281765
2259639,75729.1579508958
2259671,73996.77828973166
2259679,74878.87692245028
2259767,27371.462177861085
2259833,14848.121390557359
2259839,11892.054414105003
2259853,12990.801986658911
2259867,10342.17541859554
2259871,11956.965299397403
2259996,26258.167549241713
2260017,24806.360179309704
2260019,32026.43718916138
2260034,36456.61642444644
2260135,12170.66942190297
2260140,12555.879807042216
2260141,11368.972091283664
2260160,13662.681405522075
2260166,11913.408613457488
2260173,11761.206769999433
2260185,9409.148500813431
2260352,20577.764055584787
2260354,23605.154223747963
2260358,16089.961999601615
2260388,17318.949975986223
2260391,20699.057472526663
2260409,21433.316923681858
2260429,19050.800106484698
2260440,20749.77651721423
2260463,15503.88329026874
2260474,21090.09530778373
2260498,24119.206962806154
2260517,21005.88135818491
2260545,23775.687712523144
2260547,22653.5813750525
2260572,26018.471090106057
2260610,20725.131847234145
2260645,21837.579021561265
2262014,64258.14446612597
2262016,47886.9154053033
2262224,16145.893923060348
2262331,43495.08974990501
2262394,42455.005771874174
2262398,57786.48637515065
2262404,62248.03255651936
2262418,71048.11394895506
2262424,72908.98756623395
2262492,36797.764747244706
2262503,35896.38917038496
2262562,14836.407765187143
2262595,16815.43482537026
2262606,19728.886131788855
2262610,16391.308293874652
2262681,20574.43762818635
2262695,23879.078931020875
2262700,20179.314935996445
2262726,23951.711775393407
2262739,18750.95180296064
2262947,16809.424016133624
2263170,27134.334236571434
2263288,42129.72204681734
2263290,53919.55383152716
2263411,28570.607325420682
2263457,25538.731831156285
2263462,40079.7418434818
2263471,34174.33569504258
2263558,89490.65961973298
2263579,54557.31024592332
2263727,13842.961152905164
2263732,17645.361001668603
2263735,13435.586098134387
2263745,15742.10708441285
2263748,15063.80612514213
2263766,15576.831375862172
2263793,16572.250568680538
2263881,20411.104730603365
2263894,26461.982752182597
2263965,20412.25154919719
2263976,29339.798993885666
2264013,60529.462410049586
2264031,56983.325555020565
2264043,62874.85086169056
2264049,68649.73776428284
2264056,62814.66066493939
2264100,15612.375261404886
2264304,27287.609032664903
2264314,20237.186216027705
2264317,24298.87127751922
2264333,113662.70016369729
2264364,121088.67639878718
2264418,87637.3185033426
2264512,20357.623963608406
2264552,16427.44711736569
2264561,13564.6033406862
2264586,14310.550547171724
2264649,80262.02969012504
2264675,85643.65718042334
2264755,97412.73802682108
2264774,87512.68342837572
2264803,83821.14931192016
2264816,91758.611217869
2264886,83476.88270331583
2264928,97556.63804141158
2265139,11965.939636642364
2265241,21494.437356188497
2265280,37501.859757117374
2265291,34087.936506446735
2265307,34002.38959059437
2265319,45087.53176076118
2265527,39596.18455995177
2265979,20245.41298500766
2266100,41542.81835671919
2266107,51277.316154866385
2266108,39912.62609372463
2268150,26341.175497428518
2268151,24682.016258788615
2268170,27964.453929388397
2268183,32738.083702428277
2268212,30980.76939383492
2268219,28671.94446161358
2268226,27855.054406382642
2268251,29961.909622775886
2268259,25101.001036133202
2268269,35501.96113076988
2268296,32100.83794504792
2268304,31197.68207709544
2268344,34927.81274227985
2268373,30416.328780532513
2268383,36528.38259476181
2268394,33955.35095179345
2268440,45589.50915744524
2268666,8941.481592540444
2268728,9254.592205054894
2268744,9389.264536958046
2268796,13496.722910602108
2268814,11061.147144811199
2268816,14182.59561744
2268828,13699.725069569056
2268834,12016.09949587181
2268849,15311.946034269937
2268859,12767.968414992989
2268878,14411.301029521454
2268889,15605.338401680363
2268976,34912.36015626978
2268978,36006.13439457271
2268989,29472.737406784072
2269017,35651.20787931193
2269024,29861.7609624894
2269026,27201.053660882288
2269033,28140.830463949424
2269036,30195.217238519388
2269199,58860.870593072956
2269210,66051.04878295658
2269214,54757.141801759186
2269313,54311.78050507148
2269329,58882.4570252595
2269332,58203.059289939134
2269333,57722.91382378945
2269339,57146.79031555333
2269357,58479.92675608997
2269358,47906.06127691806
2269377,52269.35561625388
2269378,57757.05281118415
2269392,56786.902144347776
2269420,36808.67738533187
2269435,34737.6892777016
2269476,39490.8151847362
2269487,36382.648594756974
2269520,39187.22290621834
2269559,31875.424362133686
2269595,45925.10701369794
2269631,37826.690549454404
2269643,31819.52092146608
2269657,38333.06033836393
2269672,42876.121968564745
2269682,40969.45848109606
2269688,39872.60706886377
2269690,36800.248999781616
2269697,42920.77568180723
2269706,50016.8687917628
2269717,31880.81991708492
2269768,43473.96178679912
2269781,19291.085718588765
2269789,24348.459583713822
2269798,17960.19674914314
2269841,30770.416413064446
2269972,35032.19799790849
2269976,41194.189964609184
2269985,41463.11180075771
2270066,23152.775755416227
2270082,24503.04562027806
2270091,30979.56484483402
2270130,26909.758113869437
2270149,28986.26279660669
2270156,25129.29638480736
2270178,66508.92399203956
2270193,74747.06297973102
2270198,74747.06297973102
2270200,63425.32843091922
2270230,27031.921535945155
2270240,27876.937576936805
2270254,22079.138564016273
2270283,25967.09819279853
2270338,23278.78970981569
2270342,36977.97687079319
2270347,33419.8018991032
2270826,85499.1725988933
2270839,12203.846229356806
2270883,38751.11404025837
2270887,29107.706116535555
2270889,29709.022534046926
2270902,27242.51932091214
2270905,27432.36234224034
2270911,33361.642342055115
2270941,36242.445454067216
2270943,31071.21491760501
2271324,18987.15776697024
2271387,23277.167902980833
2271658,26420.765396296843
2271660,24040.038571073314
2271667,26889.41489066509
2271678,28445.991560779414
2271688,28339.080446372776
2271696,24856.471446686657
2271698,22951.150924854166
2271699,27506.518932421393
2271703,21671.62557951042
2271704,27335.81916855571
2271707,27845.029926193296
2271724,26088.014735160727
2271727,28500.479921458053
2271730,20777.335778911376
2271797,30828.379950314993
2271895,48386.838211090384
2271899,38997.70607177807
2271906,41804.42154701488
2272303,13947.347651628843
2272315,12729.75295804286
2272380,13599.610959919097
2272452,39989.50441447716
2272628,45637.80965796477
2272634,41694.83128928188
2272678,49937.76124801036
2272699,38209.98829686662
2272746,50138.68809604169
2272770,38465.52414642849
2272793,37163.66810482118
2272803,49190.99254392614
2272876,80008.50510931056
2272952,44458.48676852713
2273123,27953.60368241344
2273198,73520.01086355104
2273210,48746.42691883934
2273491,16993.43463388231
2273565,18417.65460508674
2274844,44912.67658420406
2274847,47556.37273114553
2274883,34103.34775045814
2274926,50497.726427888934
2274935,75063.30306793054
2274952,43926.38843762487
2275012,76892.65748633808
2275014,47417.55354136177
2275078,11016.24447150559
2275294,47609.452257949975
2275552,20974.622685150927
2275553,14067.364063796333
2275554,20974.622685150927
2275557,19851.59986073278
2275563,16827.110840926787
2275575,16880.862809063197
2275578,14022.376725859793
2275735,9309.775569876003
2275787,47752.69047588367
2275830,70087.3986954424
2275865,41678.73195338197
2275866,54596.01462712006
2275886,61828.954615205315
2275890,74447.33760580419
2275907,68298.62407835483
2275916,81037.26474876473
2275918,87025.14590147886
2275924,55774.87340002801
2275940,51431.78411141411
2275942,87338.7939562005
2275953,83470.00405443081
2275956,72007.62886887831
2275962,96307.64192044974
2275980,78537.0324655534
2276138,8472.391607274716
2276145,9128.151026570098
2276174,7714.760981143108
2276184,10785.623399525452
2276197,9389.937305889058
2276226,10297.897994288249
2276228,10597.146858347218
2276230,10585.98599425349
2276259,9271.424226343399
2276422,47069.66574466189
2276444,45311.26846637475
2276447,37871.991849030295
2276452,43965.2867315231
2276471,48079.60481763957
2276475,52273.39491361924
2276483,45706.89561972923
2276489,49038.84029756505
2276517,47097.21110363456
2276518,46355.56889802983
2276519,50621.60734070035
2276571,44462.5830943783
2276582,51258.84911457546
2276603,51568.79434618853
2276647,66177.6248542137
2276660,59962.11198332255
2276662,68546.00209345942
2277275,61903.51262897721
2277487,42275.55359597423
2277490,46995.90784971909
2277493,36389.8302048003
2277500,68053.27083654651
2277639,16215.390838696014
2277692,104934.67679056874
2277726,102013.79959793223
2277801,90979.98987331113
2277903,49220.88964962203
2277909,35920.434919483196
2277970,22688.264146542966
2277982,20674.336799496326
2278011,23533.592745662663
2278027,24922.59596532412
2278037,22128.70382860781
2278052,27533.47225607075
2278054,20974.25299382061
2278056,26591.708205142815
2278134,43616.45937032234
2278144,46725.529183592655
2278145,74326.48439660884
2278157,15319.966616216676
2278164,13373.702841595274
2278206,45583.47321655737
2278209,40667.322870759155
2278229,28291.118767754564
2278258,29324.387638915763
2278274,36366.718580008746
2278278,23993.270228773214
2278279,36312.08683871052
2278284,38039.03756455431
2278285,38836.32437171727
2278288,37051.07823711416
2278315,60313.671883999115
2278359,41100.42727805624
2278366,57636.62390890106
2278369,60814.70238328472
2278371,56413.275214506524
2278454,63247.084717777965
2278457,43179.29688839364
2278458,58591.75970676811
2278496,27579.71490930444
2278500,27448.578346280265
2278510,30270.74701790952
2278584,36979.784890904746
2278596,31479.450916434165
2278602,34699.91367247239
2278644,36429.6407365722
2278667,33260.62844143369
2278673,33387.71773851806
2278680,41289.5956430536
2278681,38379.58417238341
2278688,30636.667031876004
2278707,30299.28868773374
2278718,30745.83979809502
2278729,28617.515746277288
2278780,41021.004616028644
2279157,57593.91440061066
2279200,68465.18826874121
2279203,44545.484126365205
2279205,64680.443258636515
2279217,72759.36559709602
2279248,63922.206137797286
2279267,69217.30343119627
2279308,53571.73752867249
2279327,48088.07874073899
2279346,67066.69637682712
2279385,59927.132543743835
2279407,57758.00199760659
2279433,74471.20773795011
2279436,51224.88153538101
2279437,58333.45009472703
2279522,34844.190804475795
2279523,31616.8047536154
2279529,23099.070238860902
2279555,34411.31741204476
2279686,30587.94983582208
2279692,26788.198364400167
2279698,31775.055376986475
2279746,34212.63453255147
2279783,86145.81481652065
2279800,89749.92333268729
2279836,53298.920544577006
2280359,18112.691585254004
2280361,16321.15972299831
2280370,16107.34642191681
2280371,20606.01526668184
2280405,108898.27355904375
2280423,121210.9266114299
2280430,97016.27524240053
2280435,111309.13451467201
2280451,122741.35355339503
2281203,73759.19597138168
2281307,16654.344469882464
2281308,12770.294650121426
2281322,13033.17516912212
2281324,17679.0356725905
2281337,12291.066450214235
2281344,15396.485227792016
2281357,46895.81605966509
2281511,98406.82542551652
2281824,68802.9688077687
2281854,85226.06018137568
2281894,90167.6321719088
2281934,82520.30738317539
2282010,103873.4618280066
2282068,91775.80775189643
2282243,88536.04970579463
2282300,72351.63754022405
2282356,84399.93713717126
2282557,86500.40498475934
2282608,94703.12608966521
2282666,28992.357560957447
2282676,25552.287507161625
2282684,36966.37210798846
2282693,25014.25259134102
2282717,17433.06841968421
2282769,80467.52498625604
2282833,10579.466590916854
2282834,12728.182442286288
2283439,47424.387432825104
2283464,63731.79365017658
2283465,63399.3586673706
2283467,63882.24562302068
2283471,65723.60792303123
2283486,89993.55425366719
2283511,51112.67180733747
2283512,46259.02695379691
2283527,44105.56403257533
2283535,48043.901048828404
2283541,61950.775896851104
2283554,56801.36260376981
2283563,82281.07358898185
2283566,57750.174672926405
2283569,51493.645046001264
2283579,68080.19077912757
2283583,58946.64468727099
2283594,80170.78997295779
2283600,44146.77358205073
2283618,68867.44549571036
2283625,56775.6109317049
2283636,82076.67574847925
2283651,86653.06047284373
2283701,86958.3018003044
2283801,70826.47145840777
2283833,76724.57169307531
2283858,81540.22793812182
2283895,58384.38516088721
2283901,67421.56310735148
2283907,61334.35740151685
2283914,64641.826665357556
2283943,77329.82483105767
2283961,58538.12028703862
2283967,79281.88522226893
2283981,83120.8014751609
2283990,66376.22353589868
2284039,90742.35267514105
2284042,70900.1649467872
2284052,74282.62570805945
2284062,79802.34637790504
2284077,75476.019898848
2284102,75051.12594414952
2284126,73931.37346973702
2284255,85894.49599446793
2284261,68355.49231162741
2284300,70983.78778565241
2284308,71877.50451694381
2284313,71413.19353384704
2284333,65176.64089899518
2284349,74817.3663195289
2284370,70283.84572405352
2284371,81547.34679783815
2284385,56818.33515767366
2284411,51722.82819457543
2284458,82353.72063279018
2284519,89178.62832325693
2284564,49972.77765013711
2284578,63636.11864223825
2284627,83323.26258656742
2284634,76724.55866941389
2284650,81625.89934857243
2284668,67753.88584188926
2284755,74492.20585129652
2284778,75590.55138009366
2284850,89736.23790591545
2284982,54949.11716485551
2284986,47531.19049114854
2284998,95080.40847492186
2285023,71585.50162523896
2285079,98167.4997119835
2285107,72122.79046555008
2285122,83926.83260288317
2285220,88476.17153520105
2285231,90942.47647838149
2285287,80128.63865470506
2285342,73911.01806938904
2285350,85091.45305977359
2285410,85297.84084590265
2285420,75139.24062834965
2285427,89104.92622751242
2285455,70465.85349396055
2285481,96994.68349083274
2285485,93572.28862065225
2285490,73709.10139743071
2285493,85433.87303902864
2285507,96988.4816967815
2285544,92430.70312198509
2285591,114163.77000265234
2285659,68029.4428748954
2285722,99263.17305394256
2285726,105271.52273318227
2285908,61384.90536044809
2285918,50390.599647993404
2285921,70426.3208620689
2285938,65890.25767095246
2285961,63282.90587478064
2285979,53972.10369206273
2285994,67171.63252970786
2286001,56626.318560949636
2286003,67377.58225793958
2286025,65572.49845301073
2286034,63336.76613151186
2286040,68914.16366664934
2286053,62634.12014058431
2286054,51565.055390587004
2286062,64693.34657483682
2286066,49819.4419078076
2286089,67410.51782383105
2286102,77376.20191535744
2286138,62434.272086546946
2286171,71527.36994569741
2286198,70804.91293415254
2286202,70485.65943415144
2286204,69757.8979117604
2286258,17563.79242176177
2286283,16631.153494288897
2286393,87329.49252396033
2286449,65662.9514064667
2286454,64065.2002499593
2286458,45882.04729964606
2286650,96536.75740153501
2286706,115656.36554246406
2286908,137916.36267555927
2286985,99142.41395660407
2287799,33169.443899399914
2287849,99402.30326844931
2287877,93865.71207742488
2287884,79769.5673459613
2288046,89755.13415543102
2288243,92609.93209152571
2288412,86137.29219954545
2288992,82352.83293703228
2289017,96516.06830647268
2289046,87782.18254576219
2289101,84971.41719082161
2289112,82560.89542260057
2289122,91918.35055081916
2289161,77494.49314217542
2289234,84206.96409373781
2289378,66004.00527417898
2289419,60524.49558907006
2289469,94941.92305857236
2289488,104324.02312063234
2290486,28613.300238054486
2290509,33869.61335053172
2290510,34599.13571290218
2290580,19541.143558296968
2290587,23745.547766643624
2290588,20591.21723382117
2290606,23439.650363064433
2290622,19525.226361667595
2290760,95816.45900119837
2290871,62489.66882750565
2290878,80592.77351673979
2290883,94733.78807388528
2290884,65583.1976252102
2290895,78079.77181281669
2290939,82410.22656797837
2290998,21168.527302930153
2291024,33769.46214111387
2291025,31598.048402542056
2291026,31535.30244884008
2291027,28208.70923273378
2291031,34025.44450836931
2291716,21916.202423375547
2291718,29738.46003604668
2291732,27248.30632598023
2291735,24332.02992428254
2291745,27783.004267410197
2291751,26762.689426876383
2291764,29460.607582548128
2291800,33572.84995366503
2292089,11062.12129369203
2292110,10631.417426521713
2292134,8921.901344289865
2292140,10437.994330026164
2292168,11038.004571537209
2292176,11872.267321920372
2292213,54588.70457090969
2292218,83606.19756610485
2292238,57450.13253622122
2292256,58242.84424456408
2292264,78551.91727751933
2292273,63809.51298606365
2292287,71473.40395287958
2292296,83764.94148046948
2292300,72217.80728212236
2292303,60922.308441423986
2292311,67374.70110569827
2292312,68664.9056594702
2292316,60000.57939172085
2292340,96995.08458991622
2292363,94993.78903545439
2292371,79671.32338430986
2292383,87750.29912152763
2292490,32966.321186109744
2292604,26062.894068523965
2292666,34560.817879110924
2292688,28726.407153827335
2292753,31502.72586112344
2292764,35080.71386731903
2292787,23763.46121031298
2292820,32264.99655317006
2292879,35642.041799088336
2292971,29074.07525986388
2293021,29239.335853449462
2293064,31631.462876093236
2293143,25207.20630125742
2293287,28706.238432166705
2293307,32905.1598717862
2293416,67441.48253319225
2293429,62920.952058596406
2293441,51325.95085309623
2293443,52091.03769794773
2293450,79239.91091319184
2293807,30477.885921864523
2293831,29344.479397896044
2293901,32815.68628873626
2293938,31655.1502602088
2294011,31260.2126228142
2294193,28672.588178967784
2294301,32300.65498890147
2294368,38980.813705000706
2294417,71521.14629777349
2294435,89234.85754787669
2294445,83913.62500426348
2294450,85159.91006239392
2294456,87308.88700526499
2294483,20248.91994638627
2294492,24012.324253584477
2294517,110150.83204214042
2294575,43235.17252161408
2294580,30607.977640097954
2294735,34263.82617227152
2294897,35588.98829668942
2294971,32143.601156325134
2294988,29932.061328728407
2295028,35271.542208198436
2295193,54799.58643630216
2295195,82888.102163413
2295333,101718.44908385703
2295358,100277.1494332579
2295360,103674.09777722576
2295382,95695.49510157024
2295697,19638.725422542477
2295698,19895.771324666086
2295712,17227.087162091815
2295720,22635.83136216879
2295977,39070.639594907494
2296051,30262.8875463323
2296131,38079.73972076128
2296152,33325.3728592527
2296423,40269.9812841108
2296431,25423.3612255746
2296432,29473.330657951068
2296452,44346.20471868741
2296457,36590.17372767306
2296460,36619.04486857191
2296480,48759.25057218295
2296504,45356.41922613575
2296519,45454.46436062173
2296521,44699.319207680004
2296530,43524.07985158093
2296613,76012.80658448396
2296634,64484.68952669618
2296671,71975.05930266112
2296689,71627.16415120172
2296703,90256.54916179774
2296707,68821.60610476161
2296718,69261.70044065619
2296719,70379.01526985808
2296824,45398.77786745295
2296828,46076.80785118132
2296830,33575.969462729016
2296852,34885.29339063953
2296859,43106.727590889204
2296871,42394.51306929234
2296918,44501.77749865173
2296926,45428.15531872152
2296933,38554.60839371731
2296934,43154.21775356151
2296943,55928.95434831955
2296949,46159.91130098523
2296979,50950.92674785104
2297041,52089.19172953145
2297064,50348.037771810166
2297078,44562.9416377484
2297079,35672.786251761136
2297175,98927.50965411557
2297211,130026.88304935979
2297314,115979.65666774573
2297322,118679.803168737
2297325,111403.82424021307
2297330,127694.39288382702
2297511,127346.11628232355
2297679,66758.27772356138
2297970,38520.628428264536
2298256,22962.399727816755
2298270,66950.79810624481
2298273,51602.565699720224
2298274,64051.18718774557
2298277,67911.04973687243
2298278,74957.2275309358
2298489,54888.52915892975
2298555,40944.042181059725
2298602,57962.33911764357
2298631,54397.317548300525
2298651,63399.10359212718
2298657,42544.82708436589
2298672,44548.94295262222
2298701,61070.39372209642
2298705,45066.829178138476
2298723,58880.815307688616
2298745,52766.65386862226
2298760,54410.08896515256
2298770,51425.20324046716
2298781,50293.09588566399
2298805,56280.6837604269
2298820,81321.58846548876
2298834,55185.93337483897
2298856,53093.832472806585
2298872,56826.07361582124
2298887,63364.56036786963
2298898,75009.22530179673
2298913,54170.122792629976
2298916,53143.81743543621
2299021,36186.29504165931
2299026,39289.315594436855
2299091,55061.62817638635
2299119,42600.62419826535
2299121,38891.46199759461
2299134,39955.327682854535
2299167,34893.45298533591
2299175,34606.734870489716
2299183,32555.863839852016
2299186,32885.32467816927
2299192,41952.119732066065
2300773,39692.93325840619
2300795,83505.40626990855
2300803,62540.98288803266
2300834,66377.85199280808
2300852,95346.45930530083
2300856,61846.9257501723
2300878,77068.45481836954
2300881,103536.15980849085
2300889,90394.5908409575
2300894,71382.40022589735
2300922,60135.56759096195
2300934,49396.55560933778
2300944,55962.59211901579
2300953,58556.01701855653
2300965,71861.32690394815
2300968,74221.50396904051
2300970,59979.597620238936
2300989,74320.43170335158
2301014,74142.62389257408
2301016,75917.41679212294
2301042,54593.707181015816
2301079,70089.0318201944
2301268,64868.16524971023
2301289,76472.80649607506
2301297,80643.53745284915
2301299,61480.699228496116
2301354,93922.1629510905
2301372,65513.92587904245
2301413,78136.00582613089
2301438,68779.51615710475
2301780,15112.222118592274
2301781,59978.384202507215
2302052,32171.89999661972
2302094,36704.02515604861
2302109,31041.512188697066
2302183,45369.78298961844
2302184,55271.89848381101
2302218,43148.034395418545
2302256,46891.80338785943
2302263,50683.3580047068
2302706,19790.395147471274
2302712,26038.145632563886
2302739,19322.384248960756
2302777,28651.309012730708
2302785,17660.090847194453
2302796,26271.733456248337
2302810,24619.242610311147
2302831,28807.864132485443
2302843,21047.36176928223
2302860,25343.71489727521
2303069,83649.34774321437
2303077,64712.452758070634
2303082,64870.69410312322
2303092,63445.80655590435
2303128,54389.89979162169
2303129,58872.29133610414
2303148,56924.55900312243
2303155,60360.67191850473
2303158,68677.4214757838
2303161,58459.05134589485
2303180,65299.02576990668
2303226,67554.43217097556
2303240,67488.83736381505
2303253,51670.13728930942
2303259,47802.33985062153
2303270,60695.178960780606
2303280,56376.80368782553
2303300,59536.85313711547
2303330,55302.99862969083
2303358,85605.38882659422
2303408,68855.4001021509
2303414,66399.63352155579
2303575,94682.57048081495
2303581,67391.39466381476
2303583,77725.45166215795
2303604,78446.57424228998
2303613,65516.6351106298
2303624,69705.3372654803
2303634,87576.82024236246
2303679,79520.06182327868
2303686,89253.39251507772
2303715,68363.02135736286
2303716,69371.5952451259
2303730,101926.86529299122
2303770,72383.84716494543
2303780,79714.31626559964
2303803,88965.0052099677
2303816,93009.68022755146
2303875,69098.07246887565
2303895,82078.07488019546
2303898,85554.40454211239
2303932,82042.2585861557
2303943,79179.22915230949
2303981,93362.72049320933
2304012,84900.14435817835
2304022,76733.92594865397
2304049,88360.12607457736
2304068,85130.52528856261
2304075,81111.57984957026
2304101,93925.90919487398
2304163,15591.317523704762
2304235,16860.684845610736
2304250,18241.128976289336
2304266,17384.00606378554
2304283,12768.221639215526
2304332,20676.993626743726
2304372,17970.047407730242
2304382,16291.249375205822
2304400,13829.068992564042
2304403,15621.16102277104
2304409,19353.120285104513
2304421,15020.047697332553
2304438,16217.508569381955
2304450,15020.047697332553
2304451,15020.047697332553
2304461,14958.991275934928
2304500,15569.95027439949
2304502,15296.514581653808
2304525,18010.83204878225
2304527,19036.427609617636
2304529,18746.748301676253
2304537,20527.06783660315
2304597,18418.530295733486
2304636,76432.93462764514
2304639,79364.22305792895
2304650,86038.13329040445
2304916,91115.77980922196
2304932,13229.04453484431
2304939,15318.950961105977
2304948,13501.254599578057
2304958,11799.784268752343
2305042,89778.55219004255
2305052,74524.4212383258
2305268,81589.94482496672
2305661,14954.223494837832
2305787,77290.40193295534
2305788,78046.54721092101
2305795,79536.92414211963
2305816,68970.61155713296
2305858,100588.1969499434
2306153,28564.25493581105
2306211,27811.83967375049
2306229,29354.19650624266
2306293,32770.8491957177
2306525,35758.63196014066
2306548,30083.53402759714
2306573,25970.094234486252
2306700,30848.39210487238
2306909,32446.157084777715
2306919,33653.625830195895
2307022,33419.00682241073
2307124,27130.708545585094
2307221,28844.809391998042
2307233,34960.371699727366
2307305,28377.4323695556
2307365,28945.649475204675
2307419,35189.049808283955
2307538,34075.2624929591
2307641,31647.246876885136
2307705,35546.423542201665
2307732,33946.53541227048
2307774,31302.731744228273
2307805,27219.497765009964
2307852,27180.38185542124
2307855,32484.133697746558
2307882,32696.28539796017
2308066,39833.95374004828
2308262,23168.15767144567
2308432,78120.41122001168
2308476,19106.412023893292
2308492,19276.765859307394
2308532,15399.622234051161
2308534,15808.882124231097
2308903,39009.71863575427
2309000,85123.97452298907
2309004,94173.15278170341
2309022,85449.67228640163
2309148,68514.04845991111
2309177,67713.76969340658
2309192,66697.86212257632
2309540,34976.72205897376
2309543,28627.46005814067
2309545,32238.31961089296
2309559,34710.077128694575
2310115,27619.415195800448
2310117,26125.068643587347
2310185,30490.092378309546
2310238,50391.48753169898
2310649,57616.50350992104
2310666,72325.33661833656
2310698,80448.38916573083
2310740,10958.414537744813
2310851,98707.07185189791
2311033,30508.420292190644
2311141,31532.26973234174
2311195,29365.456147591445
2311199,40462.79798046044
2311225,30578.77641118474
2311281,43804.07672262779
2311477,11675.744304234073
2311482,11574.45589045006
2311501,10963.080320838088
2311522,13132.865430620115
2311792,26586.584398254345
2311852,33381.5222990022
2311886,44836.75709391898
2311904,88792.75049734228
2311905,83466.98710796387
2312007,49338.78844906282
2312571,41154.56951396101
2312888,60228.595573144885
2312889,59758.794553014
2312980,13511.005605203727
2313037,59750.76175004093
2313055,61774.78131840438
2313085,89263.48171526032
2313088,75817.66854262739
2313799,37240.743600983165
2313817,51393.799483547285
2313833,69847.203985364
2313840,59067.521457795585
2313892,79840.52305502848
2313942,35575.05614964695
2314598,15322.696476137111
2314609,16191.280173745039
2315318,89486.976767809
2315567,16574.215814089443
2315570,16584.90072017093
2315626,22835.450887117015
2315635,20019.95985431846
2315661,21608.47824018094
2315679,29595.554748771014
2315691,16101.250420325336
2315711,25894.076588629367
2315723,24811.14198354358
2315749,49278.009388272425
2315752,96362.4327239526
2315830,55353.990146307355
2315833,52735.99816120614
2315844,74992.60654546965
2315849,76935.05512888423
2315855,55131.19442549591
2315886,62254.35036428453
2315896,51881.24915684433
2315898,69103.74372140644
2315905,53249.805717607574
2315923,55874.148665634304
2315940,56219.3639154815
2315941,55941.02072074807
2315967,58344.152458051045
2316012,77892.64782953067
2316013,58104.4557784484
2316018,71736.19817836295
2316031,65723.68416508913
2316041,56997.674645763815
2316049,66486.44414642065
2316054,76732.18061895586
2316061,80883.62382354411
2316088,71498.02695592183
2316110,67785.35921494427
2316123,89044.7203575206
2316124,76654.3979066079
2316164,65218.85882741203
2316180,64011.94444863305
2316194,73219.15453704564
2316207,90067.95561542985
2316220,63571.69398509301
2316223,66194.29856282742
2316230,66194.29856282742
2316240,85483.28696718662
2316249,84836.12213562023
2316265,63094.28984427064
2316266,69733.28192043015
2316288,61256.20604260304
2316302,73221.12750069119
2316319,64317.69815308987
2316335,65108.07685388273
2316350,67337.04665975623
2316369,65538.20361055873
2316414,79007.12556601597
2316418,74071.55731433311
2316423,89642.3573816834
2316445,76341.8878055256
2316516,75299.47758532134
2316582,85088.01814266348
2316612,78637.59037629723
2316661,54559.09340329987
2316669,56138.91792892994
2316671,58437.94974804839
2316678,82002.02004686088
2316679,75961.89418667048
2316721,78414.96760569402
2317148,42726.798292632964
2317159,44841.17551581752
2317170,44098.63635460429
2317225,47713.937441872695
2317236,63495.36728628493
2317237,51459.59838675227
2317271,64256.54350638353
2317287,27046.7274546028
2317307,31692.69402305017
2317311,32860.08906904456
2317666,80379.93866805916
2317692,82934.55199848601
2318000,35446.79032220029
2318013,89022.26302265174
2318071,67923.0684589464
2318400,41725.36059658025
2318467,60260.70657308814
2318481,61094.544040300076
2318507,41221.65436961231
2318575,69809.04261448361
2318599,51337.951504339544
2318605,47487.04854881541
2318844,45209.84695698389
2318847,44781.47410622624
2318865,36336.082760188765
2318904,70592.83362227365
2318909,78044.70279288138
2318913,59075.959790581815
2318917,61275.249104898365
2318955,67307.22654335175
2318976,62040.33461451011
2318994,78725.79725572703
2319008,71734.05317141973
2319043,81691.05267566767
2319066,74974.5094037524
2319090,77551.65146207582
2319802,35591.440983787805
2319868,38469.97900717495
2323321,49002.838748193295
2323451,85102.17020202607
2323483,72221.8040197418
2323546,61141.11001939663
2323559,62767.16677452556
2323608,83569.63973392679
2323615,61790.53108100264
2323627,66206.0665766894
2323629,65656.4932893366
2323640,78837.8445042357
2323703,58025.09391094369
2323717,91413.68337336602
2323876,22129.987205204663
2323888,13461.947466920476
2324158,57603.82707860359
2324233,54951.92261232949
2324236,46323.480322009236
2324250,53136.183696809436
2324579,19874.880943964756
2324627,48881.84841323424
2324680,14837.947814866231
2325320,34138.527077633225
2325337,29317.399612687
2325361,21519.591048435388
2325403,20533.710819836353
2325444,36104.649734914565
2325447,41935.360547083794
2325468,12643.006035982582
2325469,11892.043171798228
2325539,22388.65968774285
2325547,15571.622008458671
2325577,19711.6030274638
2325617,29634.38586123431
2325631,20138.56942274828
2325641,21204.637481996524
2325645,20236.693419009775
2325677,19019.88336741047
2325679,24226.01978824436
2325707,30183.064798612268
2325714,19139.799901840142
2325716,31005.386360764638
2325741,35469.91814590316
2325744,34567.01384243582
2325805,50572.40804965153
2325935,16559.041043298763
2325982,15034.859316264166
2325993,30792.244172234066
2326018,12809.908397745783
2326078,30569.76495288937
2326083,25132.658632894752
2326092,24379.976985974365
2326102,23032.72703935116
2326112,14871.09032297938
2326114,24577.037596449172
2326142,24885.107375507112
2326430,65890.31019004363
2326558,13844.053232520426
2326897,16982.192326055814
2326958,25722.238024480594
2327018,27094.520193032815
2327025,25036.56762871831
2327030,36116.294576719614
2327073,42795.52551993732
2327187,28911.93134951113
2327596,44522.460608987225
2327903,14952.484731975492
2327942,13274.848202724805
2327962,71083.16367097555
2328018,9845.598833279486
2328021,12044.449790821034
2328030,19319.92062840058
2328049,16697.07465315531
2328055,12861.198815087355
2328115,8932.895336058506
2328124,15857.111564800643
2328133,11376.114906574106
2328156,10010.946003030012
2328168,9824.708447298279
2328219,9781.221977300998
2328233,12116.054614900411
2328352,22328.610115189873
2328370,19289.53036941973
2328384,21737.8413066328
2328396,17549.346859305915
2328400,31878.507688951548
2328408,39014.67376847422
2328409,31035.49868498096
2328419,37528.046458026016
2328439,29505.9881662303
2328455,38469.164071334424
2328457,33358.90840775136
2328470,40406.71940609607
2328483,59050.38972138908
2328498,31979.668212558034
2328524,10984.742728466304
2328586,10724.325152179255
2328588,12893.209103388146
2328595,39664.63289382344
2328596,27717.649854553387
2328610,46899.388467784
2328653,29621.09112025086
2328684,68375.91388533244
2328692,15717.76739648255
2328709,14070.77505527809
2328720,14708.209931065223
2328730,51888.40405869057
2328738,11995.110413384382
2328756,14160.74381089503
2328821,52915.27419666598
2328840,39023.69127547392
2329011,12065.65019562871
2329049,32187.756260302704
2329066,96183.41884918662
2329115,41813.347600138586
2329127,56662.87148605723
2329349,59866.84990146217
2329375,83193.02969720263
2329697,25130.871582143645
2329956,13822.849911351434
2330071,47968.90530351825
2330100,32268.184077507187
2330101,10206.94595383264
2330119,10997.987293797783
2330181,11371.885596928538
2330776,44139.53970068229
2330933,51933.103314864755
2331185,11277.5746373817
2331195,16294.798823190773
2331258,21400.647913607445
2331280,33037.446268136606
2331285,40385.44400326088
2331439,27156.763419501873
2331496,40284.63723650285
2331502,40285.94732070744
2331560,56046.920726770026
2331565,48295.98663747571
2331605,13005.529986367275
2331643,13719.375773984826
2331666,27966.685486514183
2331695,13674.559703531482
2331732,23466.27720213298
2331739,29450.44304373624
2331744,28322.826115129134
2331775,19118.928546654926
2331875,21367.70621681999
2331932,38494.71236713661
2332014,29465.483849008164
2332178,21859.178342149327
2332216,40878.772299544085
2332235,25445.459077607902
2332446,12131.193600761753
2332497,51311.89586806309
2332515,34191.951635401805
2332541,64705.36243290902
2332544,43721.89102139574
2332561,40392.679701273606
2332673,80458.88118052832
2332684,36467.8196413765
2332716,82124.28164875219
2332863,88278.96722001897
2332949,59670.73773380142
2333085,88552.4418159555
2333115,49695.78880440772
2333117,60053.69917438859
2333279,10115.447257854381
2333304,10027.683019988788
2333333,17285.93780571177
2333380,67397.90255714384
2333381,46843.91843044575
2333396,54102.037640968774
2333400,38568.84656729098
2333434,31396.76959833099
2333441,9246.017449667715
2333875,12228.992558725053
2333938,13592.69855231226
2334254,31287.009580407117
2334321,12525.446756703226
2334348,23072.00391360347
2334410,46059.85351366814
2334846,12582.411748520917
2335395,18050.093200510695
2335523,11488.7473052346
2335558,43362.32730677204
2335617,41600.006362616754
2335667,28000.25373851012
2335699,50215.99154960803
2335700,44580.04794834166
2335705,31715.436858941717
2335746,34521.39581827042
2335750,41701.05923077741
2335820,55878.79890543923
2335878,48980.12491716516
2335886,40061.447995781935
2336001,23628.219806437482
2336014,61800.97332129961
2336062,52242.62929392284
2336118,41938.9797124173
2336124,43048.79608690515
2336291,27557.319185425702
2336526,41036.43828242405
2336611,31678.11646914777
2336671,29928.774699499456
2336872,13285.821104132936
2337497,17425.727464915144
2337498,12328.738718046183
2337507,14695.471683707136
2337523,12053.164521507695
2337568,25771.71941405927
2337576,14331.446569766622
2337577,12347.314246244878
2338423,27975.54953824756
2338583,78370.02948904505
2338680,59224.76014817818
2338682,54515.4961802982
2338683,60663.18980966631
2338724,53729.23914822166
2338747,70318.33958927706
2338769,48578.56241937494
2338844,73805.9733729939
2338890,81148.81241355413
2338900,80126.79864634555
2338903,85822.1684380828
2339009,32164.37499491269
2339027,32409.166640640622
2339042,22044.08751772311
2339069,17892.580116780977
2339071,17032.171567555426
2339093,21380.14821011659
2339128,21735.31816461821
2339179,31697.01434901742
2339185,25808.695085345058
2339202,43165.26257047714
2339251,36238.21363917425
2339278,39056.25190362464
2339292,37046.45003237078
2339319,44687.184853661405
2339376,71633.13803909834
2339398,61765.536066968925
2339420,58141.133613696504
2339422,82130.39935019349
2339430,63332.80465878916
2339445,79637.42390125543
2339466,61733.21187712638
2339507,30457.29102907486
2339551,11599.073197994725
2339557,13231.739132075036
2339561,13233.625566861583
2339579,24999.05147372396
2339585,24145.739195384456
2339588,21065.162734569854
2339611,24224.157269796455
2339612,21788.44130625703
2339616,20035.298471358063
2339630,21355.864768720872
2339631,21673.20995306919
2339643,26230.8175268607
2339644,30269.01656988833
2339811,43295.674150748055
2339846,45578.48361896515
2339852,43638.60223562669
2339853,55332.06483343291
2339863,56507.34787393479
2339873,61931.97237291624
2339877,57497.59837325737
2339890,55604.033031679566
2339906,89908.51494451541
2339927,88979.120957513
2339973,79581.02533517695
2339980,89173.09309368039
2340200,14125.270276991334
2340215,27211.576046763148
2340237,27016.651017371518
2340240,26146.262314369138
2340260,24488.496784019688
2340265,31400.244169144848
2340269,32720.02942826373
2340270,29312.17101317825
2340272,37799.48860804166
2340274,35811.721673064065
2340291,48737.706888723784
2340377,27280.979944647253
2340384,20455.314189216806
2340386,64473.57561737431
2340387,53122.07208010554
2340392,77848.49960894564
2340409,80041.85049141065
2340469,11291.36641689586
2340470,12473.930373381221
2340473,11498.156034895896
2340475,11615.148197021612
2340504,22928.780681814114
2340517,16483.481334166663
2340522,18984.729680715136
2340564,25275.36790288371
2340571,15073.80651420234
2340617,14311.936972127332
2340628,16343.858013487858
2340666,37280.02282651806
2340682,49220.54084001292
2340701,45408.23295459891
2340707,53595.34616275127
2340722,58854.77881032724
2340949,24334.95003923412
2340975,23305.82809162796
2340982,28349.18790966372
2341013,33460.50166330709
2341017,36893.66239258766
2341028,35418.34285146362
2341043,40651.447979488374
2341054,27760.973214930953
2341055,30274.145659400336
2341076,27823.673342097194
2341120,54472.5208688697
2341143,68010.27710206131
2341159,62468.78754924872
2341226,46382.876075595275
2341231,53047.616791156885
2341233,57770.26295284213
2341267,34283.816057427786
2341269,30219.83764413124
2341275,42367.08011741927
2341278,38872.74331456105
2341311,22991.906614592288
2341318,77462.57445598887
2341320,72274.81583573669
2341325,64339.725281716936
2341342,60854.60215070236
2341358,48008.572602172935
2341369,80832.43771546657
2341405,88758.28856949856
2341430,81488.45430157534
2341458,109937.69739014622
2341757,19195.976633745522
2341862,28138.496780204925
2341865,34603.35811734226
2341882,26843.123972878504
2341897,26056.352260583826
2341899,37203.96099137252
2341930,40453.00391804699
2341983,37685.75633104482
2341985,44906.17110832356
2341996,37188.13051868853
2342003,36018.26244335524
2342038,33643.427346621946
2342058,38359.22084278078
2342114,27772.381089999704
2342145,53754.59795178399
2342178,38686.93788865549
2342179,27526.334004181077
2342200,32064.984196983823
2342213,10136.9943291326
2342217,9903.427749693881
2342221,9785.971851333297
2342222,8974.565710433917
2342282,10316.614867196306
2342286,11006.975404253471
2342290,11789.393633552547
2342376,9692.552197474917
2342407,29388.892408224932
2342413,33409.49509961948
2342434,53165.08889835385
2342475,28102.154488943102
2342482,44262.54340943382
2342490,42094.25987746148
2342491,30171.144989223987
2342498,43741.51010624659
2342505,43152.371163387295
2342509,39976.232631929845
2342520,33998.7341321948
2342528,41142.667631917
2342558,13897.031080529972
2342567,13766.713886358022
2342592,11043.387984124489
2342629,19781.41923354679
2342637,14264.696183869506
2342643,17162.346885449722
2342652,18086.63298168512
2342667,20940.019134881444
2342705,11264.937944733652
2342719,12418.652149618414
2342762,30693.989235658286
2342765,36408.70587184344
2342781,33287.97866245374
2342786,46349.755052750144
2342801,48544.598124648546
2342820,47977.945746886064
2342823,44264.51769340242
2342826,28696.404086667786
2342831,58278.95137370053
2342847,18848.840523054638
2342907,23370.972556864534
2342993,24557.998888655475
2343026,29905.083340904093
2343061,36682.972881542104
2343102,35925.28407348804
2343110,32699.935686545803
2343138,56476.2505469971
2343178,43862.85221653518
2343210,47778.0570754712
2343230,33054.78030880005
2343236,61239.18595843739
2343238,43855.31997859793
2343262,36927.38572640959
2343272,37903.78485795769
2343273,37544.132684158445
2343275,38797.18488433032
2343309,41806.48756097341
2343332,49771.83837042565
2343338,74302.24575517673
2343352,56390.57114047086
2343409,52712.10435096272
2343415,53687.496378431744
2343434,52680.74881715256
2343486,59505.221234609446
2343518,44203.67731202033
2343541,39751.25162834108
2343572,47223.75828050104
2343601,54216.174417474445
2343617,51225.5383405799
2343630,56063.80484497593
2343642,49091.03910593804
2343643,42997.353495701136
2343658,42929.61722349735
2343688,51374.475434672066
2343703,48648.42483274674
2343727,49933.565344086375
2343781,68568.13122931146
2343799,61637.17503815054
2343832,81516.1184721258
2343836,27966.714988871172
2343968,60712.12414907379
2343974,72643.87071326455
2343975,84785.61770762436
2343979,36111.194312766536
2343994,57751.70603597427
2344012,51874.630927327475
2344064,41471.27613123552
2344093,49774.91136015314
2344096,46338.62888920824
2344099,71213.69954500717
2344103,33113.278994382556
2344121,68375.76624565035
2344124,31083.141113186397
2344137,77480.59628532293
2344168,83256.78507567529
2344170,83256.78507567529
2344238,42961.14836725655
2344296,54102.037640968774
2344362,56514.61211251631
2344370,55177.17490645074
2344373,64359.43296508369
2344375,49535.54017477166
2344390,64458.29728045736
2344403,72905.75594327616
2344409,66474.12156697082
2344411,47325.18612368764
2344424,42229.7268183963
2344435,56802.600768436154
2344485,60633.347165294465
2344490,47313.42147539311
2344525,81612.67451156997
2344559,50108.16096915448
2344581,65539.5085284599
2344590,81021.95318917594
2344610,26322.567384483045
2344698,37407.34620878877
2344735,71106.16500711502
2344758,62915.57225688698
2344760,62531.297483667186
2344769,60499.92144275268
2344816,79525.26452874101
2344843,11773.911837161773
2344849,13336.503413907547
2344859,12411.521773598415
2344869,17118.29026531862
2344906,14280.830342711193
2344925,18980.60940243466
2344956,21770.8062416937
2345005,19207.02243656512
2345017,13922.459321234322
2345022,15433.533440317224
2345030,19413.009600112753
2345034,16994.79662962864
2345042,15567.37660568777
2345050,15772.482581948021
2345062,17318.30257084383
2345066,23694.715702676647
2345070,20259.851054200135
2345075,22861.698949465623
2345090,25224.947944239273
2345092,17398.955809387076
2345094,21367.121898255835
2345108,16735.374551982233
2345148,14830.774581957114
2345162,19229.915319186977
2345189,18578.443477186098
2345240,15910.238016467109
2345245,20260.716292886736
2345300,20838.609167432835
2345309,23086.667410293114
2345320,25507.758321932783
2345321,29665.9659974555
2345327,23008.08503658411
2345395,17989.95169461514
2345436,35958.012216148265
2346052,42188.172611068025
2346261,18320.278742167924
2346319,27528.064366002804
2346368,20383.95804268543
2346506,21581.893636759716
2346554,27377.382499668216
2346558,16247.873903701711
2346589,22391.916878923163
2346617,29529.54054314652
2346635,32493.960300856543
2346640,21496.844066041
2346647,30059.97277497864
2346664,35336.09437757896
2346687,35663.55487617015
2346702,39896.67312521164
2346716,31661.84790310516
2346742,25979.22044895187
2346760,41626.79874895965
2346840,18319.66631777474
2347776,10533.476911683734
2347863,7848.75381118153
2348673,16796.74918573605
2349006,13738.69826615069
2349244,12516.142226076645
2349639,21031.22524529808
2349903,20180.443085428225
2349949,25508.92864574893
2349959,26932.40790374127
2350259,23073.483929192058
2350291,22643.30944368248
2350293,22760.89672871054
2350315,24101.230969301694
2350316,24398.072658243353
2350416,23651.57333052713
2350442,27665.844790937364
2350447,25074.855288160612
2350472,30257.48913694066
2350475,27695.88340581376
2350486,27907.316008481703
2350531,22893.342083238058
2350688,24620.997866696795
2350701,22701.52300234773
2350848,24029.50805423677
2350881,25487.115060892644
2350889,20280.718681553793
2350918,24100.254972773837
2350947,27449.781249055573
2350957,20850.27333935457
2351014,26860.625604170426
2351820,28802.591120448225
2351841,28323.78625953036
2351843,26615.60242781484
2351846,22677.907086807536
2351936,24052.508793339814
2351940,25558.55412350621
2351955,25273.124438435167
2352064,29137.532900435614
2352628,12962.3648274849
2352837,18833.643511172642
2353115,30488.506082277218
2353139,26645.244895499418
2353208,29613.977664703874
2353211,27164.76672102148
2353242,29587.580915343828
2353650,18022.820352144412
2353655,18970.660723260546
2353689,18878.25046125361
2354170,28505.465913360913
2354222,31169.45766622254
2354314,47929.51041438482
2354648,11291.938734211195
2354864,19872.257673554086
2355098,35302.12947070972
2355139,34543.11296677092
2355499,20207.65296089405
2355516,17547.623685948634
2356047,57741.27671439541
2356094,50633.457089079486
2356139,48122.24480696296
2356378,65875.66810179029
2356384,57276.91922569327
2356432,61334.31308811739
2356444,45222.24502258789
2356476,39645.888629749956
2356512,53763.293874837975
2356997,29652.747188336514
2357109,30169.385085214533
2357167,26080.46883156668
2357199,40359.3402718908
2357212,32779.093371428215
2357213,37562.42886761797
2357223,44930.7664592979
2357237,36951.26406991001
2357254,41059.012320022994
2357273,38257.873118161624
2357274,66983.79380219491
2357326,47072.06293610915
2357410,89381.18200518783
2357523,32737.367605454096
2357539,17132.460117927898
2357584,27918.996959264365
2357596,29183.610768140425
2357637,24361.431289264718
2357659,44367.46884768118
2357680,48211.137992051736
2357695,46090.22500587625
2357696,52652.95992894562
2357705,48750.49104456786
2357718,64769.04032685313
2357826,94238.61628843211
2359080,62013.57936750835
2359096,60546.31789223429
2359469,32337.66086630209
2359681,14140.399835281445
2359743,17247.44023854579
2359755,17328.0312572609
2360363,18080.339990729797
2360369,16891.417633552606
2360382,16430.521544463212
2360400,16235.62650307219
2360440,17806.730820855784
2360533,25649.70210518524
2360536,24947.94612607862
2360537,26151.9772969322
2360544,22455.508703534793
2360545,25951.418471079185
2360608,19874.405825715243
2360613,15371.214423060233
2360647,20739.14998448777
2360792,15786.641094538287
2364635,13392.285656961634
2364916,12327.687833217138
2365103,11024.930774254624
2365339,10353.923330530193
2365340,9956.166223100816
2365376,13603.078673407404
2365438,13620.286053168758
2365447,16219.872053383098
2365564,14869.060055469103
2365620,15009.430740871712
2365659,23647.88132062041
2365669,34662.06912786696
2365751,32080.617043594728
2365762,28454.09548383699
2365781,21597.594669255206
2366009,10060.510795789458
2366405,13924.111541727374
2366784,23256.205094455814
2366911,15718.74022725487
2366941,10329.824101259985
2366969,20896.556516951572
2366986,37930.881778503506
2366992,35065.24567897089
2366996,49341.83319137796
2367024,9852.402207569545
2367050,14022.985632262027
2367054,14954.03194289365
2368017,9431.199995738765
2368041,10808.46610112181
2368057,11636.999567547564
2368116,8911.996746529672
2368124,8380.844255053395
2368151,8835.469676197436
2368455,15153.440316050113
2368509,11742.980822591306
2368541,13820.786275742536
2368714,20127.88357535317
2368758,16686.291528581976
2368830,13209.134158322888
2368898,14325.682450923841
2368904,17751.428151957316
2368921,19866.763338465935
2368922,18824.21844296865
2368963,17614.229326019355
2369013,20032.04769412234
2369100,22127.197154347312
2369101,17235.022326218525
2369171,16168.453238105472
2369213,23858.92036315471
2369214,17895.15918442103
2369239,12981.907197983206
2369248,19309.049987294482
2369310,28076.999939044552
2369313,33647.77520097218
2369343,30984.71774408119
2369369,36696.56679643654
2369375,22264.83914112707
2369424,11929.325973579593
2369440,14732.977124673125
2369539,20432.62707177883
2369540,15511.813856979632
2369541,12771.407246253963
2369632,19110.000647672798
2369633,24324.61155294852
2369645,19719.24870792923
2369647,20494.11556086138
2369670,23620.846244690747
2369679,25928.150093264117
2369693,20772.404492704012
2369698,21321.037412813446
2369751,34365.73502967877
2369760,28324.041832255025
2369782,33101.73041947823
2369786,27765.326817707362
2369810,33593.405786531635
2369845,20968.235681800266
2369851,37858.1502429798
2369866,30866.81550274734
2369872,34210.37179364739
2369958,19859.006297430926
2369981,20245.533256428465
2369999,18314.251507115114
2370005,14921.276486722423
2370006,14921.187158264007
2370047,23808.994061581074
2370088,15863.67878924067
2370092,18963.47894015068
2370094,19825.54840334097
2370163,28566.205594653864
2370223,20541.045907493542
2370229,21051.772077404217
2370242,21484.58355434846
2370245,22916.880657207912
2370262,18928.627471241918
2370278,22151.09942606126
2370285,25175.549615806187
2370384,17597.924757550434
2370405,22370.92970184618
2370458,30556.45703636771
2370464,30383.590944408203
2370472,24445.73609757226
2370479,28491.659633493087
2370485,26744.954771820743
2370486,31140.00129723443
2370492,40431.72919781051
2370535,31535.33702291124
2370553,34081.35478990377
2370606,33810.84428365863
2370611,62218.69949532739
2370612,53492.48036440576
2370615,27790.658823512444
2370632,39553.42095187045
2370657,25184.30613150207
2370740,49827.726302298775
2370759,38639.52342901575
2370775,30972.688334084254
2370828,11259.913907251626
2371063,12327.060504159856
2371108,8641.337517324526
2371137,8791.711813032507
2371157,9378.66981382476
2371166,8767.540635743215
2371257,10510.838904130014
2371480,11263.742011014125
2371527,10767.674775766307
2371588,12446.737610721773
2371805,20837.143742252414
2371868,28405.051734360393
2371899,24767.569985596452
2371904,15078.177995273702
2371943,19833.541986037748
2372022,13865.212518054272
2372060,32894.35950872348
2372062,32973.49443005871
2372070,34499.521879710854
2372071,33544.761577271354
2372112,41070.065692854354
2372117,44905.16229190299
2372130,29832.204456238906
2372174,35944.38497836312
2372175,35502.784944010964
2372194,53273.67835346006
2372266,31362.537031997173
2372281,76947.1347582013
2372310,12053.230224016324
2372496,47103.298962165325
2372520,17172.0297734831
2372567,38991.47584112541
2372610,17636.117979301907
2372657,11595.122988622308
2373114,34216.723718697926
2373323,33557.60195487292
2373331,32694.6487853318
2373336,32599.83672961295
2373343,32710.035621592568
2373355,36593.49120374523
2373387,45608.74850174862
2373501,30443.607615491284
2373502,35898.58535337132
2373513,54657.372723532135
2373519,17890.808073644763
2373597,40549.895581541554
2373603,84005.12916814798
2373729,60934.5959807908
2373737,65793.90278275244
2373744,62223.44392770559
2373803,13268.597431466413
2373823,41392.11153073911
2373914,52668.66034248323
2373986,43284.20542977972
2373992,69759.8327994777
2373996,74337.44382602457
2374066,53855.90061628271
2374091,38917.456682918484
2374107,45822.53628632
2374132,43602.32250214247
2374140,61116.03276494801
2374141,51058.26737673208
2374144,76463.5837253898
2374146,52637.601277792186
2374257,37436.123700729506
2374277,58814.74554214773
2374278,25287.374483354077
2374333,16402.638760209582
2374377,39685.352451569444
2374400,32237.91374277342
2374698,28507.26727691295
2377434,28252.547370218577
2377435,14901.85307792843
2377464,13942.345414670019
2377467,24674.603516778032
2377530,24584.649911632856
2377538,41227.19667941945
2377858,46146.88417452087
2377880,31703.759508901625
2377978,52741.56937234495
2377995,56728.70400711075
2377997,42695.15674727596
2378000,46244.488780366955
2378088,13674.39296469221
2378152,30498.193139287243
2378226,35147.255571360474
2378276,46006.544876423664
2378335,18442.195088785025
2378382,41188.588027058584
2378588,26044.135729415717
2378589,25528.57172697169
2378592,32371.85016693521
2378602,35332.99489004153
2378605,41724.61745260788
2378614,39128.08995689317
2378618,40323.26145733954
2386074,30888.21843946525
2386742,21249.78026278522
2387195,48883.99410174097
2388589,30294.53067552672
2388627,52936.34713945494
2388699,22924.292562960793
2390220,26550.76965512848
2390665,52239.52327721397
2390702,23308.47785891106
2390803,47020.25119115496
2391196,13741.5571958714
2391217,18471.439248315368
2391233,15178.666022990294
2391258,22604.481003834993
2391358,18168.6439287227
2391428,20040.719877999964
2391509,18529.891207260902
2391852,44389.13843643027
2391913,47440.96976953399
2391927,26031.786718753956
2391929,36626.26075075454
2393281,11200.014407638566
2393369,27503.957036499625
2393383,28148.055514503896
2393428,44357.56913967866
2393429,44472.44829610199
2393741,54541.40947459411
2393742,66304.74717912519
2393757,23876.238949156967
2393810,25890.705718296937
2393830,26311.729587992504
2393836,22063.529181209615
2393925,30331.848190373763
2393938,25807.21431187339
2393940,23200.457010883245
2393976,43946.18602551579
2393978,40000.82570300708
2394004,44286.4456152443
2394011,36103.72623725088
2394017,36581.89602729022
2394030,40720.60682162106
2394034,36059.747758537604
2394115,19589.893791971295
2394128,18541.15416119217
2394130,24281.14976588872
2394137,24584.204609780743
2394146,23051.830971018306
2394160,19943.01818671372
2394197,31511.54394185823
2394216,50563.894252023856
2394236,42818.569498511635
2394284,22879.472897867963
2394286,26220.695375251984
2394293,28952.66660366802
2394297,19320.56316850699
2394318,33520.487904147
2394320,36284.228473354524
2394327,24339.397377961035
2394362,73490.64225185546
2394370,79064.0704392534
2394380,79028.60047376351
2394419,34680.97208790849
2394503,34267.447300953005
2394514,36244.695380082965
2394532,45048.58293994406
2394536,41664.03206746295
2394549,71041.30669841751
2394561,73374.25607477211
2394580,29255.871178804002
2394594,26986.0306955876
2394602,26778.25983773185
2394615,19286.372987754843
2394639,66751.58750464945
2394691,85067.98771013689
2394912,27952.06940467801
2395097,25025.569662029357
2395710,28454.288877108364
2395796,70883.02518900955
2395921,28987.78671595068
2395927,33730.09780684362
2395953,8443.700486359186
2396046,25679.33570760571
2396172,22809.19057414999
2396224,43783.096533484495
2396240,38845.048687385286
2396245,40217.89937783377
2396272,41025.3453677053
2396473,62847.249901490184
2396568,12140.302148885927
2397220,42165.24806689919
2397261,13222.881091598225
2397451,21364.10959714655
2397606,58148.75649810993
2397688,34927.38067035914
2397813,17898.230620712726
2397826,30266.917320929035
2397904,26699.543388488342
2397924,21228.67591477798
2397951,20428.76877664351
2398009,8748.267727369304
2398113,9339.751508665111
2398404,57214.33777676335
2398841,12146.075805552331
2399041,12843.17732352216
2399333,9620.77543541682
2399371,17242.58820570654
2399437,15097.394244539822
2399651,9315.037586907803
2399676,16526.548203318885
2399753,16627.842678862336
2399771,19639.194735146943
2399863,23003.34760386918
2399899,7920.019801802191
2399999,9717.700187576991
2400096,10724.393219500344
2400112,15896.379861445532
2400124,32142.762466410284
2400148,35093.778271771844
2400207,25233.0015325124
2400219,18756.15750669139
2400223,37168.36225464805
2400248,11152.058366496449
2400273,38216.56811718972
2400294,27345.948502684383
2400322,8812.295731171696
2400363,12230.01463164236
2400509,48777.50532725314
2400539,18031.113996314674
2400892,9605.176993631561
2400948,14244.56523417869
2401172,19512.324288624928
2401178,75596.48686319182
2401345,45308.30662700092
2401349,57020.98256809839
2401418,44068.80073656413
2401450,45036.78209975847
2401688,20140.254413564697
2401721,34760.762527498824
2401755,12194.831521903616
2401791,46367.26355496792
2401884,30639.02259762823
2401990,23398.922053089693
2402054,19541.546425854453
2402098,21788.576119969945
2402136,52170.950310564396
2402182,12511.085805815654
2402219,14073.589670297222
2402221,13627.15155202474
2402228,16726.364016439366
2402236,17503.193399732205
2402263,13168.703989627402
2402356,10499.780568150532
2402516,23423.00511346445
2402519,21473.560134063286
2402558,7447.802151431751
2402632,28060.309777010807
2402638,30632.140746659992
2402650,14411.109412612002
2402762,10103.957826090798
2402879,22031.77204253183
2402914,62711.45758719841
2402920,10908.522176419056
2402976,8849.362291444757
2403040,9940.049560783022
2403076,18531.26195055286
2403204,9275.162633691407
2403337,10892.006681591254
2403435,9520.090556561167
2403669,23448.607416404866
2403732,10704.75227284101
2403821,21463.489877296488
2403993,22685.297750020007
2404034,55442.14279789846
2404383,14159.240112386946
2404428,23108.115940455195
2404574,25620.275599330143
2404694,10940.055032596161
2404712,10237.842139728178
2404915,9444.322773186248
2405076,76005.15202356958
2405122,16225.530574258322
2405187,66525.73340700947
2405349,8060.874445179934
2405521,10192.800420870988
2405536,9969.98865681343
2405538,18427.591318948387
2405550,16385.384533240638
2405571,22893.120711149495
2405640,19004.792553287054
2405678,32755.764450590992
2405851,18995.361452718025
2405998,26403.624871593674
2406024,19597.01654044605
2406076,18134.622388196218
2406079,19308.82900403726
2406143,11119.378587768033
2406243,21703.96084900424
2406253,9380.364519105495
2406655,21683.76056139015
2406683,31688.558715966752
2406718,53728.454256662764
2406739,39886.76762748177
2406782,40959.627799917056
2406804,12850.008683154781
2406829,23763.181077813337
2407095,22539.6469669969
2407209,51455.62378007019
2407217,33486.82458723907
2407290,14822.33976986325
2407296,46392.55621578568
2407388,11173.999920636936
2407398,50591.30282803172
2407607,39628.24503034261
2407639,64873.40309113879
2407928,11099.79697827819
2407996,22766.802413449037
2408043,25973.39429137778
2408083,11026.840051637899
2408102,8122.032344305206
2408257,25995.05770120885
2408269,17621.93334283205
2408275,29676.482988570326
2408336,44337.587098128366
2408438,31481.72971834396
2408442,12827.220607213929
2408455,10921.19432329512
2408539,25835.285835435538
2408554,24072.937207284176
2408659,19876.046163444913
2408668,34552.20341157547
2408772,31211.97204101833
2408809,44946.09898874311
2408871,38723.88727680318
2408877,36921.48923015467
2408878,23398.681236561657
2408879,25843.318398013198
2408882,12263.504354361421
2408916,29998.174050242076
2408943,26167.559081707328
2409008,33562.45128989025
2409009,42649.908525487255
2409012,22454.37470734832
2409052,36171.240767036536
2409065,36072.12360342109
2409073,34803.14731017441
2409093,26229.747306673064
2409172,60119.5782547634
2409201,41024.93698707055
2409208,31394.134258933616
2409229,11096.030110429034
2409372,46191.99489335943
2409381,34592.43705021703
2409433,10266.544489665812
2409434,60650.77096549055
2409474,10978.433193575544
2409614,84290.70295933001
2409618,63089.673911384256
2409619,10180.390283677738
2409714,76876.9553518354
2409745,60552.483219980386
2409831,23681.244751898743
2409918,31946.050883231408
2410076,98460.08566630736
2410250,48512.91425704444
2410285,24508.315355510163
2410356,25293.6038586704
2410376,15373.597730548656
2410381,11498.026841103218
2410509,37772.447403860526
2410539,70761.09321769918
2410606,13716.6979613497
2410648,10261.142701062849
2410718,12398.318595677794
2410847,22047.646161507953
2410964,34252.166025490704
2411001,13615.822637350318
2411018,30548.062340788827
2411028,13556.1792144307
2411116,15229.90066536454
2411120,13996.779853990478
2411145,22328.21170072245
2411168,15719.504140824367
2411257,12183.812357969853
2411258,12092.355895800241
2411338,81574.04779387215
2411401,12947.591293801932
2411444,9607.55238466522
2411579,15454.04162470924
2411601,7220.786353586834
2411662,16502.499416649334
2411672,12455.585567178783
2411727,11871.934969032214
2411755,24575.581707455218
2411781,12926.360812808583
2411867,36525.29411318479
2411868,67565.81547959977
2412008,21404.69451644407
2412144,21328.29045175707
2412150,19239.84194843388
2412232,27024.038933396758
2412233,23976.511586523542
2412368,29209.47306619911
2412386,18780.2991863724
2412433,22726.592610352818
2412444,28324.238856631622
2412461,28324.238856631622
2412529,36499.00746435763
2412639,42372.32899360903
2412640,32304.305686841366
2412643,41070.00829705543
2412686,30311.51882092155
2412749,45348.0960245093
2412750,52813.01817237518
2412825,53385.344406203934
2412835,70604.22540114491
2412841,83096.73498895923
2412881,68612.09830421202
2412984,30298.928672841063
2413013,31035.32761161977
2413017,22545.489140371657
2413066,23447.98184601469
2413086,25339.523645860303
2413116,43704.752207404665
2413118,29120.325715647163
2413133,23390.84638119851
2413134,27612.386574216132
2413156,40537.88756520151
2413160,30564.72048294083
2413185,44555.16746257867
2413217,75112.5456703614
2413242,71286.70249983975
2413257,48327.34187691347
2413273,58580.07471053318
2413398,25646.358353196658
2413567,48820.066604754735
2413591,16333.042715180805
2413661,16269.78054324219
2413753,22426.126433971982
2413774,20842.787861191402
2413788,18562.104661410878
2413798,19119.03959538766
2413801,27831.466921296076
2413852,18598.187360898977
2413856,23423.69417093647
2413877,23584.260204495375
2413926,28882.244578251873
2414098,53695.052473989206
2414109,72764.38916910176
2414123,59124.9212170018
2414175,20504.077983950327
2414286,16765.226631638623
2414312,34478.41516085527
2414326,82937.08547110032
2414345,79137.84232138647
2414354,21597.68849755753
2414392,41915.16464395895
2414427,22064.970027299136
2414432,21332.5048618839
2414433,39968.9159725986
2414439,21230.144612897086
2414484,40532.59298633949
2414557,34242.07910775275
2414608,29371.895723958023
2414626,26236.663603065317
2414654,47500.63177085043
2414668,20175.02754283914
2414669,26089.624475392728
2414672,26926.86614415971
2414684,35732.152008232064
2414757,24399.38625094627
2414775,27065.922138999635
2414784,24757.93385975669
2414794,25976.89620171846
2414822,38460.83082586595
2414834,30970.47464058701
2414841,24009.914718143566
2414846,17643.704860685524
2414865,27235.75887993504
2414889,23786.803144946683
2414894,22689.300895799795
2414899,23375.81986164528
2414900,33209.41828787282
2414943,50972.64780296942
2414948,31223.35615270643
2414952,39824.661865393646
2414955,50242.32722892153
2414963,24986.727889417456
2414968,26961.437102361273
2415013,46673.14229156161
2415014,36834.457856274836
2415015,33898.814342157006
2415020,52173.27477552512
2415035,23413.136994913904
2415037,27956.934084875877
2415042,33326.14521711118
2415051,39528.08267067864
2415076,39402.700650987856
2415081,47738.97388729625
2415097,31044.876384994208
2415108,46657.68097523225
2415115,35130.310795526995
2415133,32286.561899338056
2415137,33046.925474094234
2415140,40469.69356430666
2415175,24281.209726700963
2415184,30415.18298122171
2415192,30051.785210318347
2415202,41262.20811994024
2415213,25476.718213588858
2415221,30035.712878363964
2415244,33190.31834589262
2415245,33354.3177523258
2415286,46724.88898835077
2415348,23089.550194195763
2415356,25139.572412761703
2415428,48852.48154878401
2415494,76398.95729780158
2415497,58724.379141363286
2415502,53300.505915642236
2415523,39069.33692861381
2415626,40647.469431944024
2415629,63554.87026160223
2415639,31700.189316584852
2415640,68729.71240407598
2415644,33876.27962823544
2415649,49764.438895749976
2415681,55134.37887192423
2415691,33523.58566369
2415709,63252.06839484344
2415715,42835.988517721315
2415720,89140.0211063269
2415820,52216.60870668543
2415834,60496.77665164697
2415838,39078.50727521143
2415861,98940.8810289142
2415931,78364.85384608594
2415937,73911.60282682412
2415944,60151.02002518793
2415963,53244.44519414699
2415968,83831.78935642274
2415997,82678.5414476999
2416057,52127.39949321015
2416086,37192.43095889056
2416105,58278.536738226896
2416156,77661.23205334917
2416206,58976.39719361851
2416244,35388.647448102405
2416282,32021.87739669178
2416313,85075.67493865828
2416361,36950.32694905582
2416366,35648.78734824985
2416372,36129.20891384691
2416379,46239.41844372084
2416396,42671.331096682916
2416404,45549.85403261552
2416435,38046.8205116038
2416468,38917.27712605693
2416802,64996.884034102855
2416818,65666.43446730278
2416842,60635.131251322666
2417010,83066.30577487074
2417033,36783.449403691004
2417074,91336.4706811882
2417081,74678.87731591273
2417240,68930.68249339546
2417253,33224.69045465168
2417254,33950.662082806586
2417289,57187.12205960931
2417293,51415.84234215093
2417298,46784.087732345666
2417300,58752.59938298962
2417307,52782.70682263425
2417310,60694.955386835114
2417322,59889.02301205387
2417381,68028.34871748302
2417401,54852.670192152094
2417415,70232.08247958426
2418295,13538.78130511752
2418539,15474.123461849638
2418555,21990.489860157046
2418577,26048.567101441593
2418685,23289.671419755712
2418996,41132.41324821208
2419299,12772.470140079919
2419395,27240.94637690827
2419450,24653.415682540824
2419458,36871.18994527494
2419542,24639.571902267147
2419592,20671.245400405438
2419609,24924.03267186457
2419628,22121.65969925044
2419838,34657.361813429154
2419845,24130.181628765178
2419882,28082.633462772592
2419927,60733.25923538343
2420058,49812.843164726146
2420117,57187.906674019825
2420122,74074.29063885401
2420139,63810.76174360027
2420311,79643.4555257591
2420466,82348.46876231614
2420482,98431.97037927646
2420499,99163.48883625348
2420540,90240.87199646726
2420544,84106.37065441957
2420638,80378.39194744693
2420697,46435.70054084605
2420702,47313.54028867216
2420740,50695.508441338716
2420744,49349.177322426345
2420758,49869.50083188029
2420760,66202.06200480879
2420762,46764.87490900423
2420800,73305.58210117242
2420816,47598.23558349378
2420863,83670.44709692703
2420880,52601.02867553743
2420924,58594.0684112602
2420928,81995.66960402484
2420962,63010.24565363805
2421001,71168.85827071204
2421067,81557.52627032498
2421106,19013.889688947427
2421136,20125.689701205643
2421151,21770.79344160459
2421159,14920.343847643333
2421164,12443.570664094279
2421209,11034.741772461495
2421214,20703.27818496661
2421240,13953.488593423894
2421324,77080.8641525465
2421364,94410.98483015753
2421370,71042.8512191689
2421441,86540.6921175622
2421483,72165.33621568928
2421512,87280.98458008734
2421638,38353.44796773994
2421639,40438.74547437283
2421648,55361.85637473353
2421680,65996.1026277943
2421689,50823.99636907332
2421698,67360.20306197465
2421709,48596.68793138206
2421758,66615.55354263094
2421785,55954.1532404777
2421806,62029.01140102661
2421811,39223.422895083015
2421821,47197.975506965086
2421831,41818.12952817117
2421837,38762.25856822448
2421848,48664.45355831633
2421849,40393.258773878624
2421859,66386.21016002717
2421866,76074.22690085683
2421868,29058.00981364985
2421874,58924.4386567795
2421881,22877.893645922726
2421938,22450.241109287137
2421982,32864.73032871331
2422009,64400.696607437225
2423221,47598.45288787171
2423646,35869.2316148894
2423693,28266.180765292895
2423926,20238.027014178046
2424065,9598.509064768723
2424201,13496.636649753345
2424228,10377.822913241329
2424261,10426.13096825456
2425512,31728.15644172303
2425703,15605.187293518858
2425704,51255.70710509517
2425732,21704.139298010094
2425745,13561.169653831303
2425777,19604.253357143483
2426008,34413.59600757967
2426049,30554.114381883923
2426059,39994.7602724054
2426076,51529.9849000347
2426085,40695.788855746214
2426107,43360.74791527398
2426122,42610.332469962916
2426126,49358.90181498029
2426163,58115.968658864476
2426247,18234.461799429115
2427861,8339.261786553614
2427886,11032.361537383595
2427944,8818.69480147992
2427960,11004.181544813693
2428002,9050.487330756698
2428020,9502.782942939039
2428077,12231.98068165898
2428093,10980.569462652866
2428107,10989.86796605343
2428110,10947.646935324934
2428115,10300.609470087737
2428135,9770.379999265979
2428144,9980.665225261437
2428149,9718.527350814213
2428150,9235.526096185913
2428153,12394.64200439929
2428156,11827.220903655621
2428186,11067.854929909121
2428222,15383.68812597608
2428223,17513.361698590143
2428241,15141.45789645445
2428298,9508.529498748781
2428342,9822.969987600107
2428361,9913.71160328031
2428363,9577.27558088573
2428380,9385.402753277547
2428382,12454.114164934479
2428392,12522.603907957722
2428416,11020.97434116063
2428430,10090.43373610222
2428437,10805.65928051892
2428442,10903.560880232093
2428489,11143.849801472647
2428498,10877.143819243018
2428505,11139.663165184165
2428510,9881.822949730022
2428522,10097.17317958743
2428530,9869.52674522589
2428582,14119.835443374805
2428611,17239.770920915365
2428612,14487.757227581813
2428624,16485.099087684284
2428625,13269.719942958833
2428662,12332.449205653205
2428664,13332.847190708537
2428697,15660.457416667095
2428727,17183.939395151803
2428729,19812.573081455095
2428730,17366.6615204838
2428733,18062.664060525305
2428754,14309.067414372692
2429993,9444.863007514117
2430508,10551.167324465947
2431545,20404.476842587665
2433372,20544.556523148167
2433375,20937.372878651327
2434566,10078.711407865503
2434626,14897.295958089631
2434707,15680.978701827622
2434713,18781.516910875715
2435330,10894.231316311809
2435383,14637.468048697976
2435872,11589.251760830293
2438013,10281.022014860398
2438052,10523.386834060397
2438057,10449.590630855868
2438340,34388.306651792875
2438348,46896.90960761789
2438357,43600.027125863824
2439376,14933.818561063068
2439435,22724.214201069648
2439686,56129.65592440694
2440728,13704.208686175569
2440789,21483.847836491
2441075,55214.83075263054
2441222,14483.820749193044
2441863,16258.3185450368
2441896,14952.75458849059
2441916,14764.413622610427
2441949,21321.16919842548
2441963,20542.55271050007
2441968,18586.25236919917
2441972,17558.61293093525
2441990,17681.27775579542
2441991,22813.621853971887
2442062,21503.609344421337
2442075,25749.683598603508
2442106,13234.44317260984
2443727,17374.429276238043
2443891,31159.850893540282
2443901,43882.77033878629
2443950,22176.417982475272
2444014,11454.797809335201
2444053,10711.977013759499
2444066,11942.681751066973
2444072,10597.462500179152
2444073,13619.492846599478
2444074,13632.054890570547
2444210,19007.706510263422
2444548,12346.801992816656
2444810,40298.63231344898
2446844,18025.913273726423
2446863,15414.928993288271
2446903,45418.54901622002
2446917,31495.14266254036
2446918,35281.1851132628
2446927,47703.316015216136
2446932,59590.281131507494
2446942,59544.31244086436
2447455,20139.53188592732
2447461,16576.750436001905
2447472,16113.553293682788
2447517,18130.589509492533
2447534,19561.801225667416
2447558,23695.038813099898
2449378,87627.9112264307
2449383,96656.92588476048
2449390,61487.14887507033
2449393,72801.48192977821
2449413,94267.79545974598
2450088,21388.609129559234
2450283,51213.871261688495
2450337,53819.316699888834
2450702,18529.339670870693
2450869,10326.82030543501
2450883,11293.657063636374
2450897,11293.657063636374
2451127,87695.4245952716
2452355,73868.56116969806
2452779,106858.56731281219
2454455,38957.32079706245
2454533,42636.68699872939
2454549,36535.76393664307
2454606,44487.639833905596
2454657,52168.90522744214
2454682,47728.21211624174
2454726,44891.25924780015
2454747,61036.00524198803
2454804,70343.01005052407
2454827,63063.27437923584
2455048,53710.38032013441
2455052,66093.98370602303
2455123,46141.5835910638
2455124,46141.5835910638
2455129,42366.26647479954
2455151,59581.003857104544
2455159,72184.51568471876
2455277,42631.291012049594
2455320,64345.56350753336
2455339,64382.71809580691
2455341,57861.281505779334
2455451,34476.15875003118
2455457,49476.76360519727
2455527,69856.87185322441
2455564,23783.068414903468
2455603,23735.754393693944
2455676,72416.84289225731
2455695,20468.415514960594
2455754,16029.668002109134
2455791,20891.307007189913
2455859,25857.71406384866
2455877,39543.11817791742
2455923,27383.42345537627
2455953,20600.206466907166
2456261,67553.67086603527
2456372,28092.56796818429
2456383,24933.84116420554
2456411,36831.20747412477
2456419,34956.621058267876
2456466,40792.98080400185
2456474,46836.68222246466
2456487,43321.370155436736
2456494,39669.828546274344
2456512,36810.749885271405
2456523,66857.329835463
2456547,77603.05984778207
2456561,57770.92291332974
2456605,65820.80822817642
2456610,73783.49064357975
2456859,43063.73232536768
2457052,36199.6304965714
2457151,97099.32588936067
2457155,99046.72835787815
2457195,46258.25782950398
2457216,34152.398412613744
2457251,43600.806244773106
2457293,90268.06970352009
2457298,74612.73452374556
2457317,14943.810970108723
2458631,36104.956499602085
2461725,18779.97527117372
2461726,25574.040188344414
2461747,19350.147332036355
2461749,20813.76053387598
2461760,22233.33068008518
2461761,22399.457705783123
2461835,26378.14748683427
2461854,32111.503384596745
2461859,28137.72904464865
2466576,17534.179843500635
2466679,8567.491336126224
2466757,9047.085901821278
2466834,9565.028399406718
2466858,8811.470274095069
2466890,9552.640304966584
2466894,10504.95248152966
2466983,10220.379078414193
2467079,10294.819519542716
2467080,13215.140761089178
2467083,9829.878777120792
2467104,12229.710262090244
2467108,12229.710262090244
2467118,13113.461247242141
2467129,13469.659483880854
2467252,27224.415077094574
2467275,12451.384004618943
2470349,29776.67371505451
2470723,15656.810372291799
2473029,31773.389292027732
2475493,14172.57788229902
2475528,8406.973209557833
2475542,9396.715345766626
2475642,8749.968613652287
2475648,9200.628030685644
2475658,8833.496846182301
2488752,10029.715813058761
2488793,10304.386838124032
2489036,11917.614989892954
2489040,10048.318075598414
2489161,74609.07661488345
2489462,12246.401177162417
2490183,10567.255019888875
2490321,15110.266577581553
2490515,30482.76812766953
2490860,9117.247274833291
2490968,9715.793786223887
2491912,40914.97674556237
2491922,39305.398430823414
2492010,30551.21254969243
2492198,33779.744844325025
2492200,23337.179434663496
2492201,23309.440804795482
2492212,35186.23069876214
2492424,36868.59034566582
2493299,48399.55261852327
2494109,69736.97306577921
2494197,50562.55956940571
2497919,42993.22334372603
2497985,36763.99143058104
2498001,49850.460383415586
2498294,63050.68823652765
2498342,70886.97197107995
2498850,12018.90764842294
2499065,13401.625065813127
2499124,14119.989072582288
2499249,13218.980657905178
2499259,14985.989396834046
2499436,15928.774057631428
2499527,16754.35869895704
2500026,15502.574732183028
2500177,16889.90503723981
2500270,17859.82474949949
2500397,20632.21669855615
2500434,19951.304665429892
2500466,19939.380442230588
2500467,19608.137065359868
2500716,24191.01180494221
2500819,19478.055846065912
2500896,20784.740030819507
2500930,21730.855739011142
2500939,20103.93382123886
2501372,27069.34291481839
2501385,26352.169238277686
2501487,29573.647109748617
2501822,20131.33559471251
2501854,19790.622220675912
2502085,20536.577122606683
2502138,26490.015987035258
2502696,23923.44103642152
2502700,25656.40482578587
2502801,31517.143854682476
2502978,30974.303371284313
2503053,24899.009848212274
2503106,24349.38407750596
2503280,29487.002266500236
2503283,30326.98192933641
2503389,28494.76929910576
2503476,29731.98988119046
2503485,25928.825715221275
2503522,25101.019773866963
2503542,27380.195629092734
2503571,27332.0775094253
2503590,27006.61531756837
2503593,29494.039041101074
2503628,27583.87007197165
2503653,26348.710938172197
2503671,24759.995279452734
2503946,28454.86859534726
2504453,93189.45976130804
2504587,27340.258750839537
2504782,33172.176970878674
2504835,28551.28230291813
2504842,29662.21151947225
2504962,27958.860250404225
2506925,29229.145616949347
2507051,29184.1326174466
2509695,27057.239703056002
2510947,10428.038663093115
2511231,12760.893670173218
2511232,12937.818412436334
2511235,13252.631285812437
2511669,60715.77632924728
2511711,60638.51841823602
2511718,61152.74086693474
2512847,87311.73983113069
2513024,20164.34550571578
2513025,19066.57926055604
2513035,20755.737951170497
2513099,26466.74222360627
2513849,20879.87078946052
2514008,59906.43692377473
2514046,61650.157240673405
2514241,33076.26918241126
2514253,31105.717006344505
2514262,28576.570938473564
2515064,22275.30084992899
2515175,22355.033105116716
2516600,35010.765566014685
2516610,34953.93143563123
2516614,32220.5912216619
2518632,70822.35589474035
2518748,41009.606101860976
2519337,50097.09579900445
2519342,54340.081051250265
2519499,58836.67086978614
2519642,74507.08928692256
2519658,64005.378053977
2519722,79281.5192937428
2520374,26650.578691595212
2520428,24039.12939297085
2520536,71807.29152701997
2520762,16429.092608382132
2520816,89782.44348563669
2520867,88925.69986373861
2520886,79710.23125592677
2520970,83715.4184199303
2521056,79195.77469762063
2521101,96772.438226271
2521226,90741.65483720822
2521264,84933.14074300071
2521306,96821.98100395483
2521325,94908.04308330087
2521388,107668.56641138432
2521421,86262.67339979821
2521424,103814.06945941593
2521470,98444.17398116355
2521508,105641.7778039877
2521566,31452.292563820498
2522022,56305.974174142335
2522051,63910.183075162204
2522705,30238.017353574927
2523671,23212.44489248533
2523753,25135.424224817132
2524042,28056.79071263874
2524198,51492.52412197567
2524204,61095.300771401555
2524296,48490.18527471364
2524338,67030.24390393806
2524370,60480.71175293565
2524382,56946.32244291476
2524403,58225.17249755282
2524744,43131.31519248134
2525144,77589.04302533915
2525477,68932.58437264859
2525559,84984.97312769608
2525610,22002.83048737328
2525845,41476.85503839896
2525847,45773.092268268854
2525876,41213.28703176979
2525962,50332.492788972486
2526010,64170.48833288852
2526153,35444.95447821839
2526167,35480.795888962864
2526176,39416.3925588604
2526244,75781.14162683825
2526398,33747.35282430687
2526445,36224.27503463972
2526561,37644.59664447956
2526562,38897.439167715704
2527072,12006.805241436698
2527126,29813.991779672073
2527777,29191.995519858618
2527946,12099.670735898155
2528063,12895.517341977347
2528771,45366.740202983245
2528839,11961.524991440778
2528941,61777.54031959536
2528945,52618.32980375907
2529048,43065.6975124335
2529095,38878.88470001154
2529265,47388.611151196405
2529475,17421.417389176226
2529650,34912.975218491294
2529654,31200.79127052737
2529667,33465.94304743359
2529696,38585.350142374424
2529730,46931.481872599245
2529929,16560.98939146947
2530017,14273.87397916638
2530023,14722.029405581412
2530050,15993.557699176734
2530070,74818.8200719701
2530075,68227.68209025776
2530256,21799.231953714672
2530310,23294.992093396108
2530556,32436.41396769531
2531081,51625.52480796294
2531662,78652.40866437543
2531665,72967.51101268728
2531675,74877.05853963374
2531715,85911.5463012465
2531766,77081.65624984229
2531767,74587.79830872153
2531823,84499.17843343572
2531860,94538.75613463565
2531928,96566.16698916392
2532098,52034.79753833949
2532173,39693.98577711422
2532194,43952.59006324735
2532248,47250.85998145722
2532566,19838.146464801135
2532608,18981.602246983508
2532619,20317.813053899157
2532699,22191.105682983944
2532940,21485.02158869846
2532967,19756.848839877883
2533083,17476.561402669657
2533096,18475.876480938143
2533219,27211.445463256747
2533248,31224.08100203027
2533778,53679.24380854582
2533811,52789.2607930939
2534214,108623.24871706525
2534287,45388.33971981477
2534389,18117.177596056114
2534395,20539.578439806217
2534435,20741.43779514956
2534554,11826.207541035952
2534714,27414.803970148223
2534730,26611.8276860455
2534732,31205.626887976352
2534894,59234.08485687245
2535161,17363.00317188662
2535180,16270.235308786028
2535804,61500.95833743345
2535899,61121.49653280376
2535926,49298.96823650864
2535973,61890.44566808792
2535980,56163.70159906322
2536518,22856.29669048173
2536740,12085.023667761108
2537420,60611.31650795222
2537494,50672.148888064745
2537506,68057.1796363178
2537519,57318.21212360966
2537770,51707.21368259893
2538081,23277.288431763776
2538192,35220.20967809165
2538255,38126.18156151994
2538327,36993.02813837434
2538503,22593.910249659413
2538518,22109.01846376549
2538795,33280.30972221148
2538814,31621.341293835787
2538831,30139.829102688254
2538867,28322.25675940745
2538935,38402.602780829366
2538971,32892.43159775332
2538975,41758.695429179905
2538984,38869.71929647535
2539086,47013.56205650261
2539096,41930.87663142921
2539135,55439.08286733714
2539153,57365.04142242252
2539169,47906.23064190714
2539235,52745.34648874103
2539793,30688.143969917644
2539972,25863.41046551245
2539980,35771.7013385978
2540023,25877.91608544043
2540084,32790.166510208845
2540138,33977.949780248025
2540189,35809.01153242873
2540250,33414.627395333
2540598,14359.40876547531
2541314,26229.730725047593
2541807,37146.922219020846
2541949,47569.643283775076
2542196,49129.7064741156
2542711,39737.35863739212
2542712,35666.74072680875
2542889,28199.36326428702
2543486,14706.186652169457
2543712,37660.94287645248
2544015,42086.37425003216
2544144,17832.339513081137
2544255,18715.786787203167
2544280,18982.63183811039
2544304,22414.793592738373
2544790,17287.595663428896
2544872,24113.63708519942
2544951,26403.384340464574
2545141,110363.51270660252
2545412,18822.748103869337
2545426,17732.506731162794
2545466,25291.21054153238
2545691,11769.5023937541
2545814,34038.91501335478
2545823,37944.37142669711
2545829,35140.327272483344
2545909,39517.47340943207
2546013,47452.29367060017
2546015,44519.87473151312
2546057,52820.19169641125
2546094,50380.17047013935
2546142,46913.93468549052
2546287,53468.00103484444
2546366,63635.3506608092
2546500,57049.371851440985
2546502,60339.51310850346
2546526,53569.22733089308
2546650,63823.10891092878
2546653,63681.92660377857
2546855,9488.251574751508
2547110,9495.293374428671
2547141,10422.689010466605
2547356,16623.465538507055
2548371,32784.85247872247
2548421,22968.88812224296
2549006,52052.503451241784
2549280,20267.10327558342
2549282,20978.204668089733
2549325,21459.799921535938
2549462,17380.070510411042
2549610,30536.500591488948
2549991,74120.33617548854
2550176,30283.73555795881
2550205,21243.077942844735
2550225,21949.33596942168
2550768,14340.619805836039
2550795,15037.952911383996
2550852,80859.95106070297
2550918,93356.87603566595
2551055,101147.8765247726
2551090,100412.67763024558
2551116,79281.57399883817
2551137,99621.49008123606
2551149,92278.87237218872
2551163,99670.85452969828
2551176,75278.94479105435
2552107,44616.799085957005
2553476,22723.73782505935
2553529,30361.35320974128
2553533,27061.015198704226
2553590,32001.299411080065
2553603,29751.018963403432
2553604,34524.247808876346
2553668,36551.6445922067
2553719,21858.18131028575
2554010,11197.6218760734
2554178,33620.018492364194
2554263,23875.307245430504
2554356,59775.73321361224
2554490,57730.53605234406
2554493,61228.9978000073
2554511,60962.74302258767
2554512,47980.380815305514
2554627,34990.57745580953
2554638,35843.01571673053
2554703,37697.97471035437
2554740,41064.59661846348
2554840,21712.13873447714
2555736,87771.77434672978
2556007,19148.478335684562
2556048,19377.292015953073
2556052,20286.23007906463
2556135,19543.388563326487
2556317,20196.614186768402
2556320,19558.62305618896
2556390,20587.5309037761
2556401,23408.694426201717
2556690,14893.346305121991
2556905,28947.145172657234
2557163,49038.93887681436
2557193,40472.72015022347
2557472,50092.34282143261
2557526,12249.151726860997
2557683,17176.767858934272
2557692,16844.786275384686
2557717,14075.858206558489
2558653,30833.50355388852
2559028,45379.41345782856
2559054,50601.05266142937
2559109,76873.23850102989
2559411,45670.99892369741
2559886,51189.66845855132
2559925,65593.23884574222
2559934,68499.12858514042
2560160,8641.207958327675
2560171,9168.341593726373
2560368,44400.264786864966
2560401,44410.318209431214
2560423,42309.62624883076
2560540,55975.608778950045
2560543,58127.25839447048
2560561,53182.739183310325
2561041,78515.04646454955
2561476,91993.07976716674
2561681,45047.119136895715
2561756,17140.663077814275
2562106,44354.28879261519
2562240,32361.02022822095
2562260,28143.124148257026
2562277,22548.94615494623
2562739,50880.606903598855
2562830,51030.604932098046
2562838,51025.52258747003
2562839,49333.56579460028
2563103,32589.256018848122
2563175,42526.48255460139
2563182,46266.21457660223
2563189,37862.054551342386
2563275,60958.31037403882
2563322,60186.304773866716
2563428,60933.52393419255
2563535,76123.52670644275
2563593,65990.29145141775
2563677,90074.3365782204
2563718,87368.24602791794
2563733,90509.10477181975
2563743,96128.47676106263
2563747,95158.79510681293
2563814,16991.298758301742
2564407,58605.23586212306
2564435,67884.67370926944
2564457,52084.98783857705
2564486,15975.957975214069
2565729,90027.32785844879
2565735,77272.5981926955
2566151,73565.11374770415
2566194,77532.97662014232
2566241,84287.0959628419
2566491,89754.05037418153
2567163,48905.80427807775
2567215,49540.1704967183
2567224,56598.27955814774
2567367,73342.00660082955
2567442,92923.32541956479
2567497,61659.78968076495
2567840,43996.901229739975
2567870,43408.593526406665
2567917,55306.62111930598
2568361,83528.22908083987
2568479,75794.1938848615
2568481,68666.3826307895
2568623,65356.39928621007
2568632,66962.95755884577
2568807,71075.77797282972
2568924,75768.89626848116
2569136,116279.03788044742
2569157,115238.29465694146
2569372,130448.35121502579
2569923,118851.46143998297
2570023,127859.06293495449
2570441,107048.95731445102
2571263,91444.60364072527
2571274,95949.91671237191
2571378,84238.10902386408
2571391,84099.98811705913
2571611,85454.05553163076
2571817,93675.43539833855
2571841,83559.85598075905
2572218,71117.00874109965
2572307,71974.08867542457
2572326,90853.2744966336
2574181,23616.310305699273
2574931,79710.70943429184
2576055,94799.98424009695
2576274,61038.798638819324
2576287,66745.99438293304
2576439,82943.30579876147
2576465,89223.32961160409
2576475,88025.64240228751
2576630,28302.50609812382
2576669,29452.853015845703
2576679,30215.575022285484
2576994,63587.63888282139
2577304,26314.381050235337
2577332,29453.433340223175
2577365,26522.69923541464
2577560,28771.18299018142
2577564,30776.257427738383
2577868,31684.42447449985
2577941,84798.18360979804
2578262,30477.388719816965
2578276,28154.660006355476
2578364,31886.77273213336
2578998,18693.461498532455
2579557,30425.58365967239
2579567,30047.062846286422
2580616,48417.735471318665
2581175,123599.27174794166
2581473,57102.518268856904
2581898,25872.229757789963
2582440,60474.9991377147
2583958,77364.70651985418
2584029,62118.683974162785
2584168,78001.92695096777
2585231,29866.41285512587
2585320,39215.58892787187
2585325,49239.8887069631
2585389,53342.46949616352
2585558,53392.060663611555
2586042,83595.62662612206
2586410,51381.98841685084
2586422,96679.33607869376
2586643,38098.88316831898
2586898,96498.85427364103
2587802,15477.134774875276
2588732,83141.92248567056
2588805,86089.22533316712
2589778,96776.86946162277
2590216,26810.187051724195
2590229,23564.0251855702
2590318,25632.487791048417
2590453,29676.625154677367
2590594,30622.276185913277
2590849,26720.485682003597
2591245,31967.627851244273
2591277,28729.0757428747
2591293,34388.36370556319
2591517,34743.631187895684
2592357,16273.106526815638
2593403,62225.809373608354
2593426,63604.48608655316
2593476,73904.1812304884
2594759,38122.49634523065
2595497,35310.715645038676
2596699,31928.565653910504
2596740,28780.557511098603
2596779,33945.47929178921
2596914,33011.63008706807
2596930,29926.08831954338
2601741,62326.20585165568
2602432,22386.240997810994
2603324,15824.880214156889
2603328,17706.648241290135
2605479,19062.075048102448
2606821,61201.316259342624
2607005,60786.63671324028
2607049,34965.94692660691
2607063,38135.05019252589
2609391,42877.18972156132
2609392,39786.59607322738
2609405,40367.68666411205
2609491,43347.83801727664
2609511,50442.80315064901
2609581,42972.58172142457
2610020,24136.843145731676
2610349,88214.35338901017
2610354,70551.56813576531
2610364,77251.93923588183
2610400,54285.64163919083
2614749,30943.104714625344
2614796,36692.76430889859
2615013,62079.30179451423
2615282,74487.09374411698
2615328,73778.49363145418
2615347,79872.90314143222
2616102,37343.63794244737
2618230,41735.377802045005
2618254,27217.037908344915
2618258,21896.170810636064
2618449,19735.886902581027
2618494,19283.043082303135
2618531,18599.15309170021
2618559,21597.590041011885
2618611,27566.8878173942
2618711,33745.556120817535
2619185,26863.33339853365
2621231,10984.441170974496
2621238,10751.435925378295
2621243,11304.50200933154
2621355,9329.155817272764
2621360,11008.886298423886
2621406,10870.33614304056
2621916,13542.180494505761
2621986,29734.652353271467
2621987,30034.0818519788
2622023,10956.704884836601
2622091,57322.97789023992
2622189,10742.45328769652
2622607,41382.721160943685
2622807,36527.134533100696
2623067,65621.44211183266
2623555,34001.210665795785
2625283,11136.46754368601
2625790,38489.05769946679
2626196,16206.896785703038
2626548,48635.80929121919
2626618,57944.39415525993
2626619,12413.754750352187
2626675,13387.69811413513
2626944,19080.940220514483
2626957,23961.04049237683
2627213,24300.94476201375
2627378,53202.13813778927
2627563,29801.756017396172
2627792,63596.65075313513
2627857,61343.487891174766
2627920,75318.50791042665
2627932,63826.79509041834
2627975,26050.8456755465
2628195,64532.71893746738
2628585,39693.75389572948
2628637,50106.18080618647
2628662,54983.7586646301
2629812,25159.35045557337
2630351,18037.73197374598
2630403,18005.85734276562
2630639,12443.788188121345
2631357,43136.06581600444
2631421,35251.297185413874
2631434,28315.613922504115
2631711,26389.88095913483
2632170,12144.138954766786
2632681,16794.55910094409
2632706,15139.111758233308
2632762,12904.499526860893
2633664,39934.51576088826
2633706,48527.09501366648
2634216,24710.8563720879
2634222,21600.162108108012
2634254,19279.781113543802
2634280,38089.98086430098
2634304,30564.75540804708
2634383,39386.61881429854
2634391,59285.30507964535
2634443,57497.83938966569
2634456,74969.81490210672
2634617,50008.832078034815
2634815,26542.614702490704
2634880,40694.37679754802
2634975,53934.11999060965
2635003,68905.9023842443
2635043,81669.96679723554
2635085,77869.8486892554
2635495,52803.973026189655
2635611,110654.17057520719
2635619,100969.05709886251
2636070,32481.906414040706
2636080,28037.30966092344
2636148,53675.53416705172
2636189,59002.3044341641
2636191,49777.39311739898
2636233,28812.61750250794
2636270,33593.196738866485
2636280,34119.03275189615
2636386,104363.50754268812
2636387,98975.02219951792
2637003,31211.593185791655
2637173,47391.57386806399
2637180,40019.5871398104
2637206,37051.42803636825
2637403,38586.50406515962
2637802,39749.65878057304
2637938,45993.81280993659
2638019,48537.02868242117
2638414,57583.387499504446
2639144,47989.67451420587
2639272,67908.69252692004
2639866,18970.860069749127
2640300,31391.392794750533
2640896,17217.388972404122
2641055,29329.08702817494
2641302,92197.26176708785
2641382,16494.39158165279
2641411,16494.39158165279
2641743,20207.712989846066
2643934,8596.785404819746
2643952,10967.965225098878
2643955,11571.1691561952
2644147,13798.828970988458
2644348,15941.246519894154
2644381,16394.41819966245
2644443,14680.201632481458
2644499,16902.31824874192
2644535,15961.219398544183
2644594,14688.018280495016
2644640,18854.63907700385
2644789,22031.428834075185
2644822,24550.962366071868
2644859,22647.583623978026
2644889,22231.571678685843
2644915,25042.312207177776
2644937,22227.811156267002
2644941,22068.89984234476
2644945,22096.884775002014
2644955,21869.31776908215
2644980,20742.886947236577
2645016,24538.702540619393
2645136,23270.18847849341
2645262,23643.170955637812
2645429,25978.04947030813
2645557,24649.4842946672
2645564,25773.693561797045
2645680,24350.867355343362
2645753,24261.834590675928
2645879,24544.001228301382
2645938,25529.79612985085
2646096,26828.723388262453
2646169,24942.446082262337
2646341,17325.705045193514
2646388,18981.104220422272
2646445,18533.452598257765
2646459,18265.286842996786
2646517,23655.91514928384
2646570,26631.307777061444
2646621,24373.150120479182
2646760,25563.00609215675
2646860,24806.338328435468
2648367,9764.508109377775
2648442,12225.136380493768
2648497,16657.115328480853
2648524,14917.182143727643
2648612,21416.761695759757
2648757,25312.336228456872
2648829,29110.53039760503
2649227,18906.995127640443
2649471,30698.69746956913
2649494,26771.77799727396
2649536,27437.933829230213
2649545,28997.1146241402
2649565,33239.46123318345
2649593,32448.8334065822
2649667,34299.61874651739
2649767,34214.00312458789
2650024,18442.926768416844
2650096,22839.03021329378
2650503,16739.898357551734
2650538,16453.71378941502
2650686,32932.121428053346
2650874,36562.38447488298
2651041,45760.689826319634
2651058,44187.308544627864
2651194,46343.498797728884
2651559,41011.05046407513
2651568,36928.66578978379
2651570,42921.85513209317
2651571,37612.2363837081
2651599,45481.34432917677
2651603,47640.72522123457
2651639,48968.41245951028
2651686,50199.92681519354
2651703,62229.16802120875
2651763,49155.00507646446
2651812,82168.61337246286
2652168,15506.990325148685
2652242,24169.16673909709
2652253,26915.54052712049
2652291,28297.066746689212
2652328,44956.3668130701
2652356,55199.713902279065
2652379,72723.30956210796
2652765,49807.18068087164
2652802,79776.30789817865
2653510,43610.65697100065
2655061,15383.956625494435
2656031,22753.032771750542
2656041,22616.686910317156
2660204,14314.582216195395
2660541,18748.764105130318
2661454,10912.20614587574
2662550,12934.363783614734
2662562,12824.455631593364
2668924,14630.85621119681
2668993,18415.17476220786
2669191,25734.378860578003
2669429,19860.456915092727
2669432,20228.785222578772
2669682,36627.34831285863
2669703,17109.18650214208
2670065,52114.039480139574
2670290,26350.218504214237
2670411,41850.28012285028
2671520,30759.868064703205
2671523,26452.531960807886
2671650,57163.09112389252
2672098,60912.44488856852
2675921,23884.435358569488
2680265,16407.847739380242
2681723,29836.75628219809
2683722,62072.00295318446
2684323,16302.5996379971
2685711,49314.80838359396
2685855,21828.580102070835
2685905,15820.892820042269
2685914,11984.709779614725
2686177,29613.26273787469
2686178,23359.51062260051
2686314,43989.426405464634
2686416,29734.625790682607
2686546,21495.21035089547
2686628,35743.63372459738
2686631,30655.63740130272
2686653,51470.54010293061
2686781,83808.69016719626
2687122,37988.73853065931
2687464,34076.16763894091
2687624,22644.202378754264
2688314,48946.806556072515
2688379,48946.806556072515
2688398,13405.213776681127
2688532,57171.079915327326
2689161,18047.157891316307
2689261,19398.02724000916
2689849,69883.87845375978
2689935,24766.562216289803
2690396,15893.335021445124
2690415,18476.810663989516
2691023,28006.7694029442
2691082,32379.711642122715
2691438,34965.81052596156
2691521,28940.769428616557
2691591,30543.898846084867
2691671,12158.926655705422
2691954,17480.995051956863
2692316,32633.732927989367
2692575,33847.01029503657
2692881,51472.94686906691
2692932,76497.46730955695
2694983,70407.91159566618
2695272,17611.559631050524
2695326,23988.04454825825
2695565,25495.48644402577
2695619,27716.96881359022
2695717,32213.327769724066
2695724,71340.57343839834
2695725,72358.95773333257
2695798,21015.42279163141
2696581,33159.79738310958
2696961,41321.937881156526
2697098,70152.02862366354
2697134,51821.75858373706
2697150,57365.61402894332
2697284,90933.91126222644
2697397,56419.66316422538
2697399,79731.83673657515
2697597,40438.090233037336
2697669,11196.936808377124
2697843,18213.63516373454
2698518,16478.7365740211
2698609,24301.129354710698
2698756,19074.129917060854
2698768,17137.32994578975
2698888,28916.33463964372
2698974,33019.68499327382
2699026,45876.4592308937
2699029,42993.78464791735
2699061,32568.938225921316
2699119,59469.206835746496
2699132,61368.70556593378
2699254,33673.459084651266
2699517,20648.50891252205
2699581,18869.96221891773
2699600,18337.85238015919
2699616,18433.000135858223
2699703,35862.27973098533
2699811,22411.498169146773
2699815,30788.894454190835
2700015,14820.380955229282
2700017,32671.896962453706
2700122,32440.22974309265
2700130,14582.464762926997
2700202,43998.18825122927
2700317,25028.86256227974
2700525,35646.940692537144
2700646,22677.656314172822
2700692,46326.55001155843
2700711,46271.09729368894
2700928,67675.68847540287
2701120,50945.985463636964
2701542,18938.004527013134
2701582,35611.74504073096
2701811,34085.16141291977
2701859,35593.581791962526
2701882,49314.09361796038
2701929,49314.09361796038
2702010,68676.10204758393
2702082,75835.28530628672
2703856,20178.00569732383
2704637,68294.09651791444
2704647,49203.5598070487
2704659,16304.296698956245
2704837,56064.69772765316
2704846,96076.99577109782
2704896,62664.99041999
2705236,61783.062201000655
2705278,60419.6391843905
2705359,89250.90776706417
2705392,65709.45304551598
2705617,77170.39077904391
2705823,17792.61365644162
2705848,39647.52391073271
2705895,64183.18394994235
2705906,53194.02947964236
2705972,50759.05603253453
2705982,71319.51482622202
2706021,41304.939915932344
2706025,46900.240760877576
2706103,84071.45007128085
2706141,21974.412691362817
2706151,21624.22542046426
2706169,27691.584681660843
2707792,49449.36828642004
2707807,39437.623187934834
2708505,10956.644328957134
2712632,12664.329939963385
2715748,8308.345576746131
2715792,8545.886035967742
2726605,27063.527270412244
2727329,16722.715231455375
2727404,19569.864167059615
2731137,18135.221674819884
2731177,18784.753867685307
2731223,21894.89623335895
2731558,45022.57711902412
2731559,43405.915357127
2735677,15209.257468669386
2737576,55302.453360580635
2737599,39244.419019634115
2741497,38873.72675634618
2741719,22150.383094642326
2742250,30887.145931595027
2744195,20524.526868184515
2744210,19798.437800780437
2744289,19042.01213119062
2744295,19276.53699496839
2744300,19235.833524345857
2744318,23116.73939462335
2744322,21954.166226720565
2744516,27564.74850246707
2746324,59970.57656166731
2746404,78394.64628555495
2747932,34303.08418142145
2749756,16928.60269395924
2749888,32289.235766982503
2750709,75992.79215767705
2752643,34133.72965518883
2752981,67190.28796490085
2753035,64800.99667731285
2753069,65522.49130357103
2753315,79371.7766563794
2753334,68630.80742668636
2753548,66519.91888453825
2753572,56619.29526807941
2753645,66561.40265466577
2753694,19747.600035317937
2754027,31987.948430591
2754071,28703.791185347178
2754110,57506.82373618285
2754154,22625.23052215207
2754285,53289.36547138112
2754309,58465.35831315766
2754448,56350.32539376892
2754710,20326.533123639292
2755885,75028.35345047926
2770532,21770.61726480167
2781799,10836.402614341585
2781835,11863.984302333041
2782276,19310.592458149345
2784021,14557.407303629321
2793022,10603.85952752191
2793023,10422.20493253987
2793131,10924.097590283242
4245001,23749.8362764072
4245087,9395.647362316715
4245174,13073.582188771356
4245731,27122.9506822405
4245997,33490.32201615931
4246262,16211.844196604095
4246263,20035.046339642537
4246275,19960.853631766713
4246293,18901.46913098093
4246296,20023.728121720287
4246312,24291.2787937089
4246443,32138.036618642822
4246459,33881.32827796429
4246468,43054.614490172105
4246490,43891.59108988601
4246499,51345.58130888391
4246559,48232.44615548329
4246569,36453.51320890744
4246627,45674.421001531075
4246661,63845.49686107997
4246693,61626.733224887554
4246712,73900.25177999955
4246719,52449.46108858951
4246723,54639.311238667644
4246740,58354.71035116799
4246752,71790.59279802445
4246836,16883.204402923693
4247042,12148.854491914015
4247055,14477.649680179507
4247205,43737.88449145
4247233,59560.960846529655
4247245,70542.41465155093
4247428,14868.511058190285
4248684,10709.329616061103
4248716,23668.13054147439
4248739,24393.44006234865
4249010,43699.27259306911
4249144,54477.07732645249
4249190,68275.94876983413
4249201,70582.69900813936
4249205,52603.38675969725
4249221,26740.162434145306
4249271,41673.241189397886
4249361,14003.732648851148
4249449,12922.757480703318
4249728,13733.595834832377
4249847,15981.557631126065
4250046,23704.362676914323
4250234,9900.64412736123
4250277,18789.693324121155
4250341,18169.46914472694
4250342,17961.871666295814
4250345,18770.885188685137
4250514,16790.909925192846
4250557,21946.86006190546
4250567,16599.276385838395
4250582,17942.90795510617
4250642,10210.204571546172
4250667,9962.934527641783
4250681,9434.812797222636
4250686,9487.300565968735
4250704,8880.23873968
4250713,10152.278205661863
4250726,11523.267877738834
4250731,10829.227208092538
4250814,9227.301500479109
4251017,25319.62511630607
4251332,13075.690596520612
4251346,11842.141737954966
4251354,12930.998777947825
4251357,12736.50833525747
4251361,12654.897828843817
4251371,11836.989654824025
4251372,13715.13756766357
4251382,13116.982087917304
4251387,12219.34602039986
4251390,12475.218002131429
4251410,14202.399434093957
4251439,15048.662463079254
4251464,14363.659706764824
4251482,16054.748958590239
4251490,15115.042142899934
4251496,15205.065858133836
4251503,14448.633449434703
4251509,15421.790374184535
4251525,17253.83460676016
4251534,16347.792227749473
4251619,17767.404040815196
4251670,12928.57732150252
4251677,14831.759614176131
4251793,23691.297112705546
4251986,14394.576262401291
4252029,24781.573925389435
4252141,26815.15478087464
4252154,28306.499074150208
4252275,27819.75494373585
4252319,26606.143916005058
4252366,26925.91726571025
4252510,29378.007128376412
4252513,28959.17465681593
4252521,30922.05084365504
4252522,29379.380742782734
4252571,30557.95342576378
4252573,31763.666721518603
4252583,32519.4251760744
4252586,29253.585320327937
4252726,15600.2264533286
4252808,29758.163323064662
4252834,29196.85423261101
4252909,29628.41468858595
4252931,45107.38371391822
4253204,32542.11224203652
4253407,18362.256406008928
4253408,18305.168400351544
4253878,14066.66245358947
4254263,23810.9453739093
4254264,21473.228637746222
4254366,18327.510248811184
4254368,17588.915032377823
4254520,15215.254787399776
4254729,10603.310771209139
4256009,18816.490297563152
4256209,63862.80105321197
4256211,75846.26081943678
4256247,12490.356587277225
4256536,13861.398678979429
4256644,59740.2591683637
4256662,73140.10028047439
4256688,28798.296048439297
4256712,18343.930176695332
4256837,21607.762816651677
4256846,21002.757600137575
4257016,20556.00939612785
4257017,21303.12611411562
4257032,33802.202462441244
4257063,48241.940743103616
4257066,42337.36659983828
4257068,50380.6407621077
4257131,25870.76940265452
4257608,48916.353101069544
4257617,44645.77578719103
4258314,22497.70193548156
4258667,31072.814443231528
4258775,75121.45067007006
4258817,32535.04235635554
4258855,49882.4396214826
4259098,39632.47707696717
4259160,43471.41253265812
4259174,46660.97071571459
4259188,41910.022512906005
4259211,44938.60613982179
4259224,46048.47132498992
4259329,44052.70362121807
4259338,53140.7644517194
4259485,71325.31500205869
4259487,82081.05966799607
4259524,85496.90645553272
4259526,71018.5151412001
4259591,22184.251543849397
4259760,20949.54476354766
4259766,21780.234508713336
4259912,11673.19625212709
4260227,15484.963319070072
4260362,85640.34100738108
4260402,86232.84868655574
4260595,104818.41819877777
4260628,110069.98217922331
4260646,130228.05051713648
4260662,28667.716271926573
4261095,19292.510237482566
4261158,26051.453410912145
4261211,10882.901361261198
4261221,13073.84406853067
4261267,26421.097565888682
4261610,29288.68279479541
4261967,38364.73618698378
4262094,22807.52345439676
4262146,62406.379880794215
4262288,66877.44891571128
4262289,68707.61829066368
4262314,62144.134044543825
4263200,45809.42055216602
4263201,48006.36224314329
4263232,41620.636863507796
4263386,43825.53754642858
4263403,45579.03758713011
4263433,41783.548991100324
4263585,8857.461575621252
4263612,36137.18727532198
4263626,36528.23186318012
4263666,38060.473277737685
4263692,36806.06296786905
4263708,61005.29985619306
4264864,43266.06999904032
4264896,10003.240766466943
4264941,12542.476773265893
4264943,10813.920641231725
4264958,12233.135686236776
4264994,48007.213914057786
4265031,35997.415724677376
4265089,46921.61171280869
4265270,13356.265059360627
4265292,15538.03852482826
4265367,45180.120475751304
4265411,33405.21037404539
4265652,15990.611664511647
4265653,17987.863273033356
4265740,83598.1046162263
4265768,44996.295273429714
4266027,31272.204044996353
4266045,36571.720401240185
4266047,39689.065443827836
4266242,41495.590408490316
4266249,53381.26300971632
4266295,59618.74218541805
4266304,55070.20008121386
4266316,56136.43724094349
4266329,47916.77922608377
4266334,53875.70400806276
4266459,21655.247854089987
4266469,20693.626104002546
4266470,17686.19125256145
4266522,25333.114330323264
4266562,20496.1748255409
4266584,28643.08895644803
4266732,112858.23765998342
4266744,86061.88228547247
4266881,44813.176873307275
4266910,46956.51819819821
4267042,16763.035649648347
4267170,18455.71870615542
4267264,20862.414678424295
4267265,19976.40003375099
4267363,21390.134854290645
4267397,24856.569807046013
4267451,19692.500634827888
4267566,24745.910417415093
4267567,20983.340870204604
4267615,29593.538987163018
4267642,10121.224957780118
4267658,10210.713738121822
4267687,12175.24935947881
4267740,39370.41808925852
4267832,49717.46484173255
4268010,22145.565146518926
4268042,18750.523449326905
4268235,49598.79868111661
4268259,68227.64521411191
4268279,17421.540214936518
4268319,20533.86780613541
4268372,23085.87891882258
4268375,19180.72195799389
4268380,38765.955378484716
4268555,29188.51565269529
4268685,58663.75723202858
4268961,17861.311349383075
4269215,51244.32528878514
4269244,58324.757063505414
4269356,60242.462586970665
4269513,67562.90759006407
4269799,11465.435788796081
4269856,34850.186772011635
4269958,49060.762148952585
4269985,37255.24533035103
4269987,47170.59174918748
4270636,57080.57371877845
4270642,51100.45202877248
4270742,31737.95277251799
4270839,39223.09867643193
4270868,16022.961975334068
4270960,21046.215405366587
4270962,21610.09141644412
4271135,39368.695780666385
4271186,36588.223472212274
4271243,38147.08353291742
4271247,34868.642030542025
4271364,54192.28821643753
4271404,70004.4732271158
4271409,47085.238179518274
4271410,59286.254235040025
4271766,26704.611069389906
4271803,35830.39968311258
4271866,32664.692961085344
4271876,39926.00811471591
4271914,43644.25939564846
4271920,36243.090448500174
4271979,12056.474978357865
4272536,30764.93390441053
4272781,38780.50711266781
4272813,36263.55754041865
4272869,40828.192429496135
4272899,44945.19866956465
4273105,41115.64390615863
4273124,41020.59516893126
4273140,47026.80656631283
4273218,47391.438949037714
4273253,54161.68271288096
4273287,45887.48654042765
4273348,54639.957862176605
4273399,59255.46710377668
4273419,55826.07109114886
4273420,61040.379072345124
4273431,65383.478802109574
4273676,20326.980487984973
4273683,20263.804612426946
4273699,22837.828239501607
4273713,27847.31645554878
4273732,30322.18953458241
4273738,36312.85660897985
4273780,33432.82055298139
4273945,29743.65619925768
4274010,15598.839843066999
4274232,14069.999160313608
4274309,36127.84058658438
4274351,13459.184005993598
4274574,42732.079198913314
4274588,44746.99640751035
4274773,22432.528079578835
4274779,20338.73090605683
4274815,30333.1947383757
4274890,40927.012585094584
4275013,15622.127385590733
4275046,18635.94846285302
4275089,23194.244044172196
4275158,38973.20571943233
4275163,93929.8596696082
4275400,19541.003974849045
4275750,50768.28685005096
4275773,53704.70270875745
4275792,49995.06064414251
4275797,50197.457522281904
4276005,63569.03247546831
4276025,70637.49803658944
4276033,74406.75917444259
4276047,62695.925552793415
4276059,68429.5126699613
4276060,78552.99059883627
4276125,15892.968792708512
4276183,30225.49273913809
4276184,30617.493185572213
4276185,28739.116463822662
4276186,28527.763617805485
4276211,9480.866285666183
4276346,16052.82881069815
4276372,20717.158388214
4276391,19162.787748984414
4276473,13178.251114196843
4276496,24430.47587491792
4276807,34248.21974728649
4277192,59144.64983472866
4277234,28930.83317900543
4277242,26649.38265154163
4277282,15761.228118945697
4277288,20639.55888761228
4277328,21989.73734989957
4277341,23058.976419346647
4277342,22375.7417845208
4277574,24594.533628620637
4277733,28692.49877522851
4277743,30589.534376383082
4277745,34839.68396743748
4277768,31948.977837234685
4277777,34004.671377600134
4277791,31692.724316042
4277968,21406.021028487692
4278180,15322.766428640534
4278279,127167.44105422468
4278358,17930.04968021028
4278927,17739.21273980729
4279511,23955.402394881
4279543,32606.173931262412
4279599,26890.20551072538
4279713,16026.563139720063
4279714,11208.082116543563
4279721,9155.596122251356
4279737,9875.608195804827
4279781,11756.749662976428
4279791,11631.275780316973
4279853,31820.530880991042
4279854,32393.77095747771
4279856,31378.76534130092
4279970,61192.82285594182
4280092,32604.980352470808
4280206,44237.24557349302
4280209,46718.091522640265
4280213,44394.2657536918
4280485,28554.879051434687
4280522,27449.500364233503
4280899,33295.187526689064
4281066,22453.097171291458
4281079,24072.008032595233
4281160,25466.357205450466
4281218,25329.594445212668
4281227,26201.149155241117
4281245,25923.366788840976
4281281,32431.007322011268
4281317,49410.606390603956
4281497,14282.80749966827
4281498,14500.152331000556
4281534,13294.044649446472
4281790,40810.62081372427
4281791,46390.64596043195
4281875,21435.5822412235
4282038,68125.71856925686
4282080,14317.340633526503
4282137,15667.311305397367
4282150,14793.194528286871
4282249,13179.182743075833
4282680,33574.02076331299
4282685,37412.56416891155
4282730,30422.836960309873
4283065,62668.906064104245
4283612,86649.88529269901
4283671,9003.373436268934
4283706,8806.95655316155
4283862,61929.75291481759
4283889,59301.95115957978
4283921,57315.62471551052
4284145,53333.888834461824
4284150,61295.10639485438
4284240,35492.01130348322
4284320,40065.46485688731
4284501,96334.9673821729
4284645,29032.89862386829
4284671,35077.86938875197
4284787,46839.67724967357
4284834,21058.759051028337
4284925,46718.23129234452
4285028,31463.563012756025
4285029,29897.520666227978
4285078,33453.38315114668
4285085,29907.492288409845
4285090,19657.246819273714
4285411,57852.12569169005
4285443,74049.80030860264
4285445,61943.67546255113
4285448,22727.71162657145
4285890,63989.21091430074
4285904,72459.54026185413
4286012,92207.89101322941
4286417,47004.8540806428
4286797,49236.10947934761
4286868,86346.5057728483
4287066,77887.26417682803
4287116,82738.62936097199
4287168,80998.99866626358
4287259,107104.10752063678
4287356,11125.976280738478
4287887,73288.29293698781
4287917,62959.567198574776
4287964,68013.86341697283
4288024,76342.68828124649
4288025,90861.51809155835
4288026,76703.27113670712
4288047,88912.54517239783
4288064,80948.35685051841
4288101,86106.79977426614
4288110,76879.8376832216
4288453,77481.87026350269
4288455,78239.21745263001
4288550,75109.30225880763
4288636,70985.89636332467
4288637,80188.19114922761
4288674,91914.67554557763
4288712,74988.85030996669
4288802,96566.88258062182
4288836,105864.90828439414
4288870,88109.20324301146
4289031,55160.197603497225
4289058,60065.844637673756
4289085,49209.58995399471
4289089,54871.93080629918
4289099,61651.611415674626
4289123,70365.27178984197
4289178,14687.279623975408
4289198,13431.673625948468
4289238,83067.29671264856
4289289,85994.27618293963
4290007,85477.90008212744
4290056,82147.71723118144
4291376,23442.23639360661
4291377,27045.602294915803
4291431,25660.761658241587
4291450,21691.464299468662
4292045,25715.99445890029
4292259,10193.64345289756
4292283,62028.86687871658
4292361,79258.83684925157
4292396,73557.94731164689
4292397,88763.19979989357
4292418,74409.28496203863
4292422,79448.79952901986
4292759,68555.30811168971
4292994,28850.504575013478
4293075,32394.76804285165
4293109,34235.16185950309
4293215,30143.080631557194
4293502,34106.828169686865
4293514,36467.740439807116
4293609,75770.76574667737
4293625,78343.78353469964
4293828,19553.99747034733
4293833,20523.397455837217
4293959,32759.117472941445
4293971,33791.72545964497
4293998,34248.0888063428
4294238,27202.26111589937
4294297,63969.953831666964
4294348,87514.62946203769
4294390,40923.73937174361
4294468,57099.92690291381
4294487,64336.9921620375
4294670,121207.27375149135
4294757,89018.16025088007
4295076,40212.25245312828
4295083,47959.296186331965
4295160,45966.60361367346
4295205,62165.546826847894
4295213,60783.3365770244
4295230,62952.711458707185
4295233,57989.41218145052
4295246,49631.90357108113
4295254,56878.84928239449
4295871,65812.1006738035
4295895,79456.54009731249
4296476,37216.91033099428
4296504,60942.055969560104
4296509,12325.373250111721
4296515,10753.580562308036
4296517,11872.49532161548
4296568,43924.075239382
4296619,38818.68485923288
4296631,67914.07621923323
4296744,19780.190836804355
4296789,103236.2198185489
4296816,94752.6378290813
4296996,65260.20966358143
4297006,63589.5551667835
4297117,60475.41342576146
4297176,74612.23096398053
4297205,74555.74444561255
4297262,83232.73937427402
4297308,89392.01609891624
4297324,86342.68051216516
4297343,84631.34215569375
4297345,82115.00082163438
4297361,79841.31494296425
4297407,85428.48432005438
4297411,91953.16332523692
4297473,85922.59734290306
4297492,101725.5215936542
4297540,13487.05067698815
4297570,14768.784165837496
4297572,13948.455931820758
4297592,14898.295553729562
4297602,16028.647644799823
4297615,15063.500852625291
4297616,14939.969230457391
4297627,14536.662287911984
4297730,16152.553266475228
4297903,90172.27512553286
4297907,91802.25134714374
4297910,75979.6640456607
4298223,29545.674522747227
4298344,22988.845077586575
4298493,29845.24637869677
4298594,29343.84294323829
4298604,26794.7773370507
4298796,28655.345271949645
4298951,29687.520228424673
4298993,34951.51291377022
4299010,33978.08140322993
4299127,36145.74632717403
4299408,18587.364093847198
4299439,60605.05917139313
4299702,52007.31053026985
4299707,58768.97876910515
4299731,68688.01941729066
4299737,67556.38596668185
4299908,14078.468216595053
4300159,26063.827825398053
4300179,35381.45022968089
4300189,29697.462398746888
4300193,30905.569824724615
4300257,35382.195603032415
4300261,41429.49414333497
4300298,33627.094291108726
4300342,81581.66299456419
4300535,11542.566962650133
4300559,81689.72178211158
4300624,88224.65223566997
4300717,27660.805977319298
4300790,37348.12406791498
4300794,33894.16269198899
4300798,37336.06537746423
4301167,31752.565095319052
4301207,51695.003034748006
4301236,85345.02385556231
4301282,95587.86640942917
4301323,23792.98596272632
4301801,33208.20202056053
4301950,63446.62584536685
4301969,72449.13290506788
4302217,59857.35638143303
4302219,64054.45880729605
4302251,59232.54859388398
4302533,61561.56246337025
4303195,17188.250738582552
4303230,19666.06072842647
4303414,57663.63727191621
4303460,60905.843809236096
4303487,59182.659184943266
4303554,69489.2384159445
4303588,68614.4201450492
4303609,77811.31687349163
4303683,85924.60276922297
4303745,90701.86308144592
4303750,88903.57832185461
4303751,68866.94595595519
4303758,85848.73307211744
4303779,65998.8361549383
4304125,33777.71214405289
4304367,12694.064148580606
4304388,91042.65770233901
4304526,98108.69287167749
4304568,101078.60148031142
4304901,56799.71427307623
4304910,39033.4603407446
4305085,50938.66946900946
4305128,63107.41387388609
4305137,70658.06976885749
4305141,77464.4495257897
4305188,74622.58373944448
4305323,17413.682509968112
4305444,18838.60362085634
4305521,36067.46358394613
4306824,62133.46113974935
4306832,70198.78979602469
4306834,85028.32864265789
4306837,77657.61365988982
4306868,47211.56036127476
4306961,79328.64082523098
4306962,88880.61000644596
4307020,41611.400188509586
4307037,34569.826547573975
4307120,37012.30306444566
4307127,49224.21173592676
4307148,38889.493222342986
4307158,46280.37419117157
4307260,93588.37139086491
4307396,35540.98046678117
4307416,78322.60372575406
4307418,77272.68274712232
4307794,18339.75817611109
4308033,16872.46356215898
4308075,24641.63236190317
4308327,56693.99719561542
4308414,18262.837439031977
4308726,22301.836491304606
4309128,10547.270787483496
4309206,15443.90566015299
4309294,53991.36041156786
4309311,11043.736843097813
4309316,11466.576521488782
4309340,15555.712879223824
4309428,9190.300359380893
4309616,66104.78363760022
4309867,23259.767710917444
4309990,9006.403034330506
4310093,11575.521049566347
4310225,17425.285066590288
4310251,11175.071402117876
4310390,13488.381603725216
4310401,16695.052615249857
4310657,10468.349435141745
4310675,10540.419167175089
4310679,11428.61035527275
4310732,26213.69852516597
4310741,14891.5850342619
4310759,29668.204166939944
4311110,12556.356004705927
4311116,12690.216556925237
4311140,27333.414579967095
4311154,14628.200925371386
4311384,57228.344805987945
4311385,57025.401713625215
4311468,17176.0163463187
4311476,16153.689730602275
4311646,29423.630798872473
4311678,39144.75757208945
4311698,34345.614601458896
4311738,80814.0000601266
4311843,65055.747608910126
4311878,87578.91328010347
4311985,16849.546245036938
4312060,25785.24907195578
4312239,70637.798646652
4312240,65011.45328169299
4312314,86295.31435657937
4312349,13462.174612027347
4312373,19613.754075945813
4312399,19432.063659211264
4312446,25940.4455952884
4312456,32987.544082263244
4312489,27313.29610103909
4312513,33900.20034657436
4312538,34017.60577885143
4312545,40704.72846983655
4312587,54585.846891852336
4312602,44279.49512666684
4312635,69880.09686921802
4312682,80123.21212105095
4312718,91247.45179603586
4312733,71286.52424229615
4312886,24683.942301709307
4312953,26398.048865705034
4312996,10895.538996574596
4313022,16503.70144522771
4313097,19371.76832011371
4313158,43471.96115366296
4313178,81418.41347361964
4313361,32434.261722167954
4313498,33384.83078797276
4313793,40872.446052117404
4313816,15024.788705486715
4313902,29428.77380732029
4313906,32851.9668175859
4313938,29384.479479184716
4314033,21452.31140581722
4314154,9728.815199433006
4314185,18535.53248343816
4314190,16453.891044424683
4314232,26688.936223494096
4314267,30037.619654650072
4314337,37263.34990557207
4314339,9653.23034427851
4314407,14568.634165275644
4314436,19719.35392309614
4314442,19236.24200344662
4314485,31752.907738062568
4314493,44157.152723742896
4314498,30017.95014471149
4314539,39653.373594864206
4314549,42059.910079320805
4314646,23977.61673815974
4314662,32727.567664480397
4314667,27136.748670428187
4314819,57477.10157210438
4314848,42622.444893459186
4314873,53517.265294809135
4314884,53996.175314791515
4314891,53515.12654412055
4314923,54866.043226406175
4314955,45467.636992868094
4314989,44399.7663142368
4315002,46119.35890620175
4315017,51625.00062767552
4315091,49686.98966052241
4315136,56157.66508810336
4315288,94247.51807424726
4315507,77591.15544991539
4315701,94329.57602412437
4315708,92096.00168795843
4315772,48052.75007784167
4315813,60408.74230122735
4315827,54335.09107687265
4315873,45907.19376846689
4315885,65138.21822572898
4315887,59356.57198840361
4315943,63924.55195550107
4315987,93769.7545052576
4316191,68110.0096049291
4316240,79778.42139244515
4316272,87274.56725983901
4316332,88485.13957110769
4316342,13081.225520220876
4316497,19880.45197902488
4316502,19163.900572767274
4316511,15450.451781642108
4316545,18317.33917956335
4316609,21900.174620773363
4316611,19394.805244318817
4316697,23043.182267349777
4316702,20631.45607183623
4316761,35481.50618043209
4316765,41783.72593797752
4317378,15994.169600442934
4317380,15800.452474261956
4317381,16596.417365415597
4317393,13676.993162854797
4317395,12979.835701199925
4317401,14770.723185813458
4317410,17746.658994965503
4317666,25865.431317451028
4317668,23092.719743006364
4317675,24398.940328802088
4318710,9606.722734233257
4318777,12419.756315906874
4318811,9885.689207420344
4318824,9435.62996994051
4318833,10296.211520740757
4318842,9570.186225572168
4318854,9833.410246963347
4318862,10653.839483528138
4318873,11957.192155962468
4318891,10483.75876030753
4318928,12022.0707573398
4318929,12349.040090452942
4318955,13915.552141077602
4318957,13067.022920444948
4318963,13471.575246928085
4318964,12671.832624405515
4318970,14338.099090779428
4318978,13018.898592296522
4318982,11838.718975856662
4318984,13212.970203672294
4318995,11833.578999601548
4318999,12435.747365982368
4319002,13233.334630863694
4319016,13083.069889650771
4319024,12368.360619035779
4319046,13467.214757278649
4319051,13187.200499602248
4319065,13360.02880784619
4319076,12816.737083432992
4319091,13034.013499654184
4319121,13339.1282980224
4319122,15271.818755850012
4319158,15305.086937845783
4319169,15372.865980208577
4319179,15213.163338907003
4319186,14067.50163895414
4319195,15904.899401377506
4319224,14179.86548921891
4319248,15338.932033735528
4319262,14727.59826441286
4319270,13162.59056127722
4319290,15073.088283557863
4319300,18756.422401843047
4319314,17081.39325036735
4319339,16972.620006879784
4319340,17127.34886779137
4319347,15454.609159154843
4319356,15163.708788756421
4319395,18012.50098996922
4319440,23380.14806850489
4319448,20907.1401430114
4319496,9634.99795768715
4319528,12717.04051245799
4319561,12099.447968489787
4319639,13128.114499989317
4319729,14610.487259765365
4319876,13699.764700501752
4319907,15642.855430377334
4320026,15630.062994055499
4320042,16631.137307870773
4320069,18763.819988984676
4320077,19659.4538791197
4320091,18258.84226551185
4320257,23472.085416000835
4320260,23992.303357210458
4320269,26189.55003920695
4320642,26743.081273433254
4320653,26819.15325279131
4320654,25429.272173657322
4320917,27542.390116786253
4320950,26615.329878360328
4320966,28885.92662108213
4320979,26203.611754247475
4320986,26249.88431226173
4321020,20906.939679612577
4321047,25477.900003816852
4321095,27622.674723268443
4321110,26429.63228131747
4321113,27173.864906678646
4321127,28757.491320698417
4321162,26188.486763344845
4321270,18622.889420070518
4321289,17595.9911452933
4321425,25161.84600002834
4321431,26999.03425793176
4321462,25755.123380289915
4321491,24580.996285355817
4321493,25745.24206027211
4321534,25053.321012189324
4321622,29608.929812242328
4321713,29956.949647536378
4321729,29306.640871729334
4321793,28267.41519641141
4322074,24489.662642149906
4322136,9386.45645140182
4322197,12649.452422206496
4322209,11309.473388171593
4322233,13881.063224633623
4322244,10796.960819276017
4322274,16363.800199533905
4322290,17487.704055751055
4322373,19480.896321149634
4322427,23044.634758999488
4322432,26991.084047559678
4322451,22764.388196134267
4322528,26135.061502556513
4322645,33761.50728739005
4322654,32802.89907898123
4322677,34497.1213256057
4322809,16021.219328047602
4322994,24566.169579955586
4323116,30598.948494249064
4323119,33488.427485683176
4323146,31304.78235284999
4323197,28845.232805004045
4323230,33246.68253319408
4323266,37408.58057962362
4323555,27332.0014341436
4323633,33710.567568247425
4323640,35337.209932043865
4323673,36554.74727185786
4323777,17845.050191431477
4323807,13243.66318971607
4323942,26819.75988025835
4323969,25213.4626438571
4324069,29646.281564523917
4324097,32387.57593946653
4324103,25810.4590570362
4324139,32797.81704526962
4324219,41955.30449457657
4324222,38123.669181009725
4324243,40860.789174559744
4324268,42809.994523368456
4324297,41606.20524537896
4324328,59803.26872680304
4324334,52863.224348597425
4324359,74423.43166109447
4324532,54598.15152126143
4324717,17703.624083689425
4324753,15114.66617340128
4324894,11238.86847752278
4324934,26328.26983869722
4325116,73490.5537416026
4325175,74960.50497871346
4325269,15328.979769493824
4325281,15416.44245728192
4325289,19444.15475989687
4325409,47945.661441577184
4325487,68340.92464584071
4325498,96977.02501744752
4325544,69304.37039174339
4325545,68544.36572365428
4325658,13834.85239575606
4325664,27020.413052825854
4325942,14135.414690674896
4325950,15066.747915682115
4325955,20536.01747179029
4325957,15795.08187670408
4325982,28073.835094150305
4326017,9625.668957155376
4326028,26991.690262034248
4326352,15447.707820918273
4326691,17145.535438139268
4329721,9488.516074979483
4329872,14539.367022914452
4330085,10658.693552925124
4330266,10923.12560169143
4330271,10799.119243180518
4331438,11690.478542747074
4331991,9995.05876847268
4332860,27867.46733592033
4332882,11007.582429471084
4333425,14722.799271118189
4333477,15000.870223088978
4333494,18403.188221179873
4333668,20635.042724398834
4333761,28586.046532133096
4333789,25316.80357697701
4333897,22149.07978885671
4333966,39603.64914988759
4334054,22139.357428598516
4334078,24282.445410003722
4334123,23791.125592162676
4334197,27728.188445738964
4334212,39558.37194415661
4334277,38101.63255904067
4334293,28187.346884021892
4334330,21855.61965529013
4334358,32186.90837216298
4334361,51836.5734002528
4334378,75990.76934262612
4334671,9688.801934628858
4334705,15035.085979488127
4334712,20985.163612928027
4334760,19349.962621735536
4334763,24665.28192505593
4334884,40961.78801752116
4334887,39309.46791248636
4334890,39179.40355910794
4334899,37176.06669370646
4334914,33667.51669557541
4334918,43039.04424170353
4334931,36554.539550755246
4335231,68484.11158327595
4335366,61301.265285838934
4335369,23614.74796990084
4335486,69467.17422871191
4335548,53411.746667460706
4335577,73883.5049077776
4335646,16722.923929432687
4335757,77840.47078775037
4335817,86837.9863602689
4335824,85465.28740261024
4335914,65567.8065223226
4335974,62782.3216305321
4336000,56817.403668864325
4336076,31644.048079502038
4336080,34831.19541567743
4336223,62896.88344925722
4336224,64938.84917217337
4336267,65025.134093853056
4336271,67998.40949871125
4336297,78386.98637700974
4336312,52159.23038512804
4336626,34383.20588949402
4337091,39424.182158807314
4337147,13581.929165805132
4337169,16689.567718138624
4337181,24730.24714693761
4337212,9278.618516599812
4337885,50852.000184973054
4337934,16601.13669859114
4338215,33754.747671285564
4338339,45655.35545667847
4338353,64166.58240019007
4338381,28007.144682442224
4338476,51235.65964433983
4338547,39843.11222274774
4338641,33846.98144279964
4338692,63918.642532697704
4339061,29990.630967887057
4339072,29776.444668342538
4346723,26946.768016916256
4347467,12956.971934183417
4347821,21460.53729761422
4348020,17434.826508524082
4349401,17229.36051507353
4349723,18285.261013224717
4349725,18871.96796212492
4349738,18807.437263726286
4349744,20327.038931111358
4349937,22939.442111510936
4350051,17634.17292319827
4350095,15445.444930771528
4350477,40848.66059380472
4350496,19138.72013653099
4351925,25455.921224981907
4351981,32968.382227802686
4352020,35782.97521976808
4352025,35434.24416932035
4352050,44800.204510074705
4352158,33210.92705325485
4352547,36079.55764075705
4352592,41757.791029566455
4352667,74286.46724830622
4352701,75993.34479595411
4352841,89899.19981708979
4352843,81603.45898944739
4352935,17370.22809998307
4353021,37913.87422472422
4353024,32525.558346267888
4353033,56266.238890818684
4353035,68999.21058784256
4353037,38020.75768596052
4353085,13076.056638038572
4353181,38565.68290078833
4353197,49620.01718375558
4353203,51536.67661270914
4353235,43206.56509933434
4353274,18831.015575339323
4353334,14563.915328339937
4353391,13816.709182526374
4353555,16607.786133917212
4353597,42307.63178186674
4353649,33104.9450356687
4353653,32413.88930604966
4353661,40458.34788144867
4353678,50272.704628337
4353732,68124.5444432075
4353761,64103.28102382762
4353823,23906.955886124433
4353870,21415.982023991975
4353888,22568.892896653255
4354002,37693.876537635246
4354049,30406.064255506266
4354064,57317.14854229461
4354089,21745.49497921101
4354124,17942.264893668333
4354157,17130.786985711766
4354206,48231.7738935368
4354234,36494.3767566305
4354244,43694.79175727607
4354276,53706.014441556385
4354294,51794.91355790112
4354299,46357.42236630939
4354305,54369.66421779791
4354361,21462.077850192043
4354367,22416.719995209616
4354396,24114.901653854286
4354538,23646.236798841397
4354545,25949.962353908384
4354582,30379.59503212134
4354792,10354.352098015239
4355069,30216.314398943156
4355115,22795.619096474544
4355227,37817.26292834556
4355276,26541.702788298888
4355303,28122.18200044483
4355684,19057.278994208446
4355823,45412.96529498386
4355843,40280.19760540452
4356158,12682.425931797015
4356177,12506.212923671961
4356325,40125.42397980524
4356897,22074.85852484119
4356952,18024.742679515803
4357214,15093.253409857634
4357384,45699.62269841161
4357539,16501.150554916323
4357544,36438.2431388741
4357579,9463.85492009581
4357712,78837.33659050081
4357746,72369.5213040395
4357834,43933.96567118126
4357837,38838.70751145617
4357891,18458.94944934305
4358094,30869.061221215197
4358432,23091.1456598695
4358580,61579.931977009495
4358643,60264.27595596183
4358685,33277.97193029444
4358714,24534.944920937673
4358814,34675.98603504804
4359084,36714.938230271924
4359094,48015.538436512026
4359188,28365.839189009865
4359238,31842.22200458852
4359302,26866.479622358223
4359394,36900.42666854587
4359403,26922.427255886367
4359420,32864.00839468532
4359450,37367.164195177
4359451,36779.08292263348
4359454,29819.577601198187
4359510,33693.83451514002
4359514,40709.66210028989
4359516,35242.43624400777
4359580,35419.23740751593
4359616,50337.6532981331
4359629,53205.000170280706
4359657,48319.2236279869
4359690,47116.25208797878
4359742,85188.22091782943
4359749,45478.9289765794
4359754,55967.73500116476
4359775,61610.39916587555
4359806,82603.27794421169
4359807,84207.12169025536
4359840,80072.2195920985
4359883,45558.056882257675
4359981,75700.9152163958
4360197,62669.303972301735
4360236,77498.80618638844
4360243,56694.618563646254
4360292,49764.090712742225
4360293,55894.3649731198
4360442,14597.775899515329
4360555,11440.45324426847
4360695,22668.04448006105
4361013,30112.114093923974
4361116,52931.60105668019
4361175,60672.82629785698
4361182,45810.82893101014
4361184,13444.97999543214
4361196,93595.30323512475
4361267,40965.290126557455
4361293,63062.8922656105
4361534,75258.54828766637
4361571,76766.89439098502
4361848,36456.15488977903
4361862,46814.35398825788
4361956,38837.6554177595
4361965,46866.775374677054
4362041,67703.5030062818
4362045,48070.198730535245
4362048,66796.46357508778
4362190,56190.046237619776
4362205,87871.11933144958
4362217,92401.86642504651
4362277,79970.22964808026
4362278,78849.73917897737
4362309,85802.19065107641
4362310,84123.7993806189
4362386,81202.33623061512
4362466,85377.32642509691
4362678,17009.849993554086
4362679,14195.359316251623
4362703,15610.968361936775
4362714,13754.048377263893
4362886,59992.78493078358
4363186,80892.4440309161
4363510,17251.53533413483
4363541,59307.11175729201
4363543,52416.80219442933
4363568,46204.39322419645
4363586,35218.80109174242
4363753,54279.00824487908
4363763,63288.226348593314
4363796,48298.69769117919
4364195,15562.779569103259
4364227,14613.446217394763
4364835,8705.081080080967
4365045,12813.347483573769
4367006,10118.086552146995
4367029,12272.962383980393
4367116,17552.34156831762
4367133,20734.250546881452
4367154,21698.30692293436
4367228,78220.8936244509
4367319,33243.08319157328
4367373,41301.30689490544
4367376,39155.39529020051
4367390,42921.31770437804
4367481,43051.49342954487
4367482,43186.77536576826
4367498,53265.32734399343
4367510,53379.677273000816
4367532,77670.76508710776
4367629,20073.13425933125
4367654,19671.383760815195
4367656,16397.816232015753
4367668,20667.1495966764
4367679,23080.527618326498
4367686,25568.715268089625
4369044,15055.245636533138
4369133,9475.68393419852
4369340,8596.717250411446
4369342,8847.395692094715
4369348,9173.211990230873
4369389,12062.73087217207
4369422,11820.683846668719
4369435,11236.68535952112
4369440,11594.694219587402
4369442,12071.649197608458
4369444,10745.050185399794
4369466,13166.094976915803
4369496,15598.787758077135
4369506,18026.268555042756
4369557,9219.856630911441
4369562,9643.807997432259
4369574,10011.545730090871
4369591,10678.618967604772
4369605,10855.028924506196
4369612,10123.364983169522
4369652,10213.528823050183
4369684,11012.437518442735
4369689,11690.433705060708
4369694,10612.427110511364
4369709,14231.612661472884
4369745,14961.094066874362
4369792,11823.60418766981
4369796,13509.9185213113
4369851,17747.78924096322
4369857,17590.101925196337
4369880,21762.37416165813
4369899,17627.538236449323
4369900,21231.1954655145
4371334,8679.643007915323
4371356,8402.489464360597
4371357,8702.420109902094
4373097,22552.13663369017
4373108,20211.458911065834
4373133,9973.37339781176
4375261,23895.344468706742
4376639,14090.44671400609
4376658,16259.560212956163
4376704,20054.1147958236
4376708,21000.742475270417
4376732,20457.789015916092
4377756,11473.457871068476
4379922,18725.481455939775
4379929,19607.226028463436
4380190,51274.07263548477
4380624,10225.348695959909
4380628,10478.947218066687
4380658,10759.82049859047
4381248,17057.631689492362
4381672,37824.50462280709
4383318,29947.02866688797
4383327,16395.657042495008
4383346,18927.877441424414
4383368,25639.56616028195
4383386,22313.875664138428
4383428,19524.097356539252
4383432,19728.261305226744
4385693,10877.73906211164
4385703,31123.542033319336
4386387,12891.838102591759
4386725,12631.810537127709
4386744,12912.08270695315
4386762,11660.096144182751
4386776,10918.85820723458
4386786,11145.774696552176
4388101,63277.49840273164
4388133,42535.180875966864
4388164,67298.23506998559
4388265,72054.29253410484
4388423,17942.819863736746
4388461,18802.040453377034
4388508,21368.867584300417
4388543,32805.29647909412
4388553,27560.65338649364
4388613,19024.374011076052
4388665,18461.862207386654
4388722,24652.740864425934
4388756,16943.624777596917
4388761,17046.238964556545
4388877,27589.119884380823
4390034,79398.81538295705
4390163,24291.745610056052
4390427,13485.955117594962
4392728,38291.24923108689
4392772,56526.78078425115
4392931,46918.16622117931
4392963,35188.56670832602
4392994,61088.02277895903
4392997,52549.47629705519
4393046,63640.978028500336
4393117,56514.51047302346
4393145,66439.59189313297
4393171,64334.56438196797
4393196,56064.76825131706
4393200,53382.17532768798
4393248,76137.80645382886
4393304,30709.05413143737
4393452,64103.7450135335
4393457,62169.89370400639
4393460,80975.53442447593
4393800,71509.98811505387
4393946,60355.289461968474
4393987,90997.63386622506
4393994,83857.03074794613
4394036,24713.08223892034
4394176,85180.52477013554
4394315,68204.02790816709
4394367,27328.63232751618
4394392,80352.10076283352
4394410,66536.86229265697
4394727,41749.24265974439
4394846,24630.36673734325
4394848,23491.19465194146
4394852,25420.20379557326
4394903,38306.389932156744
4394984,60138.7305200363
4395328,32594.929600813903
4395541,28017.844171510398
4395600,25174.169826629168
4395613,25941.654849705024
4395680,63290.0503411685
4395711,69304.70590242799
4395713,84763.36485313838
4395777,20370.413015910883
4396130,13268.248383532547
4398322,11819.267504673511
4408122,10936.223153463352
4408163,8717.808027733528
4408220,9524.688413097967
4408299,9632.421301274328
4408324,11037.866381837208
4408366,10907.848403017895
4408419,10941.947726165332
4408441,10181.612337319946
4408467,14037.625763580621
4408510,13799.064547331756
4408518,11360.00320123474
4408541,12507.601425365952
4408572,10047.209329330359
4408620,12556.350465143309
4408634,14552.13239244605
4408651,17197.112930734587
4408675,16378.235488276707
4408798,16942.66293261745
4408833,19250.823184097233
4408838,21060.737295486135
4408903,23427.53395622926
4408974,30734.572845744664
4409667,10335.018832605367
4409843,13146.11915228031
4409954,10384.372219722074
4413451,14652.268457088005
4414898,10671.822170573638
4414940,8890.976910208883
4414947,8701.316568472383
4414949,8341.13594208015
6256750,11644.951419262068
6256829,29143.854781019425
6257041,19793.866782928784
6257058,18930.671592947318
6257062,21916.70749290894
6257086,30593.901283736555
6257163,77634.52889436719
6259300,15124.924992671326
6260156,11949.190376199089
6260537,93293.43128162833
6260547,101797.79488707877
6260600,28204.103529999204
6260601,24697.84794332008
6260956,58846.05184281788
6260957,58042.611819280464
6260964,67470.43695681196
6260980,66004.40397857502
6260987,31869.491787358616
6262026,41315.48174554208
6262044,51010.4282194962
6262052,57295.3187150384
6262114,69847.3408048846
6262248,21697.48974539408
6262379,19214.006460819244
6262389,16199.181198008859
6262397,87533.23755604081
6262398,89482.68750920259
6262417,89495.32347435055
6262427,88984.39993200339
6262430,89480.60751594239
6262467,93146.39596988166
6262880,30566.58278927847
6262891,33638.46426584647
6262907,29643.217391574213
6263208,42276.74761352657
6263301,26193.87923926188
6263499,30282.1914496902
6263520,40293.28049606356
6263558,18878.62671116946
6264064,12019.05901440436
6264130,45374.58377013459
6264178,13646.538897053091
6264562,56413.65002309604
6264579,52208.3075407626
6264680,86535.8597253747
6264685,77011.57648377675
6264691,88826.9778337439
6264701,96857.04632635914
6264713,97997.49058396759
6265140,22060.568202091334
6265141,18893.31704004214
6265156,22407.70305841594
6265169,89826.24224746203
6265447,83528.01235813697
6265807,47830.31322627309
6265809,41635.835763620235
6265814,39706.44015237199
6265829,41109.74059171282
6266042,52113.43365886583
6266076,43415.57944900239
6266098,36251.7485363556
6266206,43524.16616315813
6266253,28752.715933131207
6266254,35026.01898825478
6266279,33688.812271366354
6266305,53540.44922439887
6266325,59106.379070256415
6266335,31966.977643234597
6266901,38466.0707708933
6266922,41504.38580268785
6266937,41083.60303685977
6266941,43315.350219173866
6267004,50847.01406321299
6267005,48778.262609992
6267011,55206.32907371774
6267016,55530.55641949583
6267253,20488.09541192825
6267618,24219.680216264453
6267630,25316.41446220327
6267808,40700.57878044601
6267813,49786.34806189104
6267834,43376.286742963064
6267842,49554.97677679854
6267861,48804.38570686026
6267871,59011.43419957355
6267874,47375.014922566006
6267901,54035.277674945806
6267919,56412.45134753726
6267952,56380.903694573375
6267976,43116.518645141114
6268021,29566.6469255231
6268113,16860.52677503221
6268504,27777.037738129664
6268521,28364.23774292871
6268556,29327.749087709675
6268561,29995.938155514195
6268698,17900.392333111955
6269053,23915.814518677485
6269324,22661.284472441697
6269332,25745.54532788763
6269353,27312.71291082586
6269355,30452.104678223306
6269357,31719.415548507168
6269368,44970.62520144316
6269420,9404.043374141494
6269695,41752.66226852483
6269853,29674.33247385331
6269856,30378.813208192183
6269859,33843.09739131585
6269984,29991.60044585903
6270126,37882.63676334924
6270302,13036.843256825683
6270519,42714.99822254539
6270522,38777.558076307185
6270523,39985.348061380624
6270538,44767.21780497552
6270683,62035.37599949807
6270687,70700.6729523717
6270750,8805.727128146387
6270953,40807.03838023029
6270996,88241.96767751916
6271026,95408.48438661442
6271143,13000.212243194153
6271148,49996.84466935042
6271187,42621.24198227911
6271202,29818.535493994863
6271223,31996.64678733938
6271242,32500.75009743477
6271320,20939.194125428676
6271541,15332.063415318977
6271577,66091.80662628377
6271678,10948.878928158692
6271919,92421.59815339714
6271923,82308.40644065377
6272066,97330.94998051345
6272271,66440.62325487207
6272278,69602.84279097288
6272285,56402.391319799965
6272291,72855.08923410538
6272292,72525.88422548433
6272327,83223.07535613503
6272334,80892.27492443167
6272633,124861.42861592345
6272637,121289.31870606288
6272642,109946.76392042979
6272648,58959.07880532658
6272657,70520.37013497116
6272680,65059.896248092344
6272683,66792.21467271625
6272731,87227.85931803216
6272737,89359.96135337923
6272774,117587.54359830784
6273012,89211.86626113435
6273205,80785.77042103464
6273213,83016.47353782429
6273685,76346.60485605514
6273792,26456.114004207055
6273899,77760.85309528778
6273901,73508.03882800246
6273902,76014.90041887901
6273911,91207.46370143481
6273913,81853.2457445546
6274057,84399.18031735282
6274237,79938.65627925485
6274276,36215.22807288132
6274375,87102.35712470357
6274380,57601.8371647625
6274462,20591.79447137307
6274645,105114.94745321134
6274668,89826.73688465514
6274681,13619.805775672177
6274708,47467.4091841007
6274742,117849.26862336177
6274796,132126.08965751107
6274937,49031.57839277174
6274938,48969.677607412676
6274971,51366.068639580386
6274977,52432.722245701654
6274980,48165.04987065207
6274981,53345.1933493269
6274994,55790.954603227736
6274995,54115.80480306783
6274996,54849.766805083666
6275008,74158.06559711357
6275017,68063.14821084938
6275023,65082.527685909234
6275242,60748.5412706614
6275286,68777.69226448033
6275354,84365.02426348951
6275362,97624.80881150544
6275617,18274.345055952846
6275618,19259.628681503134
6275844,81782.67306122287
6275902,85724.81294950537
6275916,90883.05769957583
6275943,94872.76705530217
6275946,94872.76705530217
6275976,14891.38930539197
6275992,17588.273644566107
6276054,20970.72332198933
6276180,86310.14962259519
6276203,83705.9911796146
6276370,64500.96096175148
6276708,90937.9266193908
6276790,27594.879022157304
6276865,14460.507433110244
6276867,15651.283536390116
6277071,67366.98060735273
6277311,24250.41867976693
6277319,30043.705882663526
6277444,61616.098363492
6277598,88979.76327969863
6277776,10621.095150437284
6277792,12015.118298517396
6277947,34425.26677257349
6277955,36108.54911665533
6277966,44275.75882068631
6278716,90967.47470604058
6279032,19716.13132625328
6279034,19716.13132625328
6279114,66248.8012492525
6279125,73617.03274519967
6279137,72381.65282171947
6279162,84115.2783695831
6279177,79195.8770352378
6279184,78723.52014846382
6279214,82697.05487330894
6279230,56890.25414033919
6279245,81687.05630568243
6279306,50247.99769963781
6279323,54212.05277717361
6279880,68196.70306976464
6279888,69052.29755199334
6279895,66472.32130756648
6280966,82837.84214493858
6281082,104206.6047500797
6281084,85836.40877479276
6281247,31327.94164824033
6281280,41934.35698367162
6281321,22516.594401647686
6281326,20755.94070018704
6281338,19087.727838646093
6281344,53796.651863305975
6281345,72887.09818940252
6281402,15839.6693849761
6282301,15552.4366855874
6282336,11342.273044012423
6282344,31644.8217003668
6282624,17277.93069668051
6282802,40595.50838312508
6282829,11433.504016149423
6282848,58502.27394943888
6282854,20465.021383164058
6282874,9931.101774028652
6282950,13843.415940477622
6282965,58324.95680080691
6283163,21215.979557221068
6283366,27022.33489102768
6283482,48362.794344507936
6283505,12452.767810025463
6284114,11205.269427954861
6284123,23287.368659185297
6284124,20777.017351863644
6284158,13431.818313961
6284170,13428.377396448877
6284178,19107.98817536168
6284259,17528.517180601182
6284274,31408.52223856162
6284287,47268.83177891073
6284290,56195.45648882775
6284333,58294.464624489454
6284468,27209.479457304744
6284472,31172.508911244782
6284544,11222.535664240299
6284553,10094.41961901652
6284555,12734.99364262406
6284583,9975.162910722529
6284605,41528.90620325656
6284616,12353.474066388344
6284625,13687.260573583522
6284640,15764.517408523194
6284689,21313.254216640486
6284724,27765.919346694267
6284731,29746.641448317096
6284741,35006.244311710405
6284774,48584.27676437504
6284777,54902.74400404614
6284789,47229.78781276551
6284795,47206.38608150141
6284809,53292.01653154269
6284816,54531.502429934895
6284824,13473.015024286018
6284832,43899.58474981578
6284852,49393.85451603507
6284868,54477.874769111244
6284872,53808.827308078005
6284873,58502.71859835985
6284881,53699.28119900958
6284903,65156.37731842367
6284986,41263.411192413056
6285069,94156.98658668032
6285124,60969.976063649614
6285135,62340.00804826427
6285158,90359.72175749787
6285202,46428.65093680454
6285217,59383.81081543365
6285319,13669.164328690396
6285326,14631.296129382632
6285352,15306.528376593571
6285457,38975.99804698568
6285679,36080.29663277231
6288398,54081.310433618244
6288507,12125.643519924408
6289840,12556.21694696636
6290296,10081.76805407521
6291601,15720.77059017079
6291638,20491.17707751891
6291741,27527.215773677002
6291759,13335.179927457248
6291778,21965.073800815466
6291843,26253.187534443576
6291901,16728.031088489413
6291921,21728.959702394874
6291946,37238.86027095936
6291974,24060.25772412365
6291983,24074.626209928152
6291989,24662.058777301958
6292008,24013.5776428555
6292014,22927.55674080184
6292065,36030.55860399022
6292083,35309.06912609368
6292218,11451.122327222081
6292330,39374.60941387754
6292733,54330.10745911602
6292736,56997.26977715509
6292737,70461.69858063952
6292887,64679.04872690009
6292894,57846.87921336517
6292896,64009.62191367701
6292900,65821.01270645885
6292904,67475.91130349967
6293037,69747.99714339917
6293073,31830.152880618778
6293111,53743.71964564493
6293171,15814.637327313863
6293202,16603.605585742924
6293461,14955.172029495707
6293568,21450.577669709717
6294571,39910.62200623863
6294602,20375.458694346853
6294635,20092.5668745897
6294638,36270.29564024645
6295061,17693.113400944458
6295265,36751.86165372453
6296962,27551.731563645753
6297455,14054.080343353991
6298644,27615.83992191663
6299141,24366.720486777445
6299359,34556.23923764231
6299364,68146.91669304449
6299390,41016.974104726374
6299526,41452.76958108873
6299657,26022.675069981
6299752,22206.234322875236
6300218,48262.51629756857
6300239,37073.660025288475
6300259,57593.12702420283
6300285,71956.5911104421
6300287,83891.02709117469
6300322,23610.12014436086
6300329,50132.726496329706
6300330,25245.78326574971
6300353,29233.79660947309
6300357,29624.273209612154
6300362,29943.01019490158
6300363,26038.859701706217
6300421,35935.082249013205
6300527,18795.819865785284
6300624,20324.12309552322
6300653,45512.32658096907
6300658,45910.992276111356
6300664,46409.99067202587
6300668,54292.016209906134
6300696,52730.4323642963
6300700,55067.94741288407
6300710,53310.96325090915
6300716,63839.023100710016
6300723,64935.79318167819
6300751,39663.99396705016
6301030,26295.25833472503
6301150,55653.578153960385
6301221,11213.605289633968
6301281,29025.30886035389
6301304,19188.118141329705
6301343,38565.142636725366
6301485,33715.82711055896
6301494,18958.583489629716
6301740,29991.253129467143
6301769,30335.50601494165
6301784,15845.218300245717
6302031,40594.11613996484
6302058,13474.193812113595
6302075,48916.113440373876
6302264,12023.441321379629
6302304,18807.013399523727
6302371,21030.990067638362
6302986,16578.341271749247
6303317,11243.143520958853
6303350,23763.21076997374
6303438,10979.266220292482
6303454,32234.203303376675
6303555,26498.274318658998
6303634,16047.787471235424
6303806,21323.662779604278
6304214,22042.687597081047
6304333,29043.032640465037
6304349,22407.80049880793
6304453,40297.86610522718
6304458,42823.81475711064
6304492,37834.459360846995
6304508,38222.87866722072
6304529,28236.266365696985
6304543,36879.95366282049
6304556,44406.18833263374
6304571,33571.4410197931
6304577,34406.7329523731
6304590,35890.61265554908
6304593,44688.66066222578
6304605,48165.88229925467
6304607,44661.77014715475
6304655,37856.04555211094
6304662,72346.36117479355
6304697,63481.283335908534
6304745,77473.2148597458
6304840,49363.519820108006
6304919,78547.28996152722
6305337,22681.371489189685
6305550,20365.66345134109
6305599,14232.533736151985
6305660,54192.848660002375
6305679,48288.56867440444
6305891,82543.20891497713
6305937,31230.74936626362
6305990,31342.51213959047
6305994,47497.42830968375
6305996,42601.20156992109
6306020,69495.05268164714
6306026,61097.558669018246
6306062,55710.11990274644
6306076,79778.53341035904
6306087,82107.3920538555
6306097,83701.01783564649
6306114,50287.25361614297
6306131,57139.571159115265
6306132,81117.86990708193
6306209,16837.89720010788
6306368,83622.8989393609
6306372,86490.38015964445
6307786,39511.420436841065
6308334,11285.024386615303
6308382,14413.295089306244
6308992,11232.470732313437
6309140,14737.24764320306
6309882,8777.843007296697
6309920,12058.946909691656
6309921,12314.168218979858
6309946,19177.789512824602
6309969,10468.538908588984
6310050,13754.511477465732
6310091,13559.931065774796
6310100,13730.31368530066
6310106,15292.95979622996
6312553,14561.07535688785
6312554,13741.448120018089
6312571,21932.91793376118
6312591,26033.697918634567
6313016,19258.673065672494
6313253,11074.858620331997
6315175,34444.66078531366
6315200,30442.56143999928
6315220,30299.727342130227
6315378,80901.17301088035
6315539,25035.739489055017
6315758,23447.27878633425
6316177,24245.44998308483
6317767,50658.84339278162
6317768,52154.60717629342
6318363,23462.23420005601
6318536,19751.255876010153
6319717,61642.02511723546
6319728,47784.997710704556
6319776,38082.995731590294
6319810,50680.859663826544
6319821,33307.76148387132
6319827,61233.417668423506
6319844,62428.605973617494
6319846,54199.473661289725
6319876,37081.57832218354
6319889,75890.83883306257
6319911,73111.66274747423
6319918,66311.98812477784
6319933,77795.98206606801
6319945,23980.952704308213
6331925,16492.762219940865
6332516,10787.840084383957
6333243,9524.83351433844
6333267,13120.485066373536
6333269,12941.205589009507
6333271,12548.59538426222
6333274,11578.628933200807
6333290,9013.785810495616
6333296,9535.244908021627
6333344,10250.675658135026
6333356,11202.755043693205
6333364,11857.179264497317
6333397,13451.462991931134
